[0.188s] Invoking command in '/home/luca/topic-highlight/exam_ws/build/pal_gazebo_worlds': CMAKE_PREFIX_PATH=/opt/ros/humble /usr/bin/cmake /home/luca/topic-highlight/exam_ws/src/pal_gazebo_worlds -DCMAKE_INSTALL_PREFIX=/home/luca/topic-highlight/exam_ws/install/pal_gazebo_worlds
[0.483s] -- The C compiler identification is GNU 11.4.0
[0.485s] -- The CXX compiler identification is GNU 11.4.0
[0.485s] -- Detecting C compiler ABI info
[0.485s] -- Detecting C compiler ABI info - done
[0.485s] -- Check for working C compiler: /usr/bin/cc - skipped
[0.486s] -- Detecting C compile features
[0.486s] -- Detecting C compile features - done
[0.486s] -- Detecting CXX compiler ABI info
[0.486s] -- Detecting CXX compiler ABI info - done
[0.486s] -- Check for working CXX compiler: /usr/bin/c++ - skipped
[0.486s] -- Detecting CXX compile features
[0.486s] -- Detecting CXX compile features - done
[0.486s] -- Found ament_cmake_auto: 1.3.11 (/opt/ros/humble/share/ament_cmake_auto/cmake)
[0.958s] -- Found Python3: /usr/bin/python3 (found version "3.10.12") found components: Interpreter 
[1.099s] -- Found ament_lint_auto: 0.12.11 (/opt/ros/humble/share/ament_lint_auto/cmake)
[1.194s] -- Added test 'copyright' to check source files copyright and LICENSE
[1.268s] -- Added test 'flake8' to check Python code syntax and style conventions
[1.272s] -- Added test 'lint_cmake' to check CMake code style
[1.275s] -- Added test 'pep257' to check Python code against some of the docstring style conventions in PEP 257
[1.295s] -- Added test 'xmllint' to check XML markup files
[1.297s] -- Configuring done
[1.298s] -- Generating done
[1.298s] -- Build files have been written to: /home/luca/topic-highlight/exam_ws/build/pal_gazebo_worlds
[1.331s] Invoked command in '/home/luca/topic-highlight/exam_ws/build/pal_gazebo_worlds' returned '0': CMAKE_PREFIX_PATH=/opt/ros/humble /usr/bin/cmake /home/luca/topic-highlight/exam_ws/src/pal_gazebo_worlds -DCMAKE_INSTALL_PREFIX=/home/luca/topic-highlight/exam_ws/install/pal_gazebo_worlds
[1.332s] Invoking command in '/home/luca/topic-highlight/exam_ws/build/pal_gazebo_worlds': CMAKE_PREFIX_PATH=/opt/ros/humble /usr/bin/cmake --build /home/luca/topic-highlight/exam_ws/build/pal_gazebo_worlds -- -j20 -l20
[1.369s] Invoked command in '/home/luca/topic-highlight/exam_ws/build/pal_gazebo_worlds' returned '0': CMAKE_PREFIX_PATH=/opt/ros/humble /usr/bin/cmake --build /home/luca/topic-highlight/exam_ws/build/pal_gazebo_worlds -- -j20 -l20
[1.371s] Invoking command in '/home/luca/topic-highlight/exam_ws/build/pal_gazebo_worlds': CMAKE_PREFIX_PATH=/opt/ros/humble /usr/bin/cmake --install /home/luca/topic-highlight/exam_ws/build/pal_gazebo_worlds
[1.377s] -- Install configuration: ""
[1.378s] -- Installing: /home/luca/topic-highlight/exam_ws/install/pal_gazebo_worlds/share/pal_gazebo_worlds/config
[1.378s] -- Installing: /home/luca/topic-highlight/exam_ws/install/pal_gazebo_worlds/share/pal_gazebo_worlds/config/gazebo_params.yaml
[1.378s] -- Installing: /home/luca/topic-highlight/exam_ws/install/pal_gazebo_worlds/share/pal_gazebo_worlds/launch
[1.378s] -- Installing: /home/luca/topic-highlight/exam_ws/install/pal_gazebo_worlds/share/pal_gazebo_worlds/launch/pal_gazebo.launch.py
[1.378s] -- Installing: /home/luca/topic-highlight/exam_ws/install/pal_gazebo_worlds/share/pal_gazebo_worlds/launch/pal_gazebo_exam.launch.py
[1.379s] -- Installing: /home/luca/topic-highlight/exam_ws/install/pal_gazebo_worlds/share/pal_gazebo_worlds/models
[1.379s] -- Installing: /home/luca/topic-highlight/exam_ws/install/pal_gazebo_worlds/share/pal_gazebo_worlds/models/reemc_table
[1.379s] -- Installing: /home/luca/topic-highlight/exam_ws/install/pal_gazebo_worlds/share/pal_gazebo_worlds/models/reemc_table/model.config
[1.379s] -- Installing: /home/luca/topic-highlight/exam_ws/install/pal_gazebo_worlds/share/pal_gazebo_worlds/models/reemc_table/table.sdf
[1.379s] -- Installing: /home/luca/topic-highlight/exam_ws/install/pal_gazebo_worlds/share/pal_gazebo_worlds/models/macrolink_table
[1.379s] -- Installing: /home/luca/topic-highlight/exam_ws/install/pal_gazebo_worlds/share/pal_gazebo_worlds/models/macrolink_table/model.config
[1.380s] -- Installing: /home/luca/topic-highlight/exam_ws/install/pal_gazebo_worlds/share/pal_gazebo_worlds/models/macrolink_table/table.sdf
[1.380s] -- Installing: /home/luca/topic-highlight/exam_ws/install/pal_gazebo_worlds/share/pal_gazebo_worlds/models/env_exam_cylinder1
[1.380s] -- Installing: /home/luca/topic-highlight/exam_ws/install/pal_gazebo_worlds/share/pal_gazebo_worlds/models/env_exam_cylinder1/env_exam_cylinder1.sdf
[1.380s] -- Installing: /home/luca/topic-highlight/exam_ws/install/pal_gazebo_worlds/share/pal_gazebo_worlds/models/env_exam_cylinder1/model.config
[1.381s] -- Installing: /home/luca/topic-highlight/exam_ws/install/pal_gazebo_worlds/share/pal_gazebo_worlds/models/hospital_map
[1.381s] -- Installing: /home/luca/topic-highlight/exam_ws/install/pal_gazebo_worlds/share/pal_gazebo_worlds/models/hospital_map/meshes
[1.381s] -- Installing: /home/luca/topic-highlight/exam_ws/install/pal_gazebo_worlds/share/pal_gazebo_worlds/models/hospital_map/meshes/w3.stl
[1.381s] -- Installing: /home/luca/topic-highlight/exam_ws/install/pal_gazebo_worlds/share/pal_gazebo_worlds/models/hospital_map/meshes/w4.stl
[1.382s] -- Installing: /home/luca/topic-highlight/exam_ws/install/pal_gazebo_worlds/share/pal_gazebo_worlds/models/hospital_map/meshes/w7.stl
[1.382s] -- Installing: /home/luca/topic-highlight/exam_ws/install/pal_gazebo_worlds/share/pal_gazebo_worlds/models/hospital_map/meshes/wr1.stl
[1.382s] -- Installing: /home/luca/topic-highlight/exam_ws/install/pal_gazebo_worlds/share/pal_gazebo_worlds/models/hospital_map/meshes/g1.stl
[1.383s] -- Installing: /home/luca/topic-highlight/exam_ws/install/pal_gazebo_worlds/share/pal_gazebo_worlds/models/hospital_map/meshes/g4.stl
[1.383s] -- Installing: /home/luca/topic-highlight/exam_ws/install/pal_gazebo_worlds/share/pal_gazebo_worlds/models/hospital_map/meshes/g2.stl
[1.383s] -- Installing: /home/luca/topic-highlight/exam_ws/install/pal_gazebo_worlds/share/pal_gazebo_worlds/models/hospital_map/meshes/hospital_map.stl
[1.384s] -- Installing: /home/luca/topic-highlight/exam_ws/install/pal_gazebo_worlds/share/pal_gazebo_worlds/models/hospital_map/meshes/g5.stl
[1.385s] -- Installing: /home/luca/topic-highlight/exam_ws/install/pal_gazebo_worlds/share/pal_gazebo_worlds/models/hospital_map/meshes/g6.stl
[1.385s] -- Installing: /home/luca/topic-highlight/exam_ws/install/pal_gazebo_worlds/share/pal_gazebo_worlds/models/hospital_map/meshes/wr6.stl
[1.385s] -- Installing: /home/luca/topic-highlight/exam_ws/install/pal_gazebo_worlds/share/pal_gazebo_worlds/models/hospital_map/meshes/wr2.stl
[1.386s] -- Installing: /home/luca/topic-highlight/exam_ws/install/pal_gazebo_worlds/share/pal_gazebo_worlds/models/hospital_map/meshes/gr4.stl
[1.386s] -- Installing: /home/luca/topic-highlight/exam_ws/install/pal_gazebo_worlds/share/pal_gazebo_worlds/models/hospital_map/meshes/gr3.stl
[1.386s] -- Installing: /home/luca/topic-highlight/exam_ws/install/pal_gazebo_worlds/share/pal_gazebo_worlds/models/hospital_map/meshes/w5.stl
[1.387s] -- Installing: /home/luca/topic-highlight/exam_ws/install/pal_gazebo_worlds/share/pal_gazebo_worlds/models/hospital_map/meshes/gr1.stl
[1.387s] -- Installing: /home/luca/topic-highlight/exam_ws/install/pal_gazebo_worlds/share/pal_gazebo_worlds/models/hospital_map/meshes/wr5.stl
[1.387s] -- Installing: /home/luca/topic-highlight/exam_ws/install/pal_gazebo_worlds/share/pal_gazebo_worlds/models/hospital_map/meshes/wr4.stl
[1.388s] -- Installing: /home/luca/topic-highlight/exam_ws/install/pal_gazebo_worlds/share/pal_gazebo_worlds/models/hospital_map/meshes/w2.stl
[1.388s] -- Installing: /home/luca/topic-highlight/exam_ws/install/pal_gazebo_worlds/share/pal_gazebo_worlds/models/hospital_map/meshes/g7.stl
[1.388s] -- Installing: /home/luca/topic-highlight/exam_ws/install/pal_gazebo_worlds/share/pal_gazebo_worlds/models/hospital_map/meshes/w6.stl
[1.389s] -- Installing: /home/luca/topic-highlight/exam_ws/install/pal_gazebo_worlds/share/pal_gazebo_worlds/models/hospital_map/meshes/g3.stl
[1.389s] -- Installing: /home/luca/topic-highlight/exam_ws/install/pal_gazebo_worlds/share/pal_gazebo_worlds/models/hospital_map/meshes/gr6.stl
[1.389s] -- Installing: /home/luca/topic-highlight/exam_ws/install/pal_gazebo_worlds/share/pal_gazebo_worlds/models/hospital_map/meshes/gr5.stl
[1.390s] -- Installing: /home/luca/topic-highlight/exam_ws/install/pal_gazebo_worlds/share/pal_gazebo_worlds/models/hospital_map/meshes/gr2.stl
[1.390s] -- Installing: /home/luca/topic-highlight/exam_ws/install/pal_gazebo_worlds/share/pal_gazebo_worlds/models/hospital_map/meshes/w1.stl
[1.390s] -- Installing: /home/luca/topic-highlight/exam_ws/install/pal_gazebo_worlds/share/pal_gazebo_worlds/models/hospital_map/meshes/wr3.stl
[1.391s] -- Installing: /home/luca/topic-highlight/exam_ws/install/pal_gazebo_worlds/share/pal_gazebo_worlds/models/hospital_map/model.config
[1.392s] -- Installing: /home/luca/topic-highlight/exam_ws/install/pal_gazebo_worlds/share/pal_gazebo_worlds/models/hospital_map/hospital_map.sdf
[1.392s] -- Installing: /home/luca/topic-highlight/exam_ws/install/pal_gazebo_worlds/share/pal_gazebo_worlds/models/citizen_extras_female_02
[1.392s] -- Installing: /home/luca/topic-highlight/exam_ws/install/pal_gazebo_worlds/share/pal_gazebo_worlds/models/citizen_extras_female_02/images
[1.392s] -- Installing: /home/luca/topic-highlight/exam_ws/install/pal_gazebo_worlds/share/pal_gazebo_worlds/models/citizen_extras_female_02/images/_01_-_Default1noCulling.JPG
[1.393s] -- Installing: /home/luca/topic-highlight/exam_ws/install/pal_gazebo_worlds/share/pal_gazebo_worlds/models/citizen_extras_female_02/images/_02_-_Default1noCulling.JPG
[1.393s] -- Installing: /home/luca/topic-highlight/exam_ws/install/pal_gazebo_worlds/share/pal_gazebo_worlds/models/citizen_extras_female_02/images/_03_-_Default1noCulling.JPG
[1.393s] -- Installing: /home/luca/topic-highlight/exam_ws/install/pal_gazebo_worlds/share/pal_gazebo_worlds/models/citizen_extras_female_02/model.sdf
[1.394s] -- Installing: /home/luca/topic-highlight/exam_ws/install/pal_gazebo_worlds/share/pal_gazebo_worlds/models/citizen_extras_female_02/meshes
[1.394s] -- Installing: /home/luca/topic-highlight/exam_ws/install/pal_gazebo_worlds/share/pal_gazebo_worlds/models/citizen_extras_female_02/meshes/mesh.dae
[1.395s] -- Installing: /home/luca/topic-highlight/exam_ws/install/pal_gazebo_worlds/share/pal_gazebo_worlds/models/citizen_extras_female_02/model.config
[1.395s] -- Installing: /home/luca/topic-highlight/exam_ws/install/pal_gazebo_worlds/share/pal_gazebo_worlds/models/sofa
[1.396s] -- Installing: /home/luca/topic-highlight/exam_ws/install/pal_gazebo_worlds/share/pal_gazebo_worlds/models/sofa/meshes
[1.396s] -- Installing: /home/luca/topic-highlight/exam_ws/install/pal_gazebo_worlds/share/pal_gazebo_worlds/models/sofa/meshes/sofa.stl
[1.396s] -- Installing: /home/luca/topic-highlight/exam_ws/install/pal_gazebo_worlds/share/pal_gazebo_worlds/models/sofa/model.config
[1.396s] -- Installing: /home/luca/topic-highlight/exam_ws/install/pal_gazebo_worlds/share/pal_gazebo_worlds/models/sofa/sofa.sdf
[1.396s] -- Installing: /home/luca/topic-highlight/exam_ws/install/pal_gazebo_worlds/share/pal_gazebo_worlds/models/reemc_bookshelf
[1.396s] -- Installing: /home/luca/topic-highlight/exam_ws/install/pal_gazebo_worlds/share/pal_gazebo_worlds/models/reemc_bookshelf/model.config
[1.397s] -- Installing: /home/luca/topic-highlight/exam_ws/install/pal_gazebo_worlds/share/pal_gazebo_worlds/models/reemc_bookshelf/bookshelf.sdf
[1.397s] -- Installing: /home/luca/topic-highlight/exam_ws/install/pal_gazebo_worlds/share/pal_gazebo_worlds/models/ikea_ektorp_chair
[1.397s] -- Installing: /home/luca/topic-highlight/exam_ws/install/pal_gazebo_worlds/share/pal_gazebo_worlds/models/ikea_ektorp_chair/model.sdf
[1.397s] -- Installing: /home/luca/topic-highlight/exam_ws/install/pal_gazebo_worlds/share/pal_gazebo_worlds/models/ikea_ektorp_chair/meshes
[1.397s] -- Installing: /home/luca/topic-highlight/exam_ws/install/pal_gazebo_worlds/share/pal_gazebo_worlds/models/ikea_ektorp_chair/meshes/IKE06001.JPG
[1.397s] -- Installing: /home/luca/topic-highlight/exam_ws/install/pal_gazebo_worlds/share/pal_gazebo_worlds/models/ikea_ektorp_chair/meshes/mesh.dae
[1.399s] -- Installing: /home/luca/topic-highlight/exam_ws/install/pal_gazebo_worlds/share/pal_gazebo_worlds/models/ikea_ektorp_chair/model.config
[1.399s] -- Installing: /home/luca/topic-highlight/exam_ws/install/pal_gazebo_worlds/share/pal_gazebo_worlds/models/sink_furniture
[1.400s] -- Installing: /home/luca/topic-highlight/exam_ws/install/pal_gazebo_worlds/share/pal_gazebo_worlds/models/sink_furniture/model.sdf
[1.400s] -- Installing: /home/luca/topic-highlight/exam_ws/install/pal_gazebo_worlds/share/pal_gazebo_worlds/models/sink_furniture/meshes
[1.400s] -- Installing: /home/luca/topic-highlight/exam_ws/install/pal_gazebo_worlds/share/pal_gazebo_worlds/models/sink_furniture/meshes/kitchen_only_cajon_1.mtl
[1.400s] -- Installing: /home/luca/topic-highlight/exam_ws/install/pal_gazebo_worlds/share/pal_gazebo_worlds/models/sink_furniture/meshes/kitchen_only_cubiertos_lavavajillas.mtl
[1.400s] -- Installing: /home/luca/topic-highlight/exam_ws/install/pal_gazebo_worlds/share/pal_gazebo_worlds/models/sink_furniture/meshes/kitchen_only_parte_de_abajo_lavavajillas.obj
[1.402s] -- Installing: /home/luca/topic-highlight/exam_ws/install/pal_gazebo_worlds/share/pal_gazebo_worlds/models/sink_furniture/meshes/TexturesCom_Wood_GluLamBeam_header.jpg
[1.405s] -- Installing: /home/luca/topic-highlight/exam_ws/install/pal_gazebo_worlds/share/pal_gazebo_worlds/models/sink_furniture/meshes/kitchen_only_parte_de_abajo_lavavajillas.mtl
[1.405s] -- Installing: /home/luca/topic-highlight/exam_ws/install/pal_gazebo_worlds/share/pal_gazebo_worlds/models/sink_furniture/meshes/kitchen_only_cajon_grande.obj
[1.406s] -- Installing: /home/luca/topic-highlight/exam_ws/install/pal_gazebo_worlds/share/pal_gazebo_worlds/models/sink_furniture/meshes/kitchen_only_cajon_1.obj
[1.406s] -- Installing: /home/luca/topic-highlight/exam_ws/install/pal_gazebo_worlds/share/pal_gazebo_worlds/models/sink_furniture/meshes/kitchen_only_armario_lavamanos.mtl
[1.406s] -- Installing: /home/luca/topic-highlight/exam_ws/install/pal_gazebo_worlds/share/pal_gazebo_worlds/models/sink_furniture/meshes/kitchen_only_lavadora.mtl
[1.407s] -- Installing: /home/luca/topic-highlight/exam_ws/install/pal_gazebo_worlds/share/pal_gazebo_worlds/models/sink_furniture/meshes/kitchen_only_parte_de_arriba_lavavajillas.obj
[1.407s] -- Installing: /home/luca/topic-highlight/exam_ws/install/pal_gazebo_worlds/share/pal_gazebo_worlds/models/sink_furniture/meshes/kitchen_only_lavadora.obj
[1.408s] -- Installing: /home/luca/topic-highlight/exam_ws/install/pal_gazebo_worlds/share/pal_gazebo_worlds/models/sink_furniture/meshes/kitchen_only_cubiertos_lavavajillas.obj
[1.409s] -- Installing: /home/luca/topic-highlight/exam_ws/install/pal_gazebo_worlds/share/pal_gazebo_worlds/models/sink_furniture/meshes/kitchen_only_puerta_lavavajillas.mtl
[1.409s] -- Installing: /home/luca/topic-highlight/exam_ws/install/pal_gazebo_worlds/share/pal_gazebo_worlds/models/sink_furniture/meshes/kitchen_only_cajon_2.obj
[1.409s] -- Installing: /home/luca/topic-highlight/exam_ws/install/pal_gazebo_worlds/share/pal_gazebo_worlds/models/sink_furniture/meshes/kitchen_only_cajon_2.mtl
[1.409s] -- Installing: /home/luca/topic-highlight/exam_ws/install/pal_gazebo_worlds/share/pal_gazebo_worlds/models/sink_furniture/meshes/kitchen_only_kitchen.mtl
[1.410s] -- Installing: /home/luca/topic-highlight/exam_ws/install/pal_gazebo_worlds/share/pal_gazebo_worlds/models/sink_furniture/meshes/kitchen_only_cajon_grande.mtl
[1.410s] -- Installing: /home/luca/topic-highlight/exam_ws/install/pal_gazebo_worlds/share/pal_gazebo_worlds/models/sink_furniture/meshes/kitchen_only_armario_lavamanos.obj
[1.410s] -- Installing: /home/luca/topic-highlight/exam_ws/install/pal_gazebo_worlds/share/pal_gazebo_worlds/models/sink_furniture/meshes/kitchen_only_kitchen.obj
[1.415s] -- Installing: /home/luca/topic-highlight/exam_ws/install/pal_gazebo_worlds/share/pal_gazebo_worlds/models/sink_furniture/meshes/kitchen_only_parte_de_arriba_lavavajillas.mtl
[1.415s] -- Installing: /home/luca/topic-highlight/exam_ws/install/pal_gazebo_worlds/share/pal_gazebo_worlds/models/sink_furniture/meshes/kitchen_only_puerta_lavavajillas.obj
[1.415s] -- Installing: /home/luca/topic-highlight/exam_ws/install/pal_gazebo_worlds/share/pal_gazebo_worlds/models/sink_furniture/model.config
[1.415s] -- Installing: /home/luca/topic-highlight/exam_ws/install/pal_gazebo_worlds/share/pal_gazebo_worlds/models/marker26_8cm
[1.415s] -- Installing: /home/luca/topic-highlight/exam_ws/install/pal_gazebo_worlds/share/pal_gazebo_worlds/models/marker26_8cm/material
[1.415s] -- Installing: /home/luca/topic-highlight/exam_ws/install/pal_gazebo_worlds/share/pal_gazebo_worlds/models/marker26_8cm/material/scripts
[1.416s] -- Installing: /home/luca/topic-highlight/exam_ws/install/pal_gazebo_worlds/share/pal_gazebo_worlds/models/marker26_8cm/material/scripts/marker26_8cm.material
[1.416s] -- Installing: /home/luca/topic-highlight/exam_ws/install/pal_gazebo_worlds/share/pal_gazebo_worlds/models/marker26_8cm/material/textures
[1.416s] -- Installing: /home/luca/topic-highlight/exam_ws/install/pal_gazebo_worlds/share/pal_gazebo_worlds/models/marker26_8cm/material/textures/aruco-26_8cm.png
[1.416s] -- Installing: /home/luca/topic-highlight/exam_ws/install/pal_gazebo_worlds/share/pal_gazebo_worlds/models/marker26_8cm/model.config
[1.417s] -- Installing: /home/luca/topic-highlight/exam_ws/install/pal_gazebo_worlds/share/pal_gazebo_worlds/models/marker26_8cm/marker26_8cm.sdf
[1.417s] -- Installing: /home/luca/topic-highlight/exam_ws/install/pal_gazebo_worlds/share/pal_gazebo_worlds/models/sprite
[1.417s] -- Installing: /home/luca/topic-highlight/exam_ws/install/pal_gazebo_worlds/share/pal_gazebo_worlds/models/sprite/material
[1.417s] -- Installing: /home/luca/topic-highlight/exam_ws/install/pal_gazebo_worlds/share/pal_gazebo_worlds/models/sprite/material/scripts
[1.417s] -- Installing: /home/luca/topic-highlight/exam_ws/install/pal_gazebo_worlds/share/pal_gazebo_worlds/models/sprite/material/scripts/sprite.material
[1.417s] -- Installing: /home/luca/topic-highlight/exam_ws/install/pal_gazebo_worlds/share/pal_gazebo_worlds/models/sprite/material/textures
[1.417s] -- Installing: /home/luca/topic-highlight/exam_ws/install/pal_gazebo_worlds/share/pal_gazebo_worlds/models/sprite/material/textures/sprite.jpg
[1.418s] -- Installing: /home/luca/topic-highlight/exam_ws/install/pal_gazebo_worlds/share/pal_gazebo_worlds/models/sprite/model.config
[1.418s] -- Installing: /home/luca/topic-highlight/exam_ws/install/pal_gazebo_worlds/share/pal_gazebo_worlds/models/sprite/sprite.sdf
[1.418s] -- Installing: /home/luca/topic-highlight/exam_ws/install/pal_gazebo_worlds/share/pal_gazebo_worlds/models/aruco_marker_9cm_582
[1.418s] -- Installing: /home/luca/topic-highlight/exam_ws/install/pal_gazebo_worlds/share/pal_gazebo_worlds/models/aruco_marker_9cm_582/material
[1.418s] -- Installing: /home/luca/topic-highlight/exam_ws/install/pal_gazebo_worlds/share/pal_gazebo_worlds/models/aruco_marker_9cm_582/material/scripts
[1.418s] -- Installing: /home/luca/topic-highlight/exam_ws/install/pal_gazebo_worlds/share/pal_gazebo_worlds/models/aruco_marker_9cm_582/material/scripts/aruco_marker_original.material
[1.419s] -- Installing: /home/luca/topic-highlight/exam_ws/install/pal_gazebo_worlds/share/pal_gazebo_worlds/models/aruco_marker_9cm_582/material/textures
[1.419s] -- Installing: /home/luca/topic-highlight/exam_ws/install/pal_gazebo_worlds/share/pal_gazebo_worlds/models/aruco_marker_9cm_582/material/textures/Aruco_9cm_582.png
[1.419s] -- Installing: /home/luca/topic-highlight/exam_ws/install/pal_gazebo_worlds/share/pal_gazebo_worlds/models/aruco_marker_9cm_582/model.config
[1.419s] -- Installing: /home/luca/topic-highlight/exam_ws/install/pal_gazebo_worlds/share/pal_gazebo_worlds/models/aruco_marker_9cm_582/aruco_marker_9cm.sdf
[1.419s] -- Installing: /home/luca/topic-highlight/exam_ws/install/pal_gazebo_worlds/share/pal_gazebo_worlds/models/macrolink_small_table
[1.419s] -- Installing: /home/luca/topic-highlight/exam_ws/install/pal_gazebo_worlds/share/pal_gazebo_worlds/models/macrolink_small_table/model.config
[1.420s] -- Installing: /home/luca/topic-highlight/exam_ws/install/pal_gazebo_worlds/share/pal_gazebo_worlds/models/macrolink_small_table/table.sdf
[1.420s] -- Installing: /home/luca/topic-highlight/exam_ws/install/pal_gazebo_worlds/share/pal_gazebo_worlds/models/cocacola
[1.420s] -- Installing: /home/luca/topic-highlight/exam_ws/install/pal_gazebo_worlds/share/pal_gazebo_worlds/models/cocacola/material
[1.420s] -- Installing: /home/luca/topic-highlight/exam_ws/install/pal_gazebo_worlds/share/pal_gazebo_worlds/models/cocacola/material/scripts
[1.420s] -- Installing: /home/luca/topic-highlight/exam_ws/install/pal_gazebo_worlds/share/pal_gazebo_worlds/models/cocacola/material/scripts/cocacola.material
[1.421s] -- Installing: /home/luca/topic-highlight/exam_ws/install/pal_gazebo_worlds/share/pal_gazebo_worlds/models/cocacola/material/textures
[1.421s] -- Installing: /home/luca/topic-highlight/exam_ws/install/pal_gazebo_worlds/share/pal_gazebo_worlds/models/cocacola/material/textures/cocacola.jpg
[1.421s] -- Installing: /home/luca/topic-highlight/exam_ws/install/pal_gazebo_worlds/share/pal_gazebo_worlds/models/cocacola/model.config
[1.421s] -- Installing: /home/luca/topic-highlight/exam_ws/install/pal_gazebo_worlds/share/pal_gazebo_worlds/models/cocacola/cocacola.sdf
[1.421s] -- Installing: /home/luca/topic-highlight/exam_ws/install/pal_gazebo_worlds/share/pal_gazebo_worlds/models/aruco_marker_9cm_63
[1.422s] -- Installing: /home/luca/topic-highlight/exam_ws/install/pal_gazebo_worlds/share/pal_gazebo_worlds/models/aruco_marker_9cm_63/material
[1.422s] -- Installing: /home/luca/topic-highlight/exam_ws/install/pal_gazebo_worlds/share/pal_gazebo_worlds/models/aruco_marker_9cm_63/material/scripts
[1.422s] -- Installing: /home/luca/topic-highlight/exam_ws/install/pal_gazebo_worlds/share/pal_gazebo_worlds/models/aruco_marker_9cm_63/material/scripts/aruco_marker_original.material
[1.422s] -- Installing: /home/luca/topic-highlight/exam_ws/install/pal_gazebo_worlds/share/pal_gazebo_worlds/models/aruco_marker_9cm_63/material/textures
[1.422s] -- Installing: /home/luca/topic-highlight/exam_ws/install/pal_gazebo_worlds/share/pal_gazebo_worlds/models/aruco_marker_9cm_63/material/textures/Aruco_9cm_63.png
[1.422s] -- Installing: /home/luca/topic-highlight/exam_ws/install/pal_gazebo_worlds/share/pal_gazebo_worlds/models/aruco_marker_9cm_63/model.config
[1.422s] -- Installing: /home/luca/topic-highlight/exam_ws/install/pal_gazebo_worlds/share/pal_gazebo_worlds/models/aruco_marker_9cm_63/aruco_marker_9cm.sdf
[1.422s] -- Installing: /home/luca/topic-highlight/exam_ws/install/pal_gazebo_worlds/share/pal_gazebo_worlds/models/aruco_marker_9cm_26
[1.424s] -- Installing: /home/luca/topic-highlight/exam_ws/install/pal_gazebo_worlds/share/pal_gazebo_worlds/models/aruco_marker_9cm_26/material
[1.424s] -- Installing: /home/luca/topic-highlight/exam_ws/install/pal_gazebo_worlds/share/pal_gazebo_worlds/models/aruco_marker_9cm_26/material/scripts
[1.424s] -- Installing: /home/luca/topic-highlight/exam_ws/install/pal_gazebo_worlds/share/pal_gazebo_worlds/models/aruco_marker_9cm_26/material/scripts/aruco_marker_original.material
[1.424s] -- Installing: /home/luca/topic-highlight/exam_ws/install/pal_gazebo_worlds/share/pal_gazebo_worlds/models/aruco_marker_9cm_26/material/textures
[1.424s] -- Installing: /home/luca/topic-highlight/exam_ws/install/pal_gazebo_worlds/share/pal_gazebo_worlds/models/aruco_marker_9cm_26/material/textures/Aruco_9cm_26.png
[1.424s] -- Installing: /home/luca/topic-highlight/exam_ws/install/pal_gazebo_worlds/share/pal_gazebo_worlds/models/aruco_marker_9cm_26/model.config
[1.424s] -- Installing: /home/luca/topic-highlight/exam_ws/install/pal_gazebo_worlds/share/pal_gazebo_worlds/models/aruco_marker_9cm_26/aruco_marker_9cm.sdf
[1.424s] -- Installing: /home/luca/topic-highlight/exam_ws/install/pal_gazebo_worlds/share/pal_gazebo_worlds/models/coke_can_slim
[1.424s] -- Installing: /home/luca/topic-highlight/exam_ws/install/pal_gazebo_worlds/share/pal_gazebo_worlds/models/coke_can_slim/material
[1.425s] -- Installing: /home/luca/topic-highlight/exam_ws/install/pal_gazebo_worlds/share/pal_gazebo_worlds/models/coke_can_slim/material/scripts
[1.425s] -- Installing: /home/luca/topic-highlight/exam_ws/install/pal_gazebo_worlds/share/pal_gazebo_worlds/models/coke_can_slim/material/scripts/coke_can_slim.material
[1.425s] -- Installing: /home/luca/topic-highlight/exam_ws/install/pal_gazebo_worlds/share/pal_gazebo_worlds/models/coke_can_slim/material/textures
[1.425s] -- Installing: /home/luca/topic-highlight/exam_ws/install/pal_gazebo_worlds/share/pal_gazebo_worlds/models/coke_can_slim/material/textures/coke_can_slim.jpg
[1.425s] -- Installing: /home/luca/topic-highlight/exam_ws/install/pal_gazebo_worlds/share/pal_gazebo_worlds/models/coke_can_slim/coke_can_slim.sdf
[1.425s] -- Installing: /home/luca/topic-highlight/exam_ws/install/pal_gazebo_worlds/share/pal_gazebo_worlds/models/coke_can_slim/model.config
[1.426s] -- Installing: /home/luca/topic-highlight/exam_ws/install/pal_gazebo_worlds/share/pal_gazebo_worlds/models/kitchen_no_sink_walls
[1.426s] -- Installing: /home/luca/topic-highlight/exam_ws/install/pal_gazebo_worlds/share/pal_gazebo_worlds/models/kitchen_no_sink_walls/model.sdf
[1.426s] -- Installing: /home/luca/topic-highlight/exam_ws/install/pal_gazebo_worlds/share/pal_gazebo_worlds/models/kitchen_no_sink_walls/model.config
[1.426s] -- Installing: /home/luca/topic-highlight/exam_ws/install/pal_gazebo_worlds/share/pal_gazebo_worlds/models/arm_chair
[1.426s] -- Installing: /home/luca/topic-highlight/exam_ws/install/pal_gazebo_worlds/share/pal_gazebo_worlds/models/arm_chair/arm_chair.sdf
[1.426s] -- Installing: /home/luca/topic-highlight/exam_ws/install/pal_gazebo_worlds/share/pal_gazebo_worlds/models/arm_chair/meshes
[1.426s] -- Installing: /home/luca/topic-highlight/exam_ws/install/pal_gazebo_worlds/share/pal_gazebo_worlds/models/arm_chair/meshes/arm_chair.stl
[1.427s] -- Installing: /home/luca/topic-highlight/exam_ws/install/pal_gazebo_worlds/share/pal_gazebo_worlds/models/arm_chair/model.config
[1.427s] -- Installing: /home/luca/topic-highlight/exam_ws/install/pal_gazebo_worlds/share/pal_gazebo_worlds/models/hospital_flat_map
[1.427s] -- Installing: /home/luca/topic-highlight/exam_ws/install/pal_gazebo_worlds/share/pal_gazebo_worlds/models/hospital_flat_map/meshes
[1.427s] -- Installing: /home/luca/topic-highlight/exam_ws/install/pal_gazebo_worlds/share/pal_gazebo_worlds/models/hospital_flat_map/meshes/hospital_flat_map.stl
[1.428s] -- Installing: /home/luca/topic-highlight/exam_ws/install/pal_gazebo_worlds/share/pal_gazebo_worlds/models/hospital_flat_map/model.config
[1.428s] -- Installing: /home/luca/topic-highlight/exam_ws/install/pal_gazebo_worlds/share/pal_gazebo_worlds/models/hospital_flat_map/hospital_flat_map.sdf
[1.428s] -- Installing: /home/luca/topic-highlight/exam_ws/install/pal_gazebo_worlds/share/pal_gazebo_worlds/models/robocup_walls_70cm_doors
[1.428s] -- Installing: /home/luca/topic-highlight/exam_ws/install/pal_gazebo_worlds/share/pal_gazebo_worlds/models/robocup_walls_70cm_doors/meshes
[1.429s] -- Installing: /home/luca/topic-highlight/exam_ws/install/pal_gazebo_worlds/share/pal_gazebo_worlds/models/robocup_walls_70cm_doors/meshes/robocup_house.stl
[1.429s] -- Installing: /home/luca/topic-highlight/exam_ws/install/pal_gazebo_worlds/share/pal_gazebo_worlds/models/robocup_walls_70cm_doors/model.config
[1.429s] -- Installing: /home/luca/topic-highlight/exam_ws/install/pal_gazebo_worlds/share/pal_gazebo_worlds/models/robocup_walls_70cm_doors/house_walls.sdf
[1.429s] -- Installing: /home/luca/topic-highlight/exam_ws/install/pal_gazebo_worlds/share/pal_gazebo_worlds/models/dock1
[1.429s] -- Installing: /home/luca/topic-highlight/exam_ws/install/pal_gazebo_worlds/share/pal_gazebo_worlds/models/dock1/dock1.sdf
[1.431s] -- Installing: /home/luca/topic-highlight/exam_ws/install/pal_gazebo_worlds/share/pal_gazebo_worlds/models/dock1/meshes
[1.431s] -- Installing: /home/luca/topic-highlight/exam_ws/install/pal_gazebo_worlds/share/pal_gazebo_worlds/models/dock1/meshes/dock1.dae
[1.432s] -- Installing: /home/luca/topic-highlight/exam_ws/install/pal_gazebo_worlds/share/pal_gazebo_worlds/models/dock1/model.config
[1.432s] -- Installing: /home/luca/topic-highlight/exam_ws/install/pal_gazebo_worlds/share/pal_gazebo_worlds/models/reemc_cabinet
[1.432s] -- Installing: /home/luca/topic-highlight/exam_ws/install/pal_gazebo_worlds/share/pal_gazebo_worlds/models/reemc_cabinet/model.config
[1.432s] -- Installing: /home/luca/topic-highlight/exam_ws/install/pal_gazebo_worlds/share/pal_gazebo_worlds/models/reemc_cabinet/cabinet.sdf
[1.432s] -- Installing: /home/luca/topic-highlight/exam_ws/install/pal_gazebo_worlds/share/pal_gazebo_worlds/models/aruco_marker_original_63
[1.432s] -- Installing: /home/luca/topic-highlight/exam_ws/install/pal_gazebo_worlds/share/pal_gazebo_worlds/models/aruco_marker_original_63/material
[1.432s] -- Installing: /home/luca/topic-highlight/exam_ws/install/pal_gazebo_worlds/share/pal_gazebo_worlds/models/aruco_marker_original_63/material/scripts
[1.432s] -- Installing: /home/luca/topic-highlight/exam_ws/install/pal_gazebo_worlds/share/pal_gazebo_worlds/models/aruco_marker_original_63/material/scripts/aruco_marker_original.material
[1.432s] -- Installing: /home/luca/topic-highlight/exam_ws/install/pal_gazebo_worlds/share/pal_gazebo_worlds/models/aruco_marker_original_63/material/textures
[1.433s] -- Installing: /home/luca/topic-highlight/exam_ws/install/pal_gazebo_worlds/share/pal_gazebo_worlds/models/aruco_marker_original_63/material/textures/Aruco_original_63.png
[1.433s] -- Installing: /home/luca/topic-highlight/exam_ws/install/pal_gazebo_worlds/share/pal_gazebo_worlds/models/aruco_marker_original_63/model.config
[1.433s] -- Installing: /home/luca/topic-highlight/exam_ws/install/pal_gazebo_worlds/share/pal_gazebo_worlds/models/aruco_marker_original_63/aruco_marker_original.sdf
[1.433s] -- Installing: /home/luca/topic-highlight/exam_ws/install/pal_gazebo_worlds/share/pal_gazebo_worlds/models/green_rectangle
[1.433s] -- Installing: /home/luca/topic-highlight/exam_ws/install/pal_gazebo_worlds/share/pal_gazebo_worlds/models/green_rectangle/model.config
[1.433s] -- Installing: /home/luca/topic-highlight/exam_ws/install/pal_gazebo_worlds/share/pal_gazebo_worlds/models/green_rectangle/green_rectangle.sdf
[1.433s] -- Installing: /home/luca/topic-highlight/exam_ws/install/pal_gazebo_worlds/share/pal_gazebo_worlds/models/aruco_marker_9cm_238
[1.434s] -- Installing: /home/luca/topic-highlight/exam_ws/install/pal_gazebo_worlds/share/pal_gazebo_worlds/models/aruco_marker_9cm_238/material
[1.434s] -- Installing: /home/luca/topic-highlight/exam_ws/install/pal_gazebo_worlds/share/pal_gazebo_worlds/models/aruco_marker_9cm_238/material/scripts
[1.434s] -- Installing: /home/luca/topic-highlight/exam_ws/install/pal_gazebo_worlds/share/pal_gazebo_worlds/models/aruco_marker_9cm_238/material/scripts/aruco_marker_original.material
[1.434s] -- Installing: /home/luca/topic-highlight/exam_ws/install/pal_gazebo_worlds/share/pal_gazebo_worlds/models/aruco_marker_9cm_238/material/textures
[1.434s] -- Installing: /home/luca/topic-highlight/exam_ws/install/pal_gazebo_worlds/share/pal_gazebo_worlds/models/aruco_marker_9cm_238/material/textures/Aruco_9cm_238.png
[1.434s] -- Installing: /home/luca/topic-highlight/exam_ws/install/pal_gazebo_worlds/share/pal_gazebo_worlds/models/aruco_marker_9cm_238/model.config
[1.435s] -- Installing: /home/luca/topic-highlight/exam_ws/install/pal_gazebo_worlds/share/pal_gazebo_worlds/models/aruco_marker_9cm_238/aruco_marker_9cm.sdf
[1.435s] -- Installing: /home/luca/topic-highlight/exam_ws/install/pal_gazebo_worlds/share/pal_gazebo_worlds/models/env_exam_box2
[1.435s] -- Installing: /home/luca/topic-highlight/exam_ws/install/pal_gazebo_worlds/share/pal_gazebo_worlds/models/env_exam_box2/env_exam_box2.sdf
[1.435s] -- Installing: /home/luca/topic-highlight/exam_ws/install/pal_gazebo_worlds/share/pal_gazebo_worlds/models/env_exam_box2/model.config
[1.435s] -- Installing: /home/luca/topic-highlight/exam_ws/install/pal_gazebo_worlds/share/pal_gazebo_worlds/models/sideboard
[1.436s] -- Installing: /home/luca/topic-highlight/exam_ws/install/pal_gazebo_worlds/share/pal_gazebo_worlds/models/sideboard/meshes
[1.438s] -- Installing: /home/luca/topic-highlight/exam_ws/install/pal_gazebo_worlds/share/pal_gazebo_worlds/models/sideboard/meshes/sideboard.stl
[1.438s] -- Installing: /home/luca/topic-highlight/exam_ws/install/pal_gazebo_worlds/share/pal_gazebo_worlds/models/sideboard/model.config
[1.438s] -- Installing: /home/luca/topic-highlight/exam_ws/install/pal_gazebo_worlds/share/pal_gazebo_worlds/models/sideboard/sideboard.sdf
[1.438s] -- Installing: /home/luca/topic-highlight/exam_ws/install/pal_gazebo_worlds/share/pal_gazebo_worlds/models/wardrobe
[1.438s] -- Installing: /home/luca/topic-highlight/exam_ws/install/pal_gazebo_worlds/share/pal_gazebo_worlds/models/wardrobe/meshes
[1.438s] -- Installing: /home/luca/topic-highlight/exam_ws/install/pal_gazebo_worlds/share/pal_gazebo_worlds/models/wardrobe/meshes/wardrobe.stl
[1.438s] -- Installing: /home/luca/topic-highlight/exam_ws/install/pal_gazebo_worlds/share/pal_gazebo_worlds/models/wardrobe/model.config
[1.438s] -- Installing: /home/luca/topic-highlight/exam_ws/install/pal_gazebo_worlds/share/pal_gazebo_worlds/models/wardrobe/wardrobe.sdf
[1.439s] -- Installing: /home/luca/topic-highlight/exam_ws/install/pal_gazebo_worlds/share/pal_gazebo_worlds/models/table_0m8
[1.439s] -- Installing: /home/luca/topic-highlight/exam_ws/install/pal_gazebo_worlds/share/pal_gazebo_worlds/models/table_0m8/model.config
[1.439s] -- Installing: /home/luca/topic-highlight/exam_ws/install/pal_gazebo_worlds/share/pal_gazebo_worlds/models/table_0m8/table.sdf
[1.439s] -- Installing: /home/luca/topic-highlight/exam_ws/install/pal_gazebo_worlds/share/pal_gazebo_worlds/models/aruco_marker_6cm_26
[1.440s] -- Installing: /home/luca/topic-highlight/exam_ws/install/pal_gazebo_worlds/share/pal_gazebo_worlds/models/aruco_marker_6cm_26/material
[1.440s] -- Installing: /home/luca/topic-highlight/exam_ws/install/pal_gazebo_worlds/share/pal_gazebo_worlds/models/aruco_marker_6cm_26/material/scripts
[1.440s] -- Installing: /home/luca/topic-highlight/exam_ws/install/pal_gazebo_worlds/share/pal_gazebo_worlds/models/aruco_marker_6cm_26/material/scripts/aruco_marker_original.material
[1.440s] -- Installing: /home/luca/topic-highlight/exam_ws/install/pal_gazebo_worlds/share/pal_gazebo_worlds/models/aruco_marker_6cm_26/material/textures
[1.440s] -- Installing: /home/luca/topic-highlight/exam_ws/install/pal_gazebo_worlds/share/pal_gazebo_worlds/models/aruco_marker_6cm_26/material/textures/Aruco_6cm_26.png
[1.440s] -- Installing: /home/luca/topic-highlight/exam_ws/install/pal_gazebo_worlds/share/pal_gazebo_worlds/models/aruco_marker_6cm_26/model.config
[1.440s] -- Installing: /home/luca/topic-highlight/exam_ws/install/pal_gazebo_worlds/share/pal_gazebo_worlds/models/aruco_marker_6cm_26/aruco_marker_6cm.sdf
[1.440s] -- Installing: /home/luca/topic-highlight/exam_ws/install/pal_gazebo_worlds/share/pal_gazebo_worlds/models/aruco_marker_original_582
[1.440s] -- Installing: /home/luca/topic-highlight/exam_ws/install/pal_gazebo_worlds/share/pal_gazebo_worlds/models/aruco_marker_original_582/material
[1.440s] -- Installing: /home/luca/topic-highlight/exam_ws/install/pal_gazebo_worlds/share/pal_gazebo_worlds/models/aruco_marker_original_582/material/scripts
[1.440s] -- Installing: /home/luca/topic-highlight/exam_ws/install/pal_gazebo_worlds/share/pal_gazebo_worlds/models/aruco_marker_original_582/material/scripts/aruco_marker_original.material
[1.440s] -- Installing: /home/luca/topic-highlight/exam_ws/install/pal_gazebo_worlds/share/pal_gazebo_worlds/models/aruco_marker_original_582/material/textures
[1.440s] -- Installing: /home/luca/topic-highlight/exam_ws/install/pal_gazebo_worlds/share/pal_gazebo_worlds/models/aruco_marker_original_582/material/textures/Aruco_original_582.png
[1.440s] -- Installing: /home/luca/topic-highlight/exam_ws/install/pal_gazebo_worlds/share/pal_gazebo_worlds/models/aruco_marker_original_582/model.config
[1.441s] -- Installing: /home/luca/topic-highlight/exam_ws/install/pal_gazebo_worlds/share/pal_gazebo_worlds/models/aruco_marker_original_582/aruco_marker_original.sdf
[1.441s] -- Installing: /home/luca/topic-highlight/exam_ws/install/pal_gazebo_worlds/share/pal_gazebo_worlds/models/aruco_cube_exam_id582
[1.441s] -- Installing: /home/luca/topic-highlight/exam_ws/install/pal_gazebo_worlds/share/pal_gazebo_worlds/models/aruco_cube_exam_id582/aruco_cube_exam_id582.sdf
[1.441s] -- Installing: /home/luca/topic-highlight/exam_ws/install/pal_gazebo_worlds/share/pal_gazebo_worlds/models/aruco_cube_exam_id582/meshes
[1.441s] -- Installing: /home/luca/topic-highlight/exam_ws/install/pal_gazebo_worlds/share/pal_gazebo_worlds/models/aruco_cube_exam_id582/meshes/aruco_cube_6cm.dae
[1.441s] -- Installing: /home/luca/topic-highlight/exam_ws/install/pal_gazebo_worlds/share/pal_gazebo_worlds/models/aruco_cube_exam_id582/meshes/aruco_id_582.png
[1.441s] -- Installing: /home/luca/topic-highlight/exam_ws/install/pal_gazebo_worlds/share/pal_gazebo_worlds/models/aruco_cube_exam_id582/model.config
[1.442s] -- Installing: /home/luca/topic-highlight/exam_ws/install/pal_gazebo_worlds/share/pal_gazebo_worlds/models/testing_room
[1.442s] -- Installing: /home/luca/topic-highlight/exam_ws/install/pal_gazebo_worlds/share/pal_gazebo_worlds/models/testing_room/model.sdf
[1.442s] -- Installing: /home/luca/topic-highlight/exam_ws/install/pal_gazebo_worlds/share/pal_gazebo_worlds/models/testing_room/model.config
[1.444s] -- Installing: /home/luca/topic-highlight/exam_ws/install/pal_gazebo_worlds/share/pal_gazebo_worlds/models/testing_room/README
[1.444s] -- Installing: /home/luca/topic-highlight/exam_ws/install/pal_gazebo_worlds/share/pal_gazebo_worlds/models/testing_room/testing_room.png
[1.444s] -- Installing: /home/luca/topic-highlight/exam_ws/install/pal_gazebo_worlds/share/pal_gazebo_worlds/models/willowgarage
[1.444s] -- Installing: /home/luca/topic-highlight/exam_ws/install/pal_gazebo_worlds/share/pal_gazebo_worlds/models/willowgarage/materials
[1.444s] -- Installing: /home/luca/topic-highlight/exam_ws/install/pal_gazebo_worlds/share/pal_gazebo_worlds/models/willowgarage/materials/textures
[1.444s] -- Installing: /home/luca/topic-highlight/exam_ws/install/pal_gazebo_worlds/share/pal_gazebo_worlds/models/willowgarage/materials/textures/__auto_2.png
[1.444s] -- Installing: /home/luca/topic-highlight/exam_ws/install/pal_gazebo_worlds/share/pal_gazebo_worlds/models/willowgarage/materials/textures/Wood_Bamboo_Medium_.png
[1.445s] -- Installing: /home/luca/topic-highlight/exam_ws/install/pal_gazebo_worlds/share/pal_gazebo_worlds/models/willowgarage/materials/textures/Stone_Brushed_Khaki_.png
[1.445s] -- Installing: /home/luca/topic-highlight/exam_ws/install/pal_gazebo_worlds/share/pal_gazebo_worlds/models/willowgarage/materials/textures/Wood_Cherry_Original_.png
[1.445s] -- Installing: /home/luca/topic-highlight/exam_ws/install/pal_gazebo_worlds/share/pal_gazebo_worlds/models/willowgarage/materials/textures/__Wood_Bamboo_Medium_1.png
[1.445s] -- Installing: /home/luca/topic-highlight/exam_ws/install/pal_gazebo_worlds/share/pal_gazebo_worlds/models/willowgarage/materials/textures/Carpet_Berber_Pattern_Gray_.png
[1.446s] -- Installing: /home/luca/topic-highlight/exam_ws/install/pal_gazebo_worlds/share/pal_gazebo_worlds/models/willowgarage/materials/textures/__auto_12.png
[1.446s] -- Installing: /home/luca/topic-highlight/exam_ws/install/pal_gazebo_worlds/share/pal_gazebo_worlds/models/willowgarage/meshes
[1.446s] -- Installing: /home/luca/topic-highlight/exam_ws/install/pal_gazebo_worlds/share/pal_gazebo_worlds/models/willowgarage/meshes/willowgarage_collision.dae
[1.446s] -- Installing: /home/luca/topic-highlight/exam_ws/install/pal_gazebo_worlds/share/pal_gazebo_worlds/models/willowgarage/meshes/willowgarage_visual.dae
[1.449s] -- Installing: /home/luca/topic-highlight/exam_ws/install/pal_gazebo_worlds/share/pal_gazebo_worlds/models/aruco_marker_250_6x6_4
[1.449s] -- Installing: /home/luca/topic-highlight/exam_ws/install/pal_gazebo_worlds/share/pal_gazebo_worlds/models/aruco_marker_250_6x6_4/material
[1.449s] -- Installing: /home/luca/topic-highlight/exam_ws/install/pal_gazebo_worlds/share/pal_gazebo_worlds/models/aruco_marker_250_6x6_4/material/scripts
[1.450s] -- Installing: /home/luca/topic-highlight/exam_ws/install/pal_gazebo_worlds/share/pal_gazebo_worlds/models/aruco_marker_250_6x6_4/material/scripts/aruco_marker_250_6x6.material
[1.450s] -- Installing: /home/luca/topic-highlight/exam_ws/install/pal_gazebo_worlds/share/pal_gazebo_worlds/models/aruco_marker_250_6x6_4/material/textures
[1.450s] -- Installing: /home/luca/topic-highlight/exam_ws/install/pal_gazebo_worlds/share/pal_gazebo_worlds/models/aruco_marker_250_6x6_4/material/textures/Aruco_6x6_250_3.png
[1.450s] -- Installing: /home/luca/topic-highlight/exam_ws/install/pal_gazebo_worlds/share/pal_gazebo_worlds/models/aruco_marker_250_6x6_4/model.config
[1.451s] -- Installing: /home/luca/topic-highlight/exam_ws/install/pal_gazebo_worlds/share/pal_gazebo_worlds/models/aruco_marker_250_6x6_4/aruco_marker_250_6x6.sdf
[1.451s] -- Installing: /home/luca/topic-highlight/exam_ws/install/pal_gazebo_worlds/share/pal_gazebo_worlds/models/env_exam_box1
[1.451s] -- Installing: /home/luca/topic-highlight/exam_ws/install/pal_gazebo_worlds/share/pal_gazebo_worlds/models/env_exam_box1/env_exam_box1.sdf
[1.451s] -- Installing: /home/luca/topic-highlight/exam_ws/install/pal_gazebo_worlds/share/pal_gazebo_worlds/models/env_exam_box1/model.config
[1.451s] -- Installing: /home/luca/topic-highlight/exam_ws/install/pal_gazebo_worlds/share/pal_gazebo_worlds/models/slippery_patch
[1.452s] -- Installing: /home/luca/topic-highlight/exam_ws/install/pal_gazebo_worlds/share/pal_gazebo_worlds/models/slippery_patch/material
[1.452s] -- Installing: /home/luca/topic-highlight/exam_ws/install/pal_gazebo_worlds/share/pal_gazebo_worlds/models/slippery_patch/material/scripts
[1.452s] -- Installing: /home/luca/topic-highlight/exam_ws/install/pal_gazebo_worlds/share/pal_gazebo_worlds/models/slippery_patch/material/scripts/slippery_patch.material
[1.452s] -- Installing: /home/luca/topic-highlight/exam_ws/install/pal_gazebo_worlds/share/pal_gazebo_worlds/models/slippery_patch/material/textures
[1.453s] -- Installing: /home/luca/topic-highlight/exam_ws/install/pal_gazebo_worlds/share/pal_gazebo_worlds/models/slippery_patch/material/textures/slippery_patch.jpg
[1.453s] -- Installing: /home/luca/topic-highlight/exam_ws/install/pal_gazebo_worlds/share/pal_gazebo_worlds/models/slippery_patch/slippery_patch.sdf
[1.453s] -- Installing: /home/luca/topic-highlight/exam_ws/install/pal_gazebo_worlds/share/pal_gazebo_worlds/models/slippery_patch/model.config
[1.453s] -- Installing: /home/luca/topic-highlight/exam_ws/install/pal_gazebo_worlds/share/pal_gazebo_worlds/models/tv
[1.453s] -- Installing: /home/luca/topic-highlight/exam_ws/install/pal_gazebo_worlds/share/pal_gazebo_worlds/models/tv/meshes
[1.453s] -- Installing: /home/luca/topic-highlight/exam_ws/install/pal_gazebo_worlds/share/pal_gazebo_worlds/models/tv/meshes/tv.stl
[1.453s] -- Installing: /home/luca/topic-highlight/exam_ws/install/pal_gazebo_worlds/share/pal_gazebo_worlds/models/tv/tv.sdf
[1.453s] -- Installing: /home/luca/topic-highlight/exam_ws/install/pal_gazebo_worlds/share/pal_gazebo_worlds/models/tv/model.config
[1.453s] -- Installing: /home/luca/topic-highlight/exam_ws/install/pal_gazebo_worlds/share/pal_gazebo_worlds/models/small_cylinder
[1.453s] -- Installing: /home/luca/topic-highlight/exam_ws/install/pal_gazebo_worlds/share/pal_gazebo_worlds/models/small_cylinder/model.config
[1.453s] -- Installing: /home/luca/topic-highlight/exam_ws/install/pal_gazebo_worlds/share/pal_gazebo_worlds/models/small_cylinder/small_cylinder.sdf
[1.454s] -- Installing: /home/luca/topic-highlight/exam_ws/install/pal_gazebo_worlds/share/pal_gazebo_worlds/models/aruco_marker_original_238
[1.454s] -- Installing: /home/luca/topic-highlight/exam_ws/install/pal_gazebo_worlds/share/pal_gazebo_worlds/models/aruco_marker_original_238/material
[1.454s] -- Installing: /home/luca/topic-highlight/exam_ws/install/pal_gazebo_worlds/share/pal_gazebo_worlds/models/aruco_marker_original_238/material/scripts
[1.454s] -- Installing: /home/luca/topic-highlight/exam_ws/install/pal_gazebo_worlds/share/pal_gazebo_worlds/models/aruco_marker_original_238/material/scripts/aruco_marker_original.material
[1.455s] -- Installing: /home/luca/topic-highlight/exam_ws/install/pal_gazebo_worlds/share/pal_gazebo_worlds/models/aruco_marker_original_238/material/textures
[1.455s] -- Installing: /home/luca/topic-highlight/exam_ws/install/pal_gazebo_worlds/share/pal_gazebo_worlds/models/aruco_marker_original_238/material/textures/Aruco_original_238.png
[1.455s] -- Installing: /home/luca/topic-highlight/exam_ws/install/pal_gazebo_worlds/share/pal_gazebo_worlds/models/aruco_marker_original_238/model.config
[1.455s] -- Installing: /home/luca/topic-highlight/exam_ws/install/pal_gazebo_worlds/share/pal_gazebo_worlds/models/aruco_marker_original_238/aruco_marker_original.sdf
[1.455s] -- Installing: /home/luca/topic-highlight/exam_ws/install/pal_gazebo_worlds/share/pal_gazebo_worlds/models/green_ball
[1.455s] -- Installing: /home/luca/topic-highlight/exam_ws/install/pal_gazebo_worlds/share/pal_gazebo_worlds/models/green_ball/materials
[1.455s] -- Installing: /home/luca/topic-highlight/exam_ws/install/pal_gazebo_worlds/share/pal_gazebo_worlds/models/green_ball/materials/scripts
[1.455s] -- Installing: /home/luca/topic-highlight/exam_ws/install/pal_gazebo_worlds/share/pal_gazebo_worlds/models/green_ball/materials/scripts/ball.material
[1.455s] -- Installing: /home/luca/topic-highlight/exam_ws/install/pal_gazebo_worlds/share/pal_gazebo_worlds/models/green_ball/model.sdf
[1.456s] -- Installing: /home/luca/topic-highlight/exam_ws/install/pal_gazebo_worlds/share/pal_gazebo_worlds/models/green_ball/model.config
[1.456s] -- Installing: /home/luca/topic-highlight/exam_ws/install/pal_gazebo_worlds/share/pal_gazebo_worlds/models/env_exam_cylinder2
[1.457s] -- Installing: /home/luca/topic-highlight/exam_ws/install/pal_gazebo_worlds/share/pal_gazebo_worlds/models/env_exam_cylinder2/model.config
[1.457s] -- Installing: /home/luca/topic-highlight/exam_ws/install/pal_gazebo_worlds/share/pal_gazebo_worlds/models/env_exam_cylinder2/env_exam_cylinder2.sdf
[1.457s] -- Installing: /home/luca/topic-highlight/exam_ws/install/pal_gazebo_worlds/share/pal_gazebo_worlds/models/ground_plane
[1.457s] -- Installing: /home/luca/topic-highlight/exam_ws/install/pal_gazebo_worlds/share/pal_gazebo_worlds/models/ground_plane/model-1_2.sdf
[1.457s] -- Installing: /home/luca/topic-highlight/exam_ws/install/pal_gazebo_worlds/share/pal_gazebo_worlds/models/ground_plane/model.sdf
[1.457s] -- Installing: /home/luca/topic-highlight/exam_ws/install/pal_gazebo_worlds/share/pal_gazebo_worlds/models/ground_plane/model.config
[1.457s] -- Installing: /home/luca/topic-highlight/exam_ws/install/pal_gazebo_worlds/share/pal_gazebo_worlds/models/ground_plane/model-1_3.sdf
[1.457s] -- Installing: /home/luca/topic-highlight/exam_ws/install/pal_gazebo_worlds/share/pal_gazebo_worlds/models/ground_plane/model-1_4.sdf
[1.457s] -- Installing: /home/luca/topic-highlight/exam_ws/install/pal_gazebo_worlds/share/pal_gazebo_worlds/models/kitchen_no_sink
[1.457s] -- Installing: /home/luca/topic-highlight/exam_ws/install/pal_gazebo_worlds/share/pal_gazebo_worlds/models/kitchen_no_sink/model.sdf
[1.457s] -- Installing: /home/luca/topic-highlight/exam_ws/install/pal_gazebo_worlds/share/pal_gazebo_worlds/models/kitchen_no_sink/meshes
[1.457s] -- Installing: /home/luca/topic-highlight/exam_ws/install/pal_gazebo_worlds/share/pal_gazebo_worlds/models/kitchen_no_sink/meshes/table
[1.457s] -- Installing: /home/luca/topic-highlight/exam_ws/install/pal_gazebo_worlds/share/pal_gazebo_worlds/models/kitchen_no_sink/meshes/table/table.mtl
[1.457s] -- Installing: /home/luca/topic-highlight/exam_ws/install/pal_gazebo_worlds/share/pal_gazebo_worlds/models/kitchen_no_sink/meshes/table/table_ikea.obj
[1.462s] -- Installing: /home/luca/topic-highlight/exam_ws/install/pal_gazebo_worlds/share/pal_gazebo_worlds/models/kitchen_no_sink/meshes/table/table.dae
[1.465s] -- Installing: /home/luca/topic-highlight/exam_ws/install/pal_gazebo_worlds/share/pal_gazebo_worlds/models/kitchen_no_sink/meshes/table/table_ikea.mtl
[1.466s] -- Installing: /home/luca/topic-highlight/exam_ws/install/pal_gazebo_worlds/share/pal_gazebo_worlds/models/kitchen_no_sink/meshes/table/table.obj
[1.469s] -- Installing: /home/luca/topic-highlight/exam_ws/install/pal_gazebo_worlds/share/pal_gazebo_worlds/models/kitchen_no_sink/meshes/table/table_wood_texture.jpg
[1.473s] -- Installing: /home/luca/topic-highlight/exam_ws/install/pal_gazebo_worlds/share/pal_gazebo_worlds/models/kitchen_no_sink/meshes/sink
[1.473s] -- Installing: /home/luca/topic-highlight/exam_ws/install/pal_gazebo_worlds/share/pal_gazebo_worlds/models/kitchen_no_sink/meshes/sink/kitchen_only_cajon_1.mtl
[1.474s] -- Installing: /home/luca/topic-highlight/exam_ws/install/pal_gazebo_worlds/share/pal_gazebo_worlds/models/kitchen_no_sink/meshes/sink/kitchen_only_cubiertos_lavavajillas.mtl
[1.474s] -- Installing: /home/luca/topic-highlight/exam_ws/install/pal_gazebo_worlds/share/pal_gazebo_worlds/models/kitchen_no_sink/meshes/sink/kitchen_only_parte_de_abajo_lavavajillas.obj
[1.474s] -- Installing: /home/luca/topic-highlight/exam_ws/install/pal_gazebo_worlds/share/pal_gazebo_worlds/models/kitchen_no_sink/meshes/sink/TexturesCom_Wood_GluLamBeam_header.jpg
[1.478s] -- Installing: /home/luca/topic-highlight/exam_ws/install/pal_gazebo_worlds/share/pal_gazebo_worlds/models/kitchen_no_sink/meshes/sink/kitchen_only_parte_de_abajo_lavavajillas.mtl
[1.478s] -- Installing: /home/luca/topic-highlight/exam_ws/install/pal_gazebo_worlds/share/pal_gazebo_worlds/models/kitchen_no_sink/meshes/sink/kitchen_only_cajon_grande.obj
[1.478s] -- Installing: /home/luca/topic-highlight/exam_ws/install/pal_gazebo_worlds/share/pal_gazebo_worlds/models/kitchen_no_sink/meshes/sink/kitchen_only_cajon_1.obj
[1.479s] -- Installing: /home/luca/topic-highlight/exam_ws/install/pal_gazebo_worlds/share/pal_gazebo_worlds/models/kitchen_no_sink/meshes/sink/kitchen_only_armario_lavamanos.mtl
[1.479s] -- Installing: /home/luca/topic-highlight/exam_ws/install/pal_gazebo_worlds/share/pal_gazebo_worlds/models/kitchen_no_sink/meshes/sink/kitchen_only_lavadora.mtl
[1.480s] -- Installing: /home/luca/topic-highlight/exam_ws/install/pal_gazebo_worlds/share/pal_gazebo_worlds/models/kitchen_no_sink/meshes/sink/kitchen_only_parte_de_arriba_lavavajillas.obj
[1.480s] -- Installing: /home/luca/topic-highlight/exam_ws/install/pal_gazebo_worlds/share/pal_gazebo_worlds/models/kitchen_no_sink/meshes/sink/kitchen_only_lavadora.obj
[1.481s] -- Installing: /home/luca/topic-highlight/exam_ws/install/pal_gazebo_worlds/share/pal_gazebo_worlds/models/kitchen_no_sink/meshes/sink/kitchen_only_cubiertos_lavavajillas.obj
[1.482s] -- Installing: /home/luca/topic-highlight/exam_ws/install/pal_gazebo_worlds/share/pal_gazebo_worlds/models/kitchen_no_sink/meshes/sink/kitchen_only_puerta_lavavajillas.mtl
[1.482s] -- Installing: /home/luca/topic-highlight/exam_ws/install/pal_gazebo_worlds/share/pal_gazebo_worlds/models/kitchen_no_sink/meshes/sink/kitchen_only_cajon_2.obj
[1.483s] -- Installing: /home/luca/topic-highlight/exam_ws/install/pal_gazebo_worlds/share/pal_gazebo_worlds/models/kitchen_no_sink/meshes/sink/kitchen_only_cajon_2.mtl
[1.483s] -- Installing: /home/luca/topic-highlight/exam_ws/install/pal_gazebo_worlds/share/pal_gazebo_worlds/models/kitchen_no_sink/meshes/sink/kitchen_only_kitchen.mtl
[1.483s] -- Installing: /home/luca/topic-highlight/exam_ws/install/pal_gazebo_worlds/share/pal_gazebo_worlds/models/kitchen_no_sink/meshes/sink/kitchen_only_cajon_grande.mtl
[1.483s] -- Installing: /home/luca/topic-highlight/exam_ws/install/pal_gazebo_worlds/share/pal_gazebo_worlds/models/kitchen_no_sink/meshes/sink/kitchen_only_armario_lavamanos.obj
[1.483s] -- Installing: /home/luca/topic-highlight/exam_ws/install/pal_gazebo_worlds/share/pal_gazebo_worlds/models/kitchen_no_sink/meshes/sink/kitchen_only_kitchen.obj
[1.488s] -- Installing: /home/luca/topic-highlight/exam_ws/install/pal_gazebo_worlds/share/pal_gazebo_worlds/models/kitchen_no_sink/meshes/sink/kitchen_only_parte_de_arriba_lavavajillas.mtl
[1.488s] -- Installing: /home/luca/topic-highlight/exam_ws/install/pal_gazebo_worlds/share/pal_gazebo_worlds/models/kitchen_no_sink/meshes/sink/kitchen_only_puerta_lavavajillas.obj
[1.488s] -- Installing: /home/luca/topic-highlight/exam_ws/install/pal_gazebo_worlds/share/pal_gazebo_worlds/models/kitchen_no_sink/meshes/chair
[1.489s] -- Installing: /home/luca/topic-highlight/exam_ws/install/pal_gazebo_worlds/share/pal_gazebo_worlds/models/kitchen_no_sink/meshes/chair/chair.dae
[1.490s] -- Installing: /home/luca/topic-highlight/exam_ws/install/pal_gazebo_worlds/share/pal_gazebo_worlds/models/kitchen_no_sink/meshes/bookshelve
[1.490s] -- Installing: /home/luca/topic-highlight/exam_ws/install/pal_gazebo_worlds/share/pal_gazebo_worlds/models/kitchen_no_sink/meshes/bookshelve/bookshelve.dae
[1.490s] -- Installing: /home/luca/topic-highlight/exam_ws/install/pal_gazebo_worlds/share/pal_gazebo_worlds/models/kitchen_no_sink/meshes/bin
[1.491s] -- Installing: /home/luca/topic-highlight/exam_ws/install/pal_gazebo_worlds/share/pal_gazebo_worlds/models/kitchen_no_sink/meshes/bin/bin.dae
[1.492s] -- Installing: /home/luca/topic-highlight/exam_ws/install/pal_gazebo_worlds/share/pal_gazebo_worlds/models/kitchen_no_sink/model.config
[1.493s] -- Installing: /home/luca/topic-highlight/exam_ws/install/pal_gazebo_worlds/share/pal_gazebo_worlds/models/test2
[1.493s] -- Installing: /home/luca/topic-highlight/exam_ws/install/pal_gazebo_worlds/share/pal_gazebo_worlds/models/test2/meshes
[1.495s] -- Installing: /home/luca/topic-highlight/exam_ws/install/pal_gazebo_worlds/share/pal_gazebo_worlds/models/test2/meshes/test2.dae
[1.495s] -- Installing: /home/luca/topic-highlight/exam_ws/install/pal_gazebo_worlds/share/pal_gazebo_worlds/models/test2/model.config
[1.496s] -- Installing: /home/luca/topic-highlight/exam_ws/install/pal_gazebo_worlds/share/pal_gazebo_worlds/models/test2/test2.sdf
[1.496s] -- Installing: /home/luca/topic-highlight/exam_ws/install/pal_gazebo_worlds/share/pal_gazebo_worlds/models/biscuits_pack
[1.496s] -- Installing: /home/luca/topic-highlight/exam_ws/install/pal_gazebo_worlds/share/pal_gazebo_worlds/models/biscuits_pack/material
[1.497s] -- Installing: /home/luca/topic-highlight/exam_ws/install/pal_gazebo_worlds/share/pal_gazebo_worlds/models/biscuits_pack/material/scripts
[1.497s] -- Installing: /home/luca/topic-highlight/exam_ws/install/pal_gazebo_worlds/share/pal_gazebo_worlds/models/biscuits_pack/material/scripts/pringles.material
[1.499s] -- Installing: /home/luca/topic-highlight/exam_ws/install/pal_gazebo_worlds/share/pal_gazebo_worlds/models/biscuits_pack/material/textures
[1.499s] -- Installing: /home/luca/topic-highlight/exam_ws/install/pal_gazebo_worlds/share/pal_gazebo_worlds/models/biscuits_pack/material/textures/biscuits_pack.jpg
[1.499s] -- Installing: /home/luca/topic-highlight/exam_ws/install/pal_gazebo_worlds/share/pal_gazebo_worlds/models/biscuits_pack/biscuits_pack.sdf
[1.500s] -- Installing: /home/luca/topic-highlight/exam_ws/install/pal_gazebo_worlds/share/pal_gazebo_worlds/models/biscuits_pack/model.config
[1.500s] -- Installing: /home/luca/topic-highlight/exam_ws/install/pal_gazebo_worlds/share/pal_gazebo_worlds/models/aruco_marker_250_6x6_2
[1.500s] -- Installing: /home/luca/topic-highlight/exam_ws/install/pal_gazebo_worlds/share/pal_gazebo_worlds/models/aruco_marker_250_6x6_2/material
[1.500s] -- Installing: /home/luca/topic-highlight/exam_ws/install/pal_gazebo_worlds/share/pal_gazebo_worlds/models/aruco_marker_250_6x6_2/material/scripts
[1.500s] -- Installing: /home/luca/topic-highlight/exam_ws/install/pal_gazebo_worlds/share/pal_gazebo_worlds/models/aruco_marker_250_6x6_2/material/scripts/aruco_marker_250_6x6.material
[1.500s] -- Installing: /home/luca/topic-highlight/exam_ws/install/pal_gazebo_worlds/share/pal_gazebo_worlds/models/aruco_marker_250_6x6_2/material/textures
[1.500s] -- Installing: /home/luca/topic-highlight/exam_ws/install/pal_gazebo_worlds/share/pal_gazebo_worlds/models/aruco_marker_250_6x6_2/material/textures/Aruco_6x6_250_1.png
[1.500s] -- Installing: /home/luca/topic-highlight/exam_ws/install/pal_gazebo_worlds/share/pal_gazebo_worlds/models/aruco_marker_250_6x6_2/model.config
[1.500s] -- Installing: /home/luca/topic-highlight/exam_ws/install/pal_gazebo_worlds/share/pal_gazebo_worlds/models/aruco_marker_250_6x6_2/aruco_marker_250_6x6.sdf
[1.500s] -- Installing: /home/luca/topic-highlight/exam_ws/install/pal_gazebo_worlds/share/pal_gazebo_worlds/models/aruco_marker_250_6x6_3
[1.501s] -- Installing: /home/luca/topic-highlight/exam_ws/install/pal_gazebo_worlds/share/pal_gazebo_worlds/models/aruco_marker_250_6x6_3/material
[1.501s] -- Installing: /home/luca/topic-highlight/exam_ws/install/pal_gazebo_worlds/share/pal_gazebo_worlds/models/aruco_marker_250_6x6_3/material/scripts
[1.501s] -- Installing: /home/luca/topic-highlight/exam_ws/install/pal_gazebo_worlds/share/pal_gazebo_worlds/models/aruco_marker_250_6x6_3/material/scripts/aruco_marker_250_6x6.material
[1.501s] -- Installing: /home/luca/topic-highlight/exam_ws/install/pal_gazebo_worlds/share/pal_gazebo_worlds/models/aruco_marker_250_6x6_3/material/textures
[1.501s] -- Installing: /home/luca/topic-highlight/exam_ws/install/pal_gazebo_worlds/share/pal_gazebo_worlds/models/aruco_marker_250_6x6_3/material/textures/Aruco_6x6_250_2.png
[1.501s] -- Installing: /home/luca/topic-highlight/exam_ws/install/pal_gazebo_worlds/share/pal_gazebo_worlds/models/aruco_marker_250_6x6_3/model.config
[1.502s] -- Installing: /home/luca/topic-highlight/exam_ws/install/pal_gazebo_worlds/share/pal_gazebo_worlds/models/aruco_marker_250_6x6_3/aruco_marker_250_6x6.sdf
[1.502s] -- Installing: /home/luca/topic-highlight/exam_ws/install/pal_gazebo_worlds/share/pal_gazebo_worlds/models/pringles2
[1.502s] -- Installing: /home/luca/topic-highlight/exam_ws/install/pal_gazebo_worlds/share/pal_gazebo_worlds/models/pringles2/material
[1.502s] -- Installing: /home/luca/topic-highlight/exam_ws/install/pal_gazebo_worlds/share/pal_gazebo_worlds/models/pringles2/material/scripts
[1.502s] -- Installing: /home/luca/topic-highlight/exam_ws/install/pal_gazebo_worlds/share/pal_gazebo_worlds/models/pringles2/material/scripts/pringles2.material
[1.502s] -- Installing: /home/luca/topic-highlight/exam_ws/install/pal_gazebo_worlds/share/pal_gazebo_worlds/models/pringles2/material/textures
[1.502s] -- Installing: /home/luca/topic-highlight/exam_ws/install/pal_gazebo_worlds/share/pal_gazebo_worlds/models/pringles2/material/textures/pringles2.jpg
[1.503s] -- Installing: /home/luca/topic-highlight/exam_ws/install/pal_gazebo_worlds/share/pal_gazebo_worlds/models/pringles2/model.config
[1.503s] -- Installing: /home/luca/topic-highlight/exam_ws/install/pal_gazebo_worlds/share/pal_gazebo_worlds/models/pringles2/pringles2.sdf
[1.503s] -- Installing: /home/luca/topic-highlight/exam_ws/install/pal_gazebo_worlds/share/pal_gazebo_worlds/models/dining_chair
[1.503s] -- Installing: /home/luca/topic-highlight/exam_ws/install/pal_gazebo_worlds/share/pal_gazebo_worlds/models/dining_chair/dining_chair.sdf
[1.503s] -- Installing: /home/luca/topic-highlight/exam_ws/install/pal_gazebo_worlds/share/pal_gazebo_worlds/models/dining_chair/meshes
[1.503s] -- Installing: /home/luca/topic-highlight/exam_ws/install/pal_gazebo_worlds/share/pal_gazebo_worlds/models/dining_chair/meshes/dining_chair.stl
[1.503s] -- Installing: /home/luca/topic-highlight/exam_ws/install/pal_gazebo_worlds/share/pal_gazebo_worlds/models/dining_chair/model.config
[1.503s] -- Installing: /home/luca/topic-highlight/exam_ws/install/pal_gazebo_worlds/share/pal_gazebo_worlds/models/aruco_marker_original_26
[1.503s] -- Installing: /home/luca/topic-highlight/exam_ws/install/pal_gazebo_worlds/share/pal_gazebo_worlds/models/aruco_marker_original_26/material
[1.503s] -- Installing: /home/luca/topic-highlight/exam_ws/install/pal_gazebo_worlds/share/pal_gazebo_worlds/models/aruco_marker_original_26/material/scripts
[1.503s] -- Installing: /home/luca/topic-highlight/exam_ws/install/pal_gazebo_worlds/share/pal_gazebo_worlds/models/aruco_marker_original_26/material/scripts/aruco_marker_original.material
[1.503s] -- Installing: /home/luca/topic-highlight/exam_ws/install/pal_gazebo_worlds/share/pal_gazebo_worlds/models/aruco_marker_original_26/material/textures
[1.503s] -- Installing: /home/luca/topic-highlight/exam_ws/install/pal_gazebo_worlds/share/pal_gazebo_worlds/models/aruco_marker_original_26/material/textures/Aruco_original_26.png
[1.504s] -- Installing: /home/luca/topic-highlight/exam_ws/install/pal_gazebo_worlds/share/pal_gazebo_worlds/models/aruco_marker_original_26/model.config
[1.504s] -- Installing: /home/luca/topic-highlight/exam_ws/install/pal_gazebo_worlds/share/pal_gazebo_worlds/models/aruco_marker_original_26/aruco_marker_original.sdf
[1.504s] -- Installing: /home/luca/topic-highlight/exam_ws/install/pal_gazebo_worlds/share/pal_gazebo_worlds/models/lamp
[1.504s] -- Installing: /home/luca/topic-highlight/exam_ws/install/pal_gazebo_worlds/share/pal_gazebo_worlds/models/lamp/lamp.sdf
[1.504s] -- Installing: /home/luca/topic-highlight/exam_ws/install/pal_gazebo_worlds/share/pal_gazebo_worlds/models/lamp/meshes
[1.504s] -- Installing: /home/luca/topic-highlight/exam_ws/install/pal_gazebo_worlds/share/pal_gazebo_worlds/models/lamp/meshes/lamp.stl
[1.504s] -- Installing: /home/luca/topic-highlight/exam_ws/install/pal_gazebo_worlds/share/pal_gazebo_worlds/models/lamp/model.config
[1.505s] -- Installing: /home/luca/topic-highlight/exam_ws/install/pal_gazebo_worlds/share/pal_gazebo_worlds/models/aruco_marker_6cm_238
[1.505s] -- Installing: /home/luca/topic-highlight/exam_ws/install/pal_gazebo_worlds/share/pal_gazebo_worlds/models/aruco_marker_6cm_238/material
[1.505s] -- Installing: /home/luca/topic-highlight/exam_ws/install/pal_gazebo_worlds/share/pal_gazebo_worlds/models/aruco_marker_6cm_238/material/scripts
[1.505s] -- Installing: /home/luca/topic-highlight/exam_ws/install/pal_gazebo_worlds/share/pal_gazebo_worlds/models/aruco_marker_6cm_238/material/scripts/aruco_marker_original.material
[1.505s] -- Installing: /home/luca/topic-highlight/exam_ws/install/pal_gazebo_worlds/share/pal_gazebo_worlds/models/aruco_marker_6cm_238/material/textures
[1.505s] -- Installing: /home/luca/topic-highlight/exam_ws/install/pal_gazebo_worlds/share/pal_gazebo_worlds/models/aruco_marker_6cm_238/material/textures/Aruco_6cm_238.png
[1.505s] -- Installing: /home/luca/topic-highlight/exam_ws/install/pal_gazebo_worlds/share/pal_gazebo_worlds/models/aruco_marker_6cm_238/model.config
[1.505s] -- Installing: /home/luca/topic-highlight/exam_ws/install/pal_gazebo_worlds/share/pal_gazebo_worlds/models/aruco_marker_6cm_238/aruco_marker_6cm.sdf
[1.505s] -- Installing: /home/luca/topic-highlight/exam_ws/install/pal_gazebo_worlds/share/pal_gazebo_worlds/models/pal_poster
[1.505s] -- Installing: /home/luca/topic-highlight/exam_ws/install/pal_gazebo_worlds/share/pal_gazebo_worlds/models/pal_poster/material
[1.505s] -- Installing: /home/luca/topic-highlight/exam_ws/install/pal_gazebo_worlds/share/pal_gazebo_worlds/models/pal_poster/material/scripts
[1.505s] -- Installing: /home/luca/topic-highlight/exam_ws/install/pal_gazebo_worlds/share/pal_gazebo_worlds/models/pal_poster/material/scripts/pal_poster.material
[1.505s] -- Installing: /home/luca/topic-highlight/exam_ws/install/pal_gazebo_worlds/share/pal_gazebo_worlds/models/pal_poster/material/textures
[1.505s] -- Installing: /home/luca/topic-highlight/exam_ws/install/pal_gazebo_worlds/share/pal_gazebo_worlds/models/pal_poster/material/textures/pal_poster.jpg
[1.505s] -- Installing: /home/luca/topic-highlight/exam_ws/install/pal_gazebo_worlds/share/pal_gazebo_worlds/models/pal_poster/pal_poster.sdf
[1.505s] -- Installing: /home/luca/topic-highlight/exam_ws/install/pal_gazebo_worlds/share/pal_gazebo_worlds/models/pal_poster/model.config
[1.505s] -- Installing: /home/luca/topic-highlight/exam_ws/install/pal_gazebo_worlds/share/pal_gazebo_worlds/models/closet
[1.505s] -- Installing: /home/luca/topic-highlight/exam_ws/install/pal_gazebo_worlds/share/pal_gazebo_worlds/models/closet/meshes
[1.505s] -- Installing: /home/luca/topic-highlight/exam_ws/install/pal_gazebo_worlds/share/pal_gazebo_worlds/models/closet/meshes/closet.stl
[1.505s] -- Installing: /home/luca/topic-highlight/exam_ws/install/pal_gazebo_worlds/share/pal_gazebo_worlds/models/closet/model.config
[1.505s] -- Installing: /home/luca/topic-highlight/exam_ws/install/pal_gazebo_worlds/share/pal_gazebo_worlds/models/closet/closet.sdf
[1.505s] -- Installing: /home/luca/topic-highlight/exam_ws/install/pal_gazebo_worlds/share/pal_gazebo_worlds/models/citizen_extras_female_03
[1.506s] -- Installing: /home/luca/topic-highlight/exam_ws/install/pal_gazebo_worlds/share/pal_gazebo_worlds/models/citizen_extras_female_03/images
[1.506s] -- Installing: /home/luca/topic-highlight/exam_ws/install/pal_gazebo_worlds/share/pal_gazebo_worlds/models/citizen_extras_female_03/images/Material__2noCulling.JPG
[1.506s] -- Installing: /home/luca/topic-highlight/exam_ws/install/pal_gazebo_worlds/share/pal_gazebo_worlds/models/citizen_extras_female_03/images/Material__1noCulling.JPG
[1.506s] -- Installing: /home/luca/topic-highlight/exam_ws/install/pal_gazebo_worlds/share/pal_gazebo_worlds/models/citizen_extras_female_03/images/_03_-_Default1noCulling.JPG
[1.506s] -- Installing: /home/luca/topic-highlight/exam_ws/install/pal_gazebo_worlds/share/pal_gazebo_worlds/models/citizen_extras_female_03/model.sdf
[1.506s] -- Installing: /home/luca/topic-highlight/exam_ws/install/pal_gazebo_worlds/share/pal_gazebo_worlds/models/citizen_extras_female_03/meshes
[1.506s] -- Installing: /home/luca/topic-highlight/exam_ws/install/pal_gazebo_worlds/share/pal_gazebo_worlds/models/citizen_extras_female_03/meshes/mesh.dae
[1.506s] -- Installing: /home/luca/topic-highlight/exam_ws/install/pal_gazebo_worlds/share/pal_gazebo_worlds/models/citizen_extras_female_03/model.config
[1.506s] -- Installing: /home/luca/topic-highlight/exam_ws/install/pal_gazebo_worlds/share/pal_gazebo_worlds/models/reemc_textured_object_nograv
[1.506s] -- Installing: /home/luca/topic-highlight/exam_ws/install/pal_gazebo_worlds/share/pal_gazebo_worlds/models/reemc_textured_object_nograv/model.sdf
[1.506s] -- Installing: /home/luca/topic-highlight/exam_ws/install/pal_gazebo_worlds/share/pal_gazebo_worlds/models/reemc_textured_object_nograv/model.config
[1.506s] -- Installing: /home/luca/topic-highlight/exam_ws/install/pal_gazebo_worlds/share/pal_gazebo_worlds/models/aruco_marker_250_6x6_1
[1.506s] -- Installing: /home/luca/topic-highlight/exam_ws/install/pal_gazebo_worlds/share/pal_gazebo_worlds/models/aruco_marker_250_6x6_1/material
[1.506s] -- Installing: /home/luca/topic-highlight/exam_ws/install/pal_gazebo_worlds/share/pal_gazebo_worlds/models/aruco_marker_250_6x6_1/material/scripts
[1.507s] -- Installing: /home/luca/topic-highlight/exam_ws/install/pal_gazebo_worlds/share/pal_gazebo_worlds/models/aruco_marker_250_6x6_1/material/scripts/aruco_marker_250_6x6.material
[1.507s] -- Installing: /home/luca/topic-highlight/exam_ws/install/pal_gazebo_worlds/share/pal_gazebo_worlds/models/aruco_marker_250_6x6_1/material/textures
[1.507s] -- Installing: /home/luca/topic-highlight/exam_ws/install/pal_gazebo_worlds/share/pal_gazebo_worlds/models/aruco_marker_250_6x6_1/material/textures/Aruco_6x6_250_0.png
[1.507s] -- Installing: /home/luca/topic-highlight/exam_ws/install/pal_gazebo_worlds/share/pal_gazebo_worlds/models/aruco_marker_250_6x6_1/model.config
[1.507s] -- Installing: /home/luca/topic-highlight/exam_ws/install/pal_gazebo_worlds/share/pal_gazebo_worlds/models/aruco_marker_250_6x6_1/aruco_marker_250_6x6.sdf
[1.508s] -- Installing: /home/luca/topic-highlight/exam_ws/install/pal_gazebo_worlds/share/pal_gazebo_worlds/models/database.config
[1.508s] -- Installing: /home/luca/topic-highlight/exam_ws/install/pal_gazebo_worlds/share/pal_gazebo_worlds/models/pal_textured_object
[1.508s] -- Installing: /home/luca/topic-highlight/exam_ws/install/pal_gazebo_worlds/share/pal_gazebo_worlds/models/pal_textured_object/material
[1.509s] -- Installing: /home/luca/topic-highlight/exam_ws/install/pal_gazebo_worlds/share/pal_gazebo_worlds/models/pal_textured_object/material/scripts
[1.509s] -- Installing: /home/luca/topic-highlight/exam_ws/install/pal_gazebo_worlds/share/pal_gazebo_worlds/models/pal_textured_object/material/scripts/pal_textured_object.material
[1.509s] -- Installing: /home/luca/topic-highlight/exam_ws/install/pal_gazebo_worlds/share/pal_gazebo_worlds/models/pal_textured_object/material/textures
[1.509s] -- Installing: /home/luca/topic-highlight/exam_ws/install/pal_gazebo_worlds/share/pal_gazebo_worlds/models/pal_textured_object/material/textures/pal_textured_object.png
[1.509s] -- Installing: /home/luca/topic-highlight/exam_ws/install/pal_gazebo_worlds/share/pal_gazebo_worlds/models/pal_textured_object/pal_textured_object.sdf
[1.510s] -- Installing: /home/luca/topic-highlight/exam_ws/install/pal_gazebo_worlds/share/pal_gazebo_worlds/models/pal_textured_object/model.config
[1.510s] -- Installing: /home/luca/topic-highlight/exam_ws/install/pal_gazebo_worlds/share/pal_gazebo_worlds/models/bifrutas_tropical_can
[1.510s] -- Installing: /home/luca/topic-highlight/exam_ws/install/pal_gazebo_worlds/share/pal_gazebo_worlds/models/bifrutas_tropical_can/material
[1.510s] -- Installing: /home/luca/topic-highlight/exam_ws/install/pal_gazebo_worlds/share/pal_gazebo_worlds/models/bifrutas_tropical_can/material/scripts
[1.510s] -- Installing: /home/luca/topic-highlight/exam_ws/install/pal_gazebo_worlds/share/pal_gazebo_worlds/models/bifrutas_tropical_can/material/scripts/bifrutas_tropical_can.material
[1.510s] -- Installing: /home/luca/topic-highlight/exam_ws/install/pal_gazebo_worlds/share/pal_gazebo_worlds/models/bifrutas_tropical_can/material/textures
[1.511s] -- Installing: /home/luca/topic-highlight/exam_ws/install/pal_gazebo_worlds/share/pal_gazebo_worlds/models/bifrutas_tropical_can/material/textures/bifrutas_tropical_can.jpg
[1.512s] -- Installing: /home/luca/topic-highlight/exam_ws/install/pal_gazebo_worlds/share/pal_gazebo_worlds/models/bifrutas_tropical_can/bifrutas_tropical_can.sdf
[1.512s] -- Installing: /home/luca/topic-highlight/exam_ws/install/pal_gazebo_worlds/share/pal_gazebo_worlds/models/bifrutas_tropical_can/model.config
[1.512s] -- Installing: /home/luca/topic-highlight/exam_ws/install/pal_gazebo_worlds/share/pal_gazebo_worlds/models/bottle_red_wine
[1.512s] -- Installing: /home/luca/topic-highlight/exam_ws/install/pal_gazebo_worlds/share/pal_gazebo_worlds/models/bottle_red_wine/model.sdf
[1.513s] -- Installing: /home/luca/topic-highlight/exam_ws/install/pal_gazebo_worlds/share/pal_gazebo_worlds/models/bottle_red_wine/meshes
[1.513s] -- Installing: /home/luca/topic-highlight/exam_ws/install/pal_gazebo_worlds/share/pal_gazebo_worlds/models/bottle_red_wine/meshes/red_wine.dae
[1.514s] -- Installing: /home/luca/topic-highlight/exam_ws/install/pal_gazebo_worlds/share/pal_gazebo_worlds/models/bottle_red_wine/meshes/cap.dae
[1.515s] -- Installing: /home/luca/topic-highlight/exam_ws/install/pal_gazebo_worlds/share/pal_gazebo_worlds/models/bottle_red_wine/meshes/bottle.dae
[1.517s] -- Installing: /home/luca/topic-highlight/exam_ws/install/pal_gazebo_worlds/share/pal_gazebo_worlds/models/bottle_red_wine/model.config
[1.517s] -- Installing: /home/luca/topic-highlight/exam_ws/install/pal_gazebo_worlds/share/pal_gazebo_worlds/models/ikea_urban_chair
[1.517s] -- Installing: /home/luca/topic-highlight/exam_ws/install/pal_gazebo_worlds/share/pal_gazebo_worlds/models/ikea_urban_chair/model.sdf
[1.518s] -- Installing: /home/luca/topic-highlight/exam_ws/install/pal_gazebo_worlds/share/pal_gazebo_worlds/models/ikea_urban_chair/meshes
[1.518s] -- Installing: /home/luca/topic-highlight/exam_ws/install/pal_gazebo_worlds/share/pal_gazebo_worlds/models/ikea_urban_chair/meshes/notexture.png
[1.518s] -- Installing: /home/luca/topic-highlight/exam_ws/install/pal_gazebo_worlds/share/pal_gazebo_worlds/models/ikea_urban_chair/meshes/mesh.dae
[1.520s] -- Installing: /home/luca/topic-highlight/exam_ws/install/pal_gazebo_worlds/share/pal_gazebo_worlds/models/ikea_urban_chair/model.config
[1.521s] -- Installing: /home/luca/topic-highlight/exam_ws/install/pal_gazebo_worlds/share/pal_gazebo_worlds/models/reviews_table
[1.521s] -- Installing: /home/luca/topic-highlight/exam_ws/install/pal_gazebo_worlds/share/pal_gazebo_worlds/models/reviews_table/reviews_table.sdf
[1.521s] -- Installing: /home/luca/topic-highlight/exam_ws/install/pal_gazebo_worlds/share/pal_gazebo_worlds/models/reviews_table/meshes
[1.521s] -- Installing: /home/luca/topic-highlight/exam_ws/install/pal_gazebo_worlds/share/pal_gazebo_worlds/models/reviews_table/meshes/reviews_table.stl
[1.521s] -- Installing: /home/luca/topic-highlight/exam_ws/install/pal_gazebo_worlds/share/pal_gazebo_worlds/models/reviews_table/model.config
[1.521s] -- Installing: /home/luca/topic-highlight/exam_ws/install/pal_gazebo_worlds/share/pal_gazebo_worlds/models/aruco_cube
[1.522s] -- Installing: /home/luca/topic-highlight/exam_ws/install/pal_gazebo_worlds/share/pal_gazebo_worlds/models/aruco_cube/meshes
[1.522s] -- Installing: /home/luca/topic-highlight/exam_ws/install/pal_gazebo_worlds/share/pal_gazebo_worlds/models/aruco_cube/meshes/aruco_cube_6cm.dae
[1.522s] -- Installing: /home/luca/topic-highlight/exam_ws/install/pal_gazebo_worlds/share/pal_gazebo_worlds/models/aruco_cube/meshes/marker582.png
[1.522s] -- Installing: /home/luca/topic-highlight/exam_ws/install/pal_gazebo_worlds/share/pal_gazebo_worlds/models/aruco_cube/meshes/aruco_cube_8cm.dae
[1.522s] -- Installing: /home/luca/topic-highlight/exam_ws/install/pal_gazebo_worlds/share/pal_gazebo_worlds/models/aruco_cube/meshes/marker582_small_margin.png
[1.522s] -- Installing: /home/luca/topic-highlight/exam_ws/install/pal_gazebo_worlds/share/pal_gazebo_worlds/models/aruco_cube/meshes/aruco_cube_5cm.dae
[1.523s] -- Installing: /home/luca/topic-highlight/exam_ws/install/pal_gazebo_worlds/share/pal_gazebo_worlds/models/aruco_cube/model.config
[1.523s] -- Installing: /home/luca/topic-highlight/exam_ws/install/pal_gazebo_worlds/share/pal_gazebo_worlds/models/aruco_cube/aruco_cube.sdf
[1.523s] -- Installing: /home/luca/topic-highlight/exam_ws/install/pal_gazebo_worlds/share/pal_gazebo_worlds/models/aruco_marker_6cm_582
[1.523s] -- Installing: /home/luca/topic-highlight/exam_ws/install/pal_gazebo_worlds/share/pal_gazebo_worlds/models/aruco_marker_6cm_582/material
[1.524s] -- Installing: /home/luca/topic-highlight/exam_ws/install/pal_gazebo_worlds/share/pal_gazebo_worlds/models/aruco_marker_6cm_582/material/scripts
[1.524s] -- Installing: /home/luca/topic-highlight/exam_ws/install/pal_gazebo_worlds/share/pal_gazebo_worlds/models/aruco_marker_6cm_582/material/scripts/aruco_marker_original.material
[1.524s] -- Installing: /home/luca/topic-highlight/exam_ws/install/pal_gazebo_worlds/share/pal_gazebo_worlds/models/aruco_marker_6cm_582/material/textures
[1.524s] -- Installing: /home/luca/topic-highlight/exam_ws/install/pal_gazebo_worlds/share/pal_gazebo_worlds/models/aruco_marker_6cm_582/material/textures/Aruco_6cm_582.png
[1.524s] -- Installing: /home/luca/topic-highlight/exam_ws/install/pal_gazebo_worlds/share/pal_gazebo_worlds/models/aruco_marker_6cm_582/model.config
[1.525s] -- Installing: /home/luca/topic-highlight/exam_ws/install/pal_gazebo_worlds/share/pal_gazebo_worlds/models/aruco_marker_6cm_582/aruco_marker_6cm.sdf
[1.525s] -- Installing: /home/luca/topic-highlight/exam_ws/install/pal_gazebo_worlds/share/pal_gazebo_worlds/models/box_with_handles
[1.526s] -- Installing: /home/luca/topic-highlight/exam_ws/install/pal_gazebo_worlds/share/pal_gazebo_worlds/models/box_with_handles/material
[1.526s] -- Installing: /home/luca/topic-highlight/exam_ws/install/pal_gazebo_worlds/share/pal_gazebo_worlds/models/box_with_handles/material/scripts
[1.526s] -- Installing: /home/luca/topic-highlight/exam_ws/install/pal_gazebo_worlds/share/pal_gazebo_worlds/models/box_with_handles/material/scripts/aruco_marker_original.material
[1.526s] -- Installing: /home/luca/topic-highlight/exam_ws/install/pal_gazebo_worlds/share/pal_gazebo_worlds/models/box_with_handles/material/textures
[1.526s] -- Installing: /home/luca/topic-highlight/exam_ws/install/pal_gazebo_worlds/share/pal_gazebo_worlds/models/box_with_handles/material/textures/Aruco_original_582.png
[1.526s] -- Installing: /home/luca/topic-highlight/exam_ws/install/pal_gazebo_worlds/share/pal_gazebo_worlds/models/box_with_handles/box_with_handles.sdf
[1.527s] -- Installing: /home/luca/topic-highlight/exam_ws/install/pal_gazebo_worlds/share/pal_gazebo_worlds/models/box_with_handles/model.config
[1.527s] -- Installing: /home/luca/topic-highlight/exam_ws/install/pal_gazebo_worlds/share/pal_gazebo_worlds/models/ikea_stefan_chair
[1.527s] -- Installing: /home/luca/topic-highlight/exam_ws/install/pal_gazebo_worlds/share/pal_gazebo_worlds/models/ikea_stefan_chair/model.sdf
[1.527s] -- Installing: /home/luca/topic-highlight/exam_ws/install/pal_gazebo_worlds/share/pal_gazebo_worlds/models/ikea_stefan_chair/meshes
[1.528s] -- Installing: /home/luca/topic-highlight/exam_ws/install/pal_gazebo_worlds/share/pal_gazebo_worlds/models/ikea_stefan_chair/meshes/mesh.dae
[1.528s] -- Installing: /home/luca/topic-highlight/exam_ws/install/pal_gazebo_worlds/share/pal_gazebo_worlds/models/ikea_stefan_chair/model.config
[1.528s] -- Installing: /home/luca/topic-highlight/exam_ws/install/pal_gazebo_worlds/share/pal_gazebo_worlds/models/bench
[1.528s] -- Installing: /home/luca/topic-highlight/exam_ws/install/pal_gazebo_worlds/share/pal_gazebo_worlds/models/bench/meshes
[1.528s] -- Installing: /home/luca/topic-highlight/exam_ws/install/pal_gazebo_worlds/share/pal_gazebo_worlds/models/bench/meshes/bench.stl
[1.529s] -- Installing: /home/luca/topic-highlight/exam_ws/install/pal_gazebo_worlds/share/pal_gazebo_worlds/models/bench/model.config
[1.529s] -- Installing: /home/luca/topic-highlight/exam_ws/install/pal_gazebo_worlds/share/pal_gazebo_worlds/models/bench/bench.sdf
[1.529s] -- Installing: /home/luca/topic-highlight/exam_ws/install/pal_gazebo_worlds/share/pal_gazebo_worlds/models/reemc_walls
[1.529s] -- Installing: /home/luca/topic-highlight/exam_ws/install/pal_gazebo_worlds/share/pal_gazebo_worlds/models/reemc_walls/model.config
[1.529s] -- Installing: /home/luca/topic-highlight/exam_ws/install/pal_gazebo_worlds/share/pal_gazebo_worlds/models/reemc_walls/walls.sdf
[1.530s] -- Installing: /home/luca/topic-highlight/exam_ws/install/pal_gazebo_worlds/share/pal_gazebo_worlds/models/table_1m
[1.530s] -- Installing: /home/luca/topic-highlight/exam_ws/install/pal_gazebo_worlds/share/pal_gazebo_worlds/models/table_1m/table_1m.sdf
[1.530s] -- Installing: /home/luca/topic-highlight/exam_ws/install/pal_gazebo_worlds/share/pal_gazebo_worlds/models/table_1m/model.config
[1.530s] -- Installing: /home/luca/topic-highlight/exam_ws/install/pal_gazebo_worlds/share/pal_gazebo_worlds/models/pringles
[1.531s] -- Installing: /home/luca/topic-highlight/exam_ws/install/pal_gazebo_worlds/share/pal_gazebo_worlds/models/pringles/material
[1.531s] -- Installing: /home/luca/topic-highlight/exam_ws/install/pal_gazebo_worlds/share/pal_gazebo_worlds/models/pringles/material/scripts
[1.531s] -- Installing: /home/luca/topic-highlight/exam_ws/install/pal_gazebo_worlds/share/pal_gazebo_worlds/models/pringles/material/scripts/pringles.material
[1.531s] -- Installing: /home/luca/topic-highlight/exam_ws/install/pal_gazebo_worlds/share/pal_gazebo_worlds/models/pringles/material/textures
[1.531s] -- Installing: /home/luca/topic-highlight/exam_ws/install/pal_gazebo_worlds/share/pal_gazebo_worlds/models/pringles/material/textures/pringles.jpg
[1.531s] -- Installing: /home/luca/topic-highlight/exam_ws/install/pal_gazebo_worlds/share/pal_gazebo_worlds/models/pringles/pringles.sdf
[1.532s] -- Installing: /home/luca/topic-highlight/exam_ws/install/pal_gazebo_worlds/share/pal_gazebo_worlds/models/pringles/model.config
[1.532s] -- Installing: /home/luca/topic-highlight/exam_ws/install/pal_gazebo_worlds/share/pal_gazebo_worlds/models/ideal_sun
[1.532s] -- Installing: /home/luca/topic-highlight/exam_ws/install/pal_gazebo_worlds/share/pal_gazebo_worlds/models/ideal_sun/model.sdf
[1.532s] -- Installing: /home/luca/topic-highlight/exam_ws/install/pal_gazebo_worlds/share/pal_gazebo_worlds/models/ideal_sun/model.config
[1.533s] -- Installing: /home/luca/topic-highlight/exam_ws/install/pal_gazebo_worlds/share/pal_gazebo_worlds/models/aruco_cube_exam_id63
[1.533s] -- Installing: /home/luca/topic-highlight/exam_ws/install/pal_gazebo_worlds/share/pal_gazebo_worlds/models/aruco_cube_exam_id63/aruco_cube_exam_id63.sdf
[1.533s] -- Installing: /home/luca/topic-highlight/exam_ws/install/pal_gazebo_worlds/share/pal_gazebo_worlds/models/aruco_cube_exam_id63/meshes
[1.533s] -- Installing: /home/luca/topic-highlight/exam_ws/install/pal_gazebo_worlds/share/pal_gazebo_worlds/models/aruco_cube_exam_id63/meshes/aruco_cube_6cm.dae
[1.534s] -- Installing: /home/luca/topic-highlight/exam_ws/install/pal_gazebo_worlds/share/pal_gazebo_worlds/models/aruco_cube_exam_id63/meshes/aruco_id_63.png
[1.534s] -- Installing: /home/luca/topic-highlight/exam_ws/install/pal_gazebo_worlds/share/pal_gazebo_worlds/models/aruco_cube_exam_id63/model.config
[1.534s] -- Installing: /home/luca/topic-highlight/exam_ws/install/pal_gazebo_worlds/share/pal_gazebo_worlds/models/wall_with_reem_photo
[1.534s] -- Installing: /home/luca/topic-highlight/exam_ws/install/pal_gazebo_worlds/share/pal_gazebo_worlds/models/wall_with_reem_photo/material
[1.534s] -- Installing: /home/luca/topic-highlight/exam_ws/install/pal_gazebo_worlds/share/pal_gazebo_worlds/models/wall_with_reem_photo/material/scripts
[1.535s] -- Installing: /home/luca/topic-highlight/exam_ws/install/pal_gazebo_worlds/share/pal_gazebo_worlds/models/wall_with_reem_photo/material/scripts/wallWithREEMphoto.material
[1.535s] -- Installing: /home/luca/topic-highlight/exam_ws/install/pal_gazebo_worlds/share/pal_gazebo_worlds/models/wall_with_reem_photo/material/scripts/ball.material
[1.535s] -- Installing: /home/luca/topic-highlight/exam_ws/install/pal_gazebo_worlds/share/pal_gazebo_worlds/models/wall_with_reem_photo/material/textures
[1.535s] -- Installing: /home/luca/topic-highlight/exam_ws/install/pal_gazebo_worlds/share/pal_gazebo_worlds/models/wall_with_reem_photo/material/textures/REEM_photo0.jpg
[1.535s] -- Installing: /home/luca/topic-highlight/exam_ws/install/pal_gazebo_worlds/share/pal_gazebo_worlds/models/wall_with_reem_photo/model.sdf
[1.535s] -- Installing: /home/luca/topic-highlight/exam_ws/install/pal_gazebo_worlds/share/pal_gazebo_worlds/models/wall_with_reem_photo/model.config
[1.535s] -- Installing: /home/luca/topic-highlight/exam_ws/install/pal_gazebo_worlds/share/pal_gazebo_worlds/models/kitchen_table
[1.536s] -- Installing: /home/luca/topic-highlight/exam_ws/install/pal_gazebo_worlds/share/pal_gazebo_worlds/models/kitchen_table/meshes
[1.536s] -- Installing: /home/luca/topic-highlight/exam_ws/install/pal_gazebo_worlds/share/pal_gazebo_worlds/models/kitchen_table/meshes/kitchen_table.stl
[1.536s] -- Installing: /home/luca/topic-highlight/exam_ws/install/pal_gazebo_worlds/share/pal_gazebo_worlds/models/kitchen_table/model.config
[1.536s] -- Installing: /home/luca/topic-highlight/exam_ws/install/pal_gazebo_worlds/share/pal_gazebo_worlds/models/kitchen_table/kitchen_table.sdf
[1.536s] -- Installing: /home/luca/topic-highlight/exam_ws/install/pal_gazebo_worlds/share/pal_gazebo_worlds/models/sun
[1.536s] -- Installing: /home/luca/topic-highlight/exam_ws/install/pal_gazebo_worlds/share/pal_gazebo_worlds/models/sun/model-1_2.sdf
[1.536s] -- Installing: /home/luca/topic-highlight/exam_ws/install/pal_gazebo_worlds/share/pal_gazebo_worlds/models/sun/model.sdf
[1.536s] -- Installing: /home/luca/topic-highlight/exam_ws/install/pal_gazebo_worlds/share/pal_gazebo_worlds/models/sun/model.config
[1.537s] -- Installing: /home/luca/topic-highlight/exam_ws/install/pal_gazebo_worlds/share/pal_gazebo_worlds/models/sun/model-1_3.sdf
[1.537s] -- Installing: /home/luca/topic-highlight/exam_ws/install/pal_gazebo_worlds/share/pal_gazebo_worlds/models/sun/model-1_4.sdf
[1.537s] -- Installing: /home/luca/topic-highlight/exam_ws/install/pal_gazebo_worlds/share/pal_gazebo_worlds/models/green_cube
[1.537s] -- Installing: /home/luca/topic-highlight/exam_ws/install/pal_gazebo_worlds/share/pal_gazebo_worlds/models/green_cube/green_cube.sdf
[1.537s] -- Installing: /home/luca/topic-highlight/exam_ws/install/pal_gazebo_worlds/share/pal_gazebo_worlds/models/green_cube/model.config
[1.538s] -- Installing: /home/luca/topic-highlight/exam_ws/install/pal_gazebo_worlds/share/pal_gazebo_worlds/models/floor_lamp
[1.538s] -- Installing: /home/luca/topic-highlight/exam_ws/install/pal_gazebo_worlds/share/pal_gazebo_worlds/models/floor_lamp/floor_lamp.sdf
[1.538s] -- Installing: /home/luca/topic-highlight/exam_ws/install/pal_gazebo_worlds/share/pal_gazebo_worlds/models/floor_lamp/meshes
[1.538s] -- Installing: /home/luca/topic-highlight/exam_ws/install/pal_gazebo_worlds/share/pal_gazebo_worlds/models/floor_lamp/meshes/floor_lamp.stl
[1.539s] -- Installing: /home/luca/topic-highlight/exam_ws/install/pal_gazebo_worlds/share/pal_gazebo_worlds/models/floor_lamp/model.config
[1.539s] -- Installing: /home/luca/topic-highlight/exam_ws/install/pal_gazebo_worlds/share/pal_gazebo_worlds/models/coca_cola
[1.539s] -- Installing: /home/luca/topic-highlight/exam_ws/install/pal_gazebo_worlds/share/pal_gazebo_worlds/models/coca_cola/materials
[1.539s] -- Installing: /home/luca/topic-highlight/exam_ws/install/pal_gazebo_worlds/share/pal_gazebo_worlds/models/coca_cola/materials/scripts
[1.540s] -- Installing: /home/luca/topic-highlight/exam_ws/install/pal_gazebo_worlds/share/pal_gazebo_worlds/models/coca_cola/materials/scripts/coke.material
[1.540s] -- Installing: /home/luca/topic-highlight/exam_ws/install/pal_gazebo_worlds/share/pal_gazebo_worlds/models/coca_cola/materials/textures
[1.540s] -- Installing: /home/luca/topic-highlight/exam_ws/install/pal_gazebo_worlds/share/pal_gazebo_worlds/models/coca_cola/materials/textures/cokecan.jpg
[1.541s] -- Installing: /home/luca/topic-highlight/exam_ws/install/pal_gazebo_worlds/share/pal_gazebo_worlds/models/coca_cola/model.sdf
[1.541s] -- Installing: /home/luca/topic-highlight/exam_ws/install/pal_gazebo_worlds/share/pal_gazebo_worlds/models/coca_cola/meshes
[1.541s] -- Installing: /home/luca/topic-highlight/exam_ws/install/pal_gazebo_worlds/share/pal_gazebo_worlds/models/coca_cola/meshes/coke_uv_map.jpg
[1.541s] -- Installing: /home/luca/topic-highlight/exam_ws/install/pal_gazebo_worlds/share/pal_gazebo_worlds/models/coca_cola/meshes/coke.dae
[1.542s] -- Installing: /home/luca/topic-highlight/exam_ws/install/pal_gazebo_worlds/share/pal_gazebo_worlds/models/coca_cola/meshes/can_ring_pull_end_centre.png
[1.542s] -- Installing: /home/luca/topic-highlight/exam_ws/install/pal_gazebo_worlds/share/pal_gazebo_worlds/models/coca_cola/meshes/aluminum.jpg
[1.543s] -- Installing: /home/luca/topic-highlight/exam_ws/install/pal_gazebo_worlds/share/pal_gazebo_worlds/models/coca_cola/model.config
[1.543s] -- Installing: /home/luca/topic-highlight/exam_ws/install/pal_gazebo_worlds/share/pal_gazebo_worlds/models/bauman
[1.543s] -- Installing: /home/luca/topic-highlight/exam_ws/install/pal_gazebo_worlds/share/pal_gazebo_worlds/models/bauman/model.sdf
[1.544s] -- Installing: /home/luca/topic-highlight/exam_ws/install/pal_gazebo_worlds/share/pal_gazebo_worlds/models/bauman/model.config
[1.544s] -- Installing: /home/luca/topic-highlight/exam_ws/install/pal_gazebo_worlds/share/pal_gazebo_worlds/models/bauman/README
[1.545s] -- Installing: /home/luca/topic-highlight/exam_ws/install/pal_gazebo_worlds/share/pal_gazebo_worlds/models/bauman/bauman_walls.png
[1.545s] -- Installing: /home/luca/topic-highlight/exam_ws/install/pal_gazebo_worlds/share/pal_gazebo_worlds/models/kitchen_chair
[1.545s] -- Installing: /home/luca/topic-highlight/exam_ws/install/pal_gazebo_worlds/share/pal_gazebo_worlds/models/kitchen_chair/meshes
[1.545s] -- Installing: /home/luca/topic-highlight/exam_ws/install/pal_gazebo_worlds/share/pal_gazebo_worlds/models/kitchen_chair/meshes/kitchen_chair.stl
[1.546s] -- Installing: /home/luca/topic-highlight/exam_ws/install/pal_gazebo_worlds/share/pal_gazebo_worlds/models/kitchen_chair/model.config
[1.546s] -- Installing: /home/luca/topic-highlight/exam_ws/install/pal_gazebo_worlds/share/pal_gazebo_worlds/models/kitchen_chair/kitchen_chair.sdf
[1.546s] -- Installing: /home/luca/topic-highlight/exam_ws/install/pal_gazebo_worlds/share/pal_gazebo_worlds/models/brick_box_3x1x3
[1.547s] -- Installing: /home/luca/topic-highlight/exam_ws/install/pal_gazebo_worlds/share/pal_gazebo_worlds/models/brick_box_3x1x3/materials
[1.547s] -- Installing: /home/luca/topic-highlight/exam_ws/install/pal_gazebo_worlds/share/pal_gazebo_worlds/models/brick_box_3x1x3/materials/scripts
[1.547s] -- Installing: /home/luca/topic-highlight/exam_ws/install/pal_gazebo_worlds/share/pal_gazebo_worlds/models/brick_box_3x1x3/materials/scripts/brick_box.material
[1.547s] -- Installing: /home/luca/topic-highlight/exam_ws/install/pal_gazebo_worlds/share/pal_gazebo_worlds/models/brick_box_3x1x3/materials/textures
[1.547s] -- Installing: /home/luca/topic-highlight/exam_ws/install/pal_gazebo_worlds/share/pal_gazebo_worlds/models/brick_box_3x1x3/materials/textures/simple_box.png
[1.549s] -- Installing: /home/luca/topic-highlight/exam_ws/install/pal_gazebo_worlds/share/pal_gazebo_worlds/models/brick_box_3x1x3/model.sdf
[1.549s] -- Installing: /home/luca/topic-highlight/exam_ws/install/pal_gazebo_worlds/share/pal_gazebo_worlds/models/brick_box_3x1x3/meshes
[1.549s] -- Installing: /home/luca/topic-highlight/exam_ws/install/pal_gazebo_worlds/share/pal_gazebo_worlds/models/brick_box_3x1x3/meshes/simple_box.dae
[1.550s] -- Installing: /home/luca/topic-highlight/exam_ws/install/pal_gazebo_worlds/share/pal_gazebo_worlds/models/brick_box_3x1x3/model.config
[1.550s] -- Installing: /home/luca/topic-highlight/exam_ws/install/pal_gazebo_worlds/share/pal_gazebo_worlds/models/brick_box_3x1x3/model-1_3.sdf
[1.550s] -- Installing: /home/luca/topic-highlight/exam_ws/install/pal_gazebo_worlds/share/pal_gazebo_worlds/models/brick_box_3x1x3/model-1_4.sdf
[1.550s] -- Installing: /home/luca/topic-highlight/exam_ws/install/pal_gazebo_worlds/share/pal_gazebo_worlds/models/ikea_folke_chair
[1.550s] -- Installing: /home/luca/topic-highlight/exam_ws/install/pal_gazebo_worlds/share/pal_gazebo_worlds/models/ikea_folke_chair/model.sdf
[1.551s] -- Installing: /home/luca/topic-highlight/exam_ws/install/pal_gazebo_worlds/share/pal_gazebo_worlds/models/ikea_folke_chair/meshes
[1.551s] -- Installing: /home/luca/topic-highlight/exam_ws/install/pal_gazebo_worlds/share/pal_gazebo_worlds/models/ikea_folke_chair/meshes/notexture.png
[1.551s] -- Installing: /home/luca/topic-highlight/exam_ws/install/pal_gazebo_worlds/share/pal_gazebo_worlds/models/ikea_folke_chair/meshes/texture.png
[1.551s] -- Installing: /home/luca/topic-highlight/exam_ws/install/pal_gazebo_worlds/share/pal_gazebo_worlds/models/ikea_folke_chair/meshes/mesh.dae
[1.551s] -- Installing: /home/luca/topic-highlight/exam_ws/install/pal_gazebo_worlds/share/pal_gazebo_worlds/models/ikea_folke_chair/model.config
[1.551s] -- Installing: /home/luca/topic-highlight/exam_ws/install/pal_gazebo_worlds/share/pal_gazebo_worlds/models/citizen_extras_male_03
[1.552s] -- Installing: /home/luca/topic-highlight/exam_ws/install/pal_gazebo_worlds/share/pal_gazebo_worlds/models/citizen_extras_male_03/images
[1.552s] -- Installing: /home/luca/topic-highlight/exam_ws/install/pal_gazebo_worlds/share/pal_gazebo_worlds/models/citizen_extras_male_03/images/hrad1noCulling.JPG
[1.552s] -- Installing: /home/luca/topic-highlight/exam_ws/install/pal_gazebo_worlds/share/pal_gazebo_worlds/models/citizen_extras_male_03/images/Material__1noCulling.JPG
[1.553s] -- Installing: /home/luca/topic-highlight/exam_ws/install/pal_gazebo_worlds/share/pal_gazebo_worlds/models/citizen_extras_male_03/images/hair1noCulling.JPG
[1.553s] -- Installing: /home/luca/topic-highlight/exam_ws/install/pal_gazebo_worlds/share/pal_gazebo_worlds/models/citizen_extras_male_03/model.sdf
[1.553s] -- Installing: /home/luca/topic-highlight/exam_ws/install/pal_gazebo_worlds/share/pal_gazebo_worlds/models/citizen_extras_male_03/meshes
[1.553s] -- Installing: /home/luca/topic-highlight/exam_ws/install/pal_gazebo_worlds/share/pal_gazebo_worlds/models/citizen_extras_male_03/meshes/mesh.dae
[1.555s] -- Installing: /home/luca/topic-highlight/exam_ws/install/pal_gazebo_worlds/share/pal_gazebo_worlds/models/citizen_extras_male_03/model.config
[1.555s] -- Installing: /home/luca/topic-highlight/exam_ws/install/pal_gazebo_worlds/share/pal_gazebo_worlds/models/rockin_camp
[1.555s] -- Installing: /home/luca/topic-highlight/exam_ws/install/pal_gazebo_worlds/share/pal_gazebo_worlds/models/rockin_camp/model.sdf
[1.556s] -- Installing: /home/luca/topic-highlight/exam_ws/install/pal_gazebo_worlds/share/pal_gazebo_worlds/models/rockin_camp/model.config
[1.557s] -- Installing: /home/luca/topic-highlight/exam_ws/install/pal_gazebo_worlds/share/pal_gazebo_worlds/models/rockin_camp/README
[1.557s] -- Installing: /home/luca/topic-highlight/exam_ws/install/pal_gazebo_worlds/share/pal_gazebo_worlds/models/rockin_camp/rockin_camp.png
[1.557s] -- Installing: /home/luca/topic-highlight/exam_ws/install/pal_gazebo_worlds/share/pal_gazebo_worlds/models/kitchen_no_sink_walls_pics
[1.557s] -- Installing: /home/luca/topic-highlight/exam_ws/install/pal_gazebo_worlds/share/pal_gazebo_worlds/models/kitchen_no_sink_walls_pics/model.sdf
[1.557s] -- Installing: /home/luca/topic-highlight/exam_ws/install/pal_gazebo_worlds/share/pal_gazebo_worlds/models/kitchen_no_sink_walls_pics/model.config
[1.558s] -- Installing: /home/luca/topic-highlight/exam_ws/install/pal_gazebo_worlds/share/pal_gazebo_worlds/models/reemc_textured_object
[1.558s] -- Installing: /home/luca/topic-highlight/exam_ws/install/pal_gazebo_worlds/share/pal_gazebo_worlds/models/reemc_textured_object/model.sdf
[1.558s] -- Installing: /home/luca/topic-highlight/exam_ws/install/pal_gazebo_worlds/share/pal_gazebo_worlds/models/reemc_textured_object/meshes
[1.558s] -- Installing: /home/luca/topic-highlight/exam_ws/install/pal_gazebo_worlds/share/pal_gazebo_worlds/models/reemc_textured_object/meshes/texture.jpg
[1.559s] -- Installing: /home/luca/topic-highlight/exam_ws/install/pal_gazebo_worlds/share/pal_gazebo_worlds/models/reemc_textured_object/meshes/mesh.dae
[1.559s] -- Installing: /home/luca/topic-highlight/exam_ws/install/pal_gazebo_worlds/share/pal_gazebo_worlds/models/reemc_textured_object/model.config
[1.559s] -- Installing: /home/luca/topic-highlight/exam_ws/install/pal_gazebo_worlds/share/pal_gazebo_worlds/models/aruco_marker_6cm_63
[1.560s] -- Installing: /home/luca/topic-highlight/exam_ws/install/pal_gazebo_worlds/share/pal_gazebo_worlds/models/aruco_marker_6cm_63/material
[1.560s] -- Installing: /home/luca/topic-highlight/exam_ws/install/pal_gazebo_worlds/share/pal_gazebo_worlds/models/aruco_marker_6cm_63/material/scripts
[1.560s] -- Installing: /home/luca/topic-highlight/exam_ws/install/pal_gazebo_worlds/share/pal_gazebo_worlds/models/aruco_marker_6cm_63/material/scripts/aruco_marker_original.material
[1.561s] -- Installing: /home/luca/topic-highlight/exam_ws/install/pal_gazebo_worlds/share/pal_gazebo_worlds/models/aruco_marker_6cm_63/material/textures
[1.561s] -- Installing: /home/luca/topic-highlight/exam_ws/install/pal_gazebo_worlds/share/pal_gazebo_worlds/models/aruco_marker_6cm_63/material/textures/Aruco_6cm_63.png
[1.561s] -- Installing: /home/luca/topic-highlight/exam_ws/install/pal_gazebo_worlds/share/pal_gazebo_worlds/models/aruco_marker_6cm_63/model.config
[1.561s] -- Installing: /home/luca/topic-highlight/exam_ws/install/pal_gazebo_worlds/share/pal_gazebo_worlds/models/aruco_marker_6cm_63/aruco_marker_6cm.sdf
[1.561s] -- Installing: /home/luca/topic-highlight/exam_ws/install/pal_gazebo_worlds/share/pal_gazebo_worlds/models/ikea_harry_chair
[1.561s] -- Installing: /home/luca/topic-highlight/exam_ws/install/pal_gazebo_worlds/share/pal_gazebo_worlds/models/ikea_harry_chair/model.sdf
[1.561s] -- Installing: /home/luca/topic-highlight/exam_ws/install/pal_gazebo_worlds/share/pal_gazebo_worlds/models/ikea_harry_chair/meshes
[1.562s] -- Installing: /home/luca/topic-highlight/exam_ws/install/pal_gazebo_worlds/share/pal_gazebo_worlds/models/ikea_harry_chair/meshes/legs.png
[1.562s] -- Installing: /home/luca/topic-highlight/exam_ws/install/pal_gazebo_worlds/share/pal_gazebo_worlds/models/ikea_harry_chair/meshes/mesh.dae
[1.563s] -- Installing: /home/luca/topic-highlight/exam_ws/install/pal_gazebo_worlds/share/pal_gazebo_worlds/models/ikea_harry_chair/meshes/body.png
[1.563s] -- Installing: /home/luca/topic-highlight/exam_ws/install/pal_gazebo_worlds/share/pal_gazebo_worlds/models/ikea_harry_chair/model.config
[1.563s] -- Installing: /home/luca/topic-highlight/exam_ws/install/pal_gazebo_worlds/share/pal_gazebo_worlds/models/door_obstacle
[1.563s] -- Installing: /home/luca/topic-highlight/exam_ws/install/pal_gazebo_worlds/share/pal_gazebo_worlds/models/door_obstacle/model.config
[1.563s] -- Installing: /home/luca/topic-highlight/exam_ws/install/pal_gazebo_worlds/share/pal_gazebo_worlds/models/door_obstacle/door_obstacle.sdf
[1.563s] -- Installing: /home/luca/topic-highlight/exam_ws/install/pal_gazebo_worlds/share/pal_gazebo_worlds/models/goetz_sofa
[1.564s] -- Installing: /home/luca/topic-highlight/exam_ws/install/pal_gazebo_worlds/share/pal_gazebo_worlds/models/goetz_sofa/goetz_sofa.sdf
[1.564s] -- Installing: /home/luca/topic-highlight/exam_ws/install/pal_gazebo_worlds/share/pal_gazebo_worlds/models/goetz_sofa/materials
[1.564s] -- Installing: /home/luca/topic-highlight/exam_ws/install/pal_gazebo_worlds/share/pal_gazebo_worlds/models/goetz_sofa/materials/textures
[1.564s] -- Installing: /home/luca/topic-highlight/exam_ws/install/pal_gazebo_worlds/share/pal_gazebo_worlds/models/goetz_sofa/materials/textures/texture0.jpg
[1.564s] -- Installing: /home/luca/topic-highlight/exam_ws/install/pal_gazebo_worlds/share/pal_gazebo_worlds/models/goetz_sofa/meshes
[1.565s] -- Installing: /home/luca/topic-highlight/exam_ws/install/pal_gazebo_worlds/share/pal_gazebo_worlds/models/goetz_sofa/meshes/goetz_sofa.dae
[1.567s] -- Installing: /home/luca/topic-highlight/exam_ws/install/pal_gazebo_worlds/share/pal_gazebo_worlds/models/goetz_sofa/model.config
[1.568s] -- Installing: /home/luca/topic-highlight/exam_ws/install/pal_gazebo_worlds/share/pal_gazebo_worlds/models/aruco_board
[1.568s] -- Installing: /home/luca/topic-highlight/exam_ws/install/pal_gazebo_worlds/share/pal_gazebo_worlds/models/aruco_board/material
[1.568s] -- Installing: /home/luca/topic-highlight/exam_ws/install/pal_gazebo_worlds/share/pal_gazebo_worlds/models/aruco_board/material/scripts
[1.568s] -- Installing: /home/luca/topic-highlight/exam_ws/install/pal_gazebo_worlds/share/pal_gazebo_worlds/models/aruco_board/material/scripts/aruco_board.material
[1.568s] -- Installing: /home/luca/topic-highlight/exam_ws/install/pal_gazebo_worlds/share/pal_gazebo_worlds/models/aruco_board/material/textures
[1.568s] -- Installing: /home/luca/topic-highlight/exam_ws/install/pal_gazebo_worlds/share/pal_gazebo_worlds/models/aruco_board/material/textures/aruco_board.png
[1.568s] -- Installing: /home/luca/topic-highlight/exam_ws/install/pal_gazebo_worlds/share/pal_gazebo_worlds/models/aruco_board/aruco_board.sdf
[1.568s] -- Installing: /home/luca/topic-highlight/exam_ws/install/pal_gazebo_worlds/share/pal_gazebo_worlds/models/aruco_board/model.config
[1.569s] -- Installing: /home/luca/topic-highlight/exam_ws/install/pal_gazebo_worlds/share/pal_gazebo_worlds/worlds
[1.570s] -- Installing: /home/luca/topic-highlight/exam_ws/install/pal_gazebo_worlds/share/pal_gazebo_worlds/worlds/low_sun_empty.world
[1.570s] -- Installing: /home/luca/topic-highlight/exam_ws/install/pal_gazebo_worlds/share/pal_gazebo_worlds/worlds/socmcs.world
[1.570s] -- Installing: /home/luca/topic-highlight/exam_ws/install/pal_gazebo_worlds/share/pal_gazebo_worlds/worlds/reemc.world
[1.570s] -- Installing: /home/luca/topic-highlight/exam_ws/install/pal_gazebo_worlds/share/pal_gazebo_worlds/worlds/exam_21.world
[1.570s] -- Installing: /home/luca/topic-highlight/exam_ws/install/pal_gazebo_worlds/share/pal_gazebo_worlds/worlds/reemc_indoor.world
[1.570s] -- Installing: /home/luca/topic-highlight/exam_ws/install/pal_gazebo_worlds/share/pal_gazebo_worlds/worlds/docker_chair.world
[1.571s] -- Installing: /home/luca/topic-highlight/exam_ws/install/pal_gazebo_worlds/share/pal_gazebo_worlds/worlds/look_to_point.world
[1.571s] -- Installing: /home/luca/topic-highlight/exam_ws/install/pal_gazebo_worlds/share/pal_gazebo_worlds/worlds/aruco.world
[1.571s] -- Installing: /home/luca/topic-highlight/exam_ws/install/pal_gazebo_worlds/share/pal_gazebo_worlds/worlds/corridor_60cm.world
[1.571s] -- Installing: /home/luca/topic-highlight/exam_ws/install/pal_gazebo_worlds/share/pal_gazebo_worlds/worlds/t_shaped.world
[1.572s] -- Installing: /home/luca/topic-highlight/exam_ws/install/pal_gazebo_worlds/share/pal_gazebo_worlds/worlds/dock_station.world
[1.572s] -- Installing: /home/luca/topic-highlight/exam_ws/install/pal_gazebo_worlds/share/pal_gazebo_worlds/worlds/stairs.world
[1.572s] -- Installing: /home/luca/topic-highlight/exam_ws/install/pal_gazebo_worlds/share/pal_gazebo_worlds/worlds/tutorial_office.world
[1.573s] -- Installing: /home/luca/topic-highlight/exam_ws/install/pal_gazebo_worlds/share/pal_gazebo_worlds/worlds/corridor_110cm.world
[1.573s] -- Installing: /home/luca/topic-highlight/exam_ws/install/pal_gazebo_worlds/share/pal_gazebo_worlds/worlds/exam_35.world
[1.573s] -- Installing: /home/luca/topic-highlight/exam_ws/install/pal_gazebo_worlds/share/pal_gazebo_worlds/worlds/exam_38.world
[1.574s] -- Installing: /home/luca/topic-highlight/exam_ws/install/pal_gazebo_worlds/share/pal_gazebo_worlds/worlds/exam_3.world
[1.574s] -- Installing: /home/luca/topic-highlight/exam_ws/install/pal_gazebo_worlds/share/pal_gazebo_worlds/worlds/exam_12.world
[1.575s] -- Installing: /home/luca/topic-highlight/exam_ws/install/pal_gazebo_worlds/share/pal_gazebo_worlds/worlds/footstep_obstacle.world
[1.575s] -- Installing: /home/luca/topic-highlight/exam_ws/install/pal_gazebo_worlds/share/pal_gazebo_worlds/worlds/exam_23.world
[1.575s] -- Installing: /home/luca/topic-highlight/exam_ws/install/pal_gazebo_worlds/share/pal_gazebo_worlds/worlds/corridor_85cm.world
[1.576s] -- Installing: /home/luca/topic-highlight/exam_ws/install/pal_gazebo_worlds/share/pal_gazebo_worlds/worlds/simple_office.world
[1.576s] -- Installing: /home/luca/topic-highlight/exam_ws/install/pal_gazebo_worlds/share/pal_gazebo_worlds/worlds/exam_10.world
[1.576s] -- Installing: /home/luca/topic-highlight/exam_ws/install/pal_gazebo_worlds/share/pal_gazebo_worlds/worlds/corridor_70cm.world
[1.577s] -- Installing: /home/luca/topic-highlight/exam_ws/install/pal_gazebo_worlds/share/pal_gazebo_worlds/worlds/featured.world
[1.577s] -- Installing: /home/luca/topic-highlight/exam_ws/install/pal_gazebo_worlds/share/pal_gazebo_worlds/worlds/exam_33.world
[1.577s] -- Installing: /home/luca/topic-highlight/exam_ws/install/pal_gazebo_worlds/share/pal_gazebo_worlds/worlds/pg_demo.world
[1.578s] -- Installing: /home/luca/topic-highlight/exam_ws/install/pal_gazebo_worlds/share/pal_gazebo_worlds/worlds/pick_place_close_demo.world
[1.578s] -- Installing: /home/luca/topic-highlight/exam_ws/install/pal_gazebo_worlds/share/pal_gazebo_worlds/worlds/exam_8.world
[1.578s] -- Installing: /home/luca/topic-highlight/exam_ws/install/pal_gazebo_worlds/share/pal_gazebo_worlds/worlds/hospital_flat.world
[1.578s] -- Installing: /home/luca/topic-highlight/exam_ws/install/pal_gazebo_worlds/share/pal_gazebo_worlds/worlds/exam_36.world
[1.582s] -- Installing: /home/luca/topic-highlight/exam_ws/install/pal_gazebo_worlds/share/pal_gazebo_worlds/worlds/exam_16.world
[1.583s] -- Installing: /home/luca/topic-highlight/exam_ws/install/pal_gazebo_worlds/share/pal_gazebo_worlds/worlds/exam_24.world
[1.583s] -- Installing: /home/luca/topic-highlight/exam_ws/install/pal_gazebo_worlds/share/pal_gazebo_worlds/worlds/pick_place_cabinet.world
[1.583s] -- Installing: /home/luca/topic-highlight/exam_ws/install/pal_gazebo_worlds/share/pal_gazebo_worlds/worlds/exam_27.world
[1.583s] -- Installing: /home/luca/topic-highlight/exam_ws/install/pal_gazebo_worlds/share/pal_gazebo_worlds/worlds/exam_19.world
[1.584s] -- Installing: /home/luca/topic-highlight/exam_ws/install/pal_gazebo_worlds/share/pal_gazebo_worlds/worlds/home.world
[1.584s] -- Installing: /home/luca/topic-highlight/exam_ws/install/pal_gazebo_worlds/share/pal_gazebo_worlds/worlds/exam_1.world
[1.584s] -- Installing: /home/luca/topic-highlight/exam_ws/install/pal_gazebo_worlds/share/pal_gazebo_worlds/worlds/small_office_inventory.world
[1.584s] -- Installing: /home/luca/topic-highlight/exam_ws/install/pal_gazebo_worlds/share/pal_gazebo_worlds/worlds/exam_39.world
[1.584s] -- Installing: /home/luca/topic-highlight/exam_ws/install/pal_gazebo_worlds/share/pal_gazebo_worlds/worlds/small_office_door_obstacle.world
[1.584s] -- Installing: /home/luca/topic-highlight/exam_ws/install/pal_gazebo_worlds/share/pal_gazebo_worlds/worlds/eut_kitchen.world
[1.585s] -- Installing: /home/luca/topic-highlight/exam_ws/install/pal_gazebo_worlds/share/pal_gazebo_worlds/worlds/exam_7.world
[1.585s] -- Installing: /home/luca/topic-highlight/exam_ws/install/pal_gazebo_worlds/share/pal_gazebo_worlds/worlds/exam_40.world
[1.585s] -- Installing: /home/luca/topic-highlight/exam_ws/install/pal_gazebo_worlds/share/pal_gazebo_worlds/worlds/pal_office.world
[1.585s] -- Installing: /home/luca/topic-highlight/exam_ws/install/pal_gazebo_worlds/share/pal_gazebo_worlds/worlds/calibration_room.world
[1.585s] -- Installing: /home/luca/topic-highlight/exam_ws/install/pal_gazebo_worlds/share/pal_gazebo_worlds/worlds/willow_garage.world
[1.586s] -- Installing: /home/luca/topic-highlight/exam_ws/install/pal_gazebo_worlds/share/pal_gazebo_worlds/worlds/exam_18.world
[1.586s] -- Installing: /home/luca/topic-highlight/exam_ws/install/pal_gazebo_worlds/share/pal_gazebo_worlds/worlds/exam_32.world
[1.586s] -- Installing: /home/luca/topic-highlight/exam_ws/install/pal_gazebo_worlds/share/pal_gazebo_worlds/worlds/dock_and_aruco.world
[1.587s] -- Installing: /home/luca/topic-highlight/exam_ws/install/pal_gazebo_worlds/share/pal_gazebo_worlds/worlds/small_textured_office.world
[1.588s] -- Installing: /home/luca/topic-highlight/exam_ws/install/pal_gazebo_worlds/share/pal_gazebo_worlds/worlds/objects_on_table.world
[1.588s] -- Installing: /home/luca/topic-highlight/exam_ws/install/pal_gazebo_worlds/share/pal_gazebo_worlds/worlds/simple_ramp.world
[1.589s] -- Installing: /home/luca/topic-highlight/exam_ws/install/pal_gazebo_worlds/share/pal_gazebo_worlds/worlds/exam_30.world
[1.589s] -- Installing: /home/luca/topic-highlight/exam_ws/install/pal_gazebo_worlds/share/pal_gazebo_worlds/worlds/exam_31.world
[1.589s] -- Installing: /home/luca/topic-highlight/exam_ws/install/pal_gazebo_worlds/share/pal_gazebo_worlds/worlds/memmo_simple.world
[1.590s] -- Installing: /home/luca/topic-highlight/exam_ws/install/pal_gazebo_worlds/share/pal_gazebo_worlds/worlds/exam_4.world
[1.590s] -- Installing: /home/luca/topic-highlight/exam_ws/install/pal_gazebo_worlds/share/pal_gazebo_worlds/worlds/empty.world
[1.590s] -- Installing: /home/luca/topic-highlight/exam_ws/install/pal_gazebo_worlds/share/pal_gazebo_worlds/worlds/world_wall_REEM_photo.world
[1.591s] -- Installing: /home/luca/topic-highlight/exam_ws/install/pal_gazebo_worlds/share/pal_gazebo_worlds/worlds/exam_2.world
[1.591s] -- Installing: /home/luca/topic-highlight/exam_ws/install/pal_gazebo_worlds/share/pal_gazebo_worlds/worlds/exam_5.world
[1.592s] -- Installing: /home/luca/topic-highlight/exam_ws/install/pal_gazebo_worlds/share/pal_gazebo_worlds/worlds/exam_15.world
[1.592s] -- Installing: /home/luca/topic-highlight/exam_ws/install/pal_gazebo_worlds/share/pal_gazebo_worlds/worlds/small_factory.world
[1.592s] -- Installing: /home/luca/topic-highlight/exam_ws/install/pal_gazebo_worlds/share/pal_gazebo_worlds/worlds/exam_26.world
[1.593s] -- Installing: /home/luca/topic-highlight/exam_ws/install/pal_gazebo_worlds/share/pal_gazebo_worlds/worlds/pick.world
[1.593s] -- Installing: /home/luca/topic-highlight/exam_ws/install/pal_gazebo_worlds/share/pal_gazebo_worlds/worlds/factory.world
[1.594s] -- Installing: /home/luca/topic-highlight/exam_ws/install/pal_gazebo_worlds/share/pal_gazebo_worlds/worlds/hit_table.world
[1.594s] -- Installing: /home/luca/topic-highlight/exam_ws/install/pal_gazebo_worlds/share/pal_gazebo_worlds/worlds/exam_34.world
[1.595s] -- Installing: /home/luca/topic-highlight/exam_ws/install/pal_gazebo_worlds/share/pal_gazebo_worlds/worlds/exam_22.world
[1.595s] -- Installing: /home/luca/topic-highlight/exam_ws/install/pal_gazebo_worlds/share/pal_gazebo_worlds/worlds/empty_room.world
[1.595s] -- Installing: /home/luca/topic-highlight/exam_ws/install/pal_gazebo_worlds/share/pal_gazebo_worlds/worlds/hospital.world
[1.596s] -- Installing: /home/luca/topic-highlight/exam_ws/install/pal_gazebo_worlds/share/pal_gazebo_worlds/worlds/cabinet_grasping.world
[1.597s] -- Installing: /home/luca/topic-highlight/exam_ws/install/pal_gazebo_worlds/share/pal_gazebo_worlds/worlds/exam_14.world
[1.597s] -- Installing: /home/luca/topic-highlight/exam_ws/install/pal_gazebo_worlds/share/pal_gazebo_worlds/worlds/ball.world
[1.597s] -- Installing: /home/luca/topic-highlight/exam_ws/install/pal_gazebo_worlds/share/pal_gazebo_worlds/worlds/exam_6.world
[1.598s] -- Installing: /home/luca/topic-highlight/exam_ws/install/pal_gazebo_worlds/share/pal_gazebo_worlds/worlds/tabletop_cube.world
[1.598s] -- Installing: /home/luca/topic-highlight/exam_ws/install/pal_gazebo_worlds/share/pal_gazebo_worlds/worlds/passage_70cm.world
[1.599s] -- Installing: /home/luca/topic-highlight/exam_ws/install/pal_gazebo_worlds/share/pal_gazebo_worlds/worlds/exam_11.world
[1.599s] -- Installing: /home/luca/topic-highlight/exam_ws/install/pal_gazebo_worlds/share/pal_gazebo_worlds/worlds/exam_9.world
[1.599s] -- Installing: /home/luca/topic-highlight/exam_ws/install/pal_gazebo_worlds/share/pal_gazebo_worlds/worlds/passage_60cm.world
[1.600s] -- Installing: /home/luca/topic-highlight/exam_ws/install/pal_gazebo_worlds/share/pal_gazebo_worlds/worlds/door_obstacle.world
[1.600s] -- Installing: /home/luca/topic-highlight/exam_ws/install/pal_gazebo_worlds/share/pal_gazebo_worlds/worlds/exam_29.world
[1.600s] -- Installing: /home/luca/topic-highlight/exam_ws/install/pal_gazebo_worlds/share/pal_gazebo_worlds/worlds/chairs.world
[1.601s] -- Installing: /home/luca/topic-highlight/exam_ws/install/pal_gazebo_worlds/share/pal_gazebo_worlds/worlds/exam_17.world
[1.601s] -- Installing: /home/luca/topic-highlight/exam_ws/install/pal_gazebo_worlds/share/pal_gazebo_worlds/worlds/tabletop_cylinder.world
[1.601s] -- Installing: /home/luca/topic-highlight/exam_ws/install/pal_gazebo_worlds/share/pal_gazebo_worlds/worlds/stamping_demo.world
[1.602s] -- Installing: /home/luca/topic-highlight/exam_ws/install/pal_gazebo_worlds/share/pal_gazebo_worlds/worlds/exam_20.world
[1.602s] -- Installing: /home/luca/topic-highlight/exam_ws/install/pal_gazebo_worlds/share/pal_gazebo_worlds/worlds/exam_13.world
[1.603s] -- Installing: /home/luca/topic-highlight/exam_ws/install/pal_gazebo_worlds/share/pal_gazebo_worlds/worlds/simple_office_with_people.world
[1.603s] -- Installing: /home/luca/topic-highlight/exam_ws/install/pal_gazebo_worlds/share/pal_gazebo_worlds/worlds/narrow_passage.world
[1.603s] -- Installing: /home/luca/topic-highlight/exam_ws/install/pal_gazebo_worlds/share/pal_gazebo_worlds/worlds/exam_37.world
[1.604s] -- Installing: /home/luca/topic-highlight/exam_ws/install/pal_gazebo_worlds/share/pal_gazebo_worlds/worlds/pick_place_demo.world
[1.604s] -- Installing: /home/luca/topic-highlight/exam_ws/install/pal_gazebo_worlds/share/pal_gazebo_worlds/worlds/small_office.world
[1.604s] -- Installing: /home/luca/topic-highlight/exam_ws/install/pal_gazebo_worlds/share/pal_gazebo_worlds/worlds/exam_25.world
[1.605s] -- Installing: /home/luca/topic-highlight/exam_ws/install/pal_gazebo_worlds/share/pal_gazebo_worlds/worlds/exam_28.world
[1.606s] -- Installing: /home/luca/topic-highlight/exam_ws/install/pal_gazebo_worlds/share/pal_gazebo_worlds/worlds/passage_110cm.world
[1.606s] -- Installing: /home/luca/topic-highlight/exam_ws/install/pal_gazebo_worlds/share/pal_gazebo_worlds/worlds/pal_textured_object.world
[1.606s] -- Installing: /home/luca/topic-highlight/exam_ws/install/pal_gazebo_worlds/share/pal_gazebo_worlds/worlds/voronoi_graph.world
[1.607s] -- Installing: /home/luca/topic-highlight/exam_ws/install/pal_gazebo_worlds/share/pal_gazebo_worlds/urdf
[1.608s] -- Installing: /home/luca/topic-highlight/exam_ws/install/pal_gazebo_worlds/share/pal_gazebo_worlds/urdf/chessboard
[1.608s] -- Installing: /home/luca/topic-highlight/exam_ws/install/pal_gazebo_worlds/share/pal_gazebo_worlds/urdf/chessboard/chessboard.gazebo.xacro
[1.608s] -- Installing: /home/luca/topic-highlight/exam_ws/install/pal_gazebo_worlds/share/pal_gazebo_worlds/urdf/chessboard/chessboard_example.urdf.xacro
[1.609s] -- Installing: /home/luca/topic-highlight/exam_ws/install/pal_gazebo_worlds/share/pal_gazebo_worlds/urdf/chessboard/chessboard.urdf.xacro
[1.609s] -- Installing: /home/luca/topic-highlight/exam_ws/install/pal_gazebo_worlds/share/pal_gazebo_worlds/urdf/simple_box.urdf
[1.609s] -- Installing: /home/luca/topic-highlight/exam_ws/install/pal_gazebo_worlds/share/pal_gazebo_worlds/meshes
[1.609s] -- Installing: /home/luca/topic-highlight/exam_ws/install/pal_gazebo_worlds/share/pal_gazebo_worlds/meshes/chessboard
[1.610s] -- Installing: /home/luca/topic-highlight/exam_ws/install/pal_gazebo_worlds/share/pal_gazebo_worlds/meshes/chessboard/chessboard.dae
[1.610s] -- Installing: /home/luca/topic-highlight/exam_ws/install/pal_gazebo_worlds/share/pal_gazebo_worlds/meshes/chessboard/chessboard.png
[1.611s] -- Installing: /home/luca/topic-highlight/exam_ws/install/pal_gazebo_worlds/share/ament_index/resource_index/package_run_dependencies/pal_gazebo_worlds
[1.611s] -- Installing: /home/luca/topic-highlight/exam_ws/install/pal_gazebo_worlds/share/ament_index/resource_index/parent_prefix_path/pal_gazebo_worlds
[1.611s] -- Installing: /home/luca/topic-highlight/exam_ws/install/pal_gazebo_worlds/share/pal_gazebo_worlds/environment/ament_prefix_path.sh
[1.611s] -- Installing: /home/luca/topic-highlight/exam_ws/install/pal_gazebo_worlds/share/pal_gazebo_worlds/environment/ament_prefix_path.dsv
[1.612s] -- Installing: /home/luca/topic-highlight/exam_ws/install/pal_gazebo_worlds/share/pal_gazebo_worlds/environment/path.sh
[1.612s] -- Installing: /home/luca/topic-highlight/exam_ws/install/pal_gazebo_worlds/share/pal_gazebo_worlds/environment/path.dsv
[1.612s] -- Installing: /home/luca/topic-highlight/exam_ws/install/pal_gazebo_worlds/share/pal_gazebo_worlds/local_setup.bash
[1.612s] -- Installing: /home/luca/topic-highlight/exam_ws/install/pal_gazebo_worlds/share/pal_gazebo_worlds/local_setup.sh
[1.612s] -- Installing: /home/luca/topic-highlight/exam_ws/install/pal_gazebo_worlds/share/pal_gazebo_worlds/local_setup.zsh
[1.613s] -- Installing: /home/luca/topic-highlight/exam_ws/install/pal_gazebo_worlds/share/pal_gazebo_worlds/local_setup.dsv
[1.613s] -- Installing: /home/luca/topic-highlight/exam_ws/install/pal_gazebo_worlds/share/pal_gazebo_worlds/package.dsv
[1.613s] -- Installing: /home/luca/topic-highlight/exam_ws/install/pal_gazebo_worlds/share/ament_index/resource_index/packages/pal_gazebo_worlds
[1.613s] -- Installing: /home/luca/topic-highlight/exam_ws/install/pal_gazebo_worlds/share/pal_gazebo_worlds/cmake/pal_gazebo_worldsConfig.cmake
[1.613s] -- Installing: /home/luca/topic-highlight/exam_ws/install/pal_gazebo_worlds/share/pal_gazebo_worlds/cmake/pal_gazebo_worldsConfig-version.cmake
[1.613s] -- Installing: /home/luca/topic-highlight/exam_ws/install/pal_gazebo_worlds/share/pal_gazebo_worlds/package.xml
[1.618s] Invoked command in '/home/luca/topic-highlight/exam_ws/build/pal_gazebo_worlds' returned '0': CMAKE_PREFIX_PATH=/opt/ros/humble /usr/bin/cmake --install /home/luca/topic-highlight/exam_ws/build/pal_gazebo_worlds
