[0.073s] DEBUG:colcon:Command line arguments: ['/usr/bin/colcon', 'build']
[0.074s] DEBUG:colcon:Parsed command line arguments: Namespace(log_base=None, log_level=None, verb_name='build', build_base='build', install_base='install', merge_install=False, symlink_install=False, test_result_base=None, continue_on_error=False, executor='parallel', parallel_workers=20, event_handlers=None, ignore_user_meta=False, metas=['./colcon.meta'], base_paths=['.'], packages_ignore=None, packages_ignore_regex=None, paths=None, packages_up_to=None, packages_up_to_regex=None, packages_above=None, packages_above_and_dependencies=None, packages_above_depth=None, packages_select_by_dep=None, packages_skip_by_dep=None, packages_skip_up_to=None, packages_select_build_failed=False, packages_skip_build_finished=False, packages_select_test_failures=False, packages_skip_test_passed=False, packages_select=None, packages_skip=None, packages_select_regex=None, packages_skip_regex=None, packages_start=None, packages_end=None, allow_overriding=[], cmake_args=None, cmake_target=None, cmake_target_skip_unavailable=False, cmake_clean_cache=False, cmake_clean_first=False, cmake_force_configure=False, ament_cmake_args=None, catkin_cmake_args=None, catkin_skip_building_tests=False, mixin_files=None, mixin=None, verb_parser=<colcon_mixin.mixin.mixin_argument.MixinArgumentDecorator object at 0x76d31026f760>, verb_extension=<colcon_core.verb.build.BuildVerb object at 0x76d31026f2b0>, main=<bound method BuildVerb.main of <colcon_core.verb.build.BuildVerb object at 0x76d31026f2b0>>, mixin_verb=('build',))
[0.101s] Level 1:colcon.colcon_core.package_discovery:discover_packages(colcon_meta) check parameters
[0.101s] Level 1:colcon.colcon_core.package_discovery:discover_packages(recursive) check parameters
[0.101s] Level 1:colcon.colcon_core.package_discovery:discover_packages(ignore) check parameters
[0.101s] Level 1:colcon.colcon_core.package_discovery:discover_packages(path) check parameters
[0.101s] Level 1:colcon.colcon_core.package_discovery:discover_packages(colcon_meta) discover
[0.101s] Level 1:colcon.colcon_core.package_discovery:discover_packages(recursive) discover
[0.101s] INFO:colcon.colcon_core.package_discovery:Crawling recursively for packages in '/home/luca/topic-highlight/exam_ws'
[0.101s] Level 1:colcon.colcon_core.package_identification:_identify(.) by extensions ['ignore', 'ignore_ament_install']
[0.101s] Level 1:colcon.colcon_core.package_identification:_identify(.) by extension 'ignore'
[0.101s] Level 1:colcon.colcon_core.package_identification:_identify(.) by extension 'ignore_ament_install'
[0.101s] Level 1:colcon.colcon_core.package_identification:_identify(.) by extensions ['colcon_pkg']
[0.101s] Level 1:colcon.colcon_core.package_identification:_identify(.) by extension 'colcon_pkg'
[0.101s] Level 1:colcon.colcon_core.package_identification:_identify(.) by extensions ['colcon_meta']
[0.101s] Level 1:colcon.colcon_core.package_identification:_identify(.) by extension 'colcon_meta'
[0.101s] Level 1:colcon.colcon_core.package_identification:_identify(.) by extensions ['ros']
[0.101s] Level 1:colcon.colcon_core.package_identification:_identify(.) by extension 'ros'
[0.112s] Level 1:colcon.colcon_core.package_identification:_identify(.) by extensions ['cmake', 'python']
[0.112s] Level 1:colcon.colcon_core.package_identification:_identify(.) by extension 'cmake'
[0.112s] Level 1:colcon.colcon_core.package_identification:_identify(.) by extension 'python'
[0.112s] Level 1:colcon.colcon_core.package_identification:_identify(.) by extensions ['python_setup_py']
[0.112s] Level 1:colcon.colcon_core.package_identification:_identify(.) by extension 'python_setup_py'
[0.112s] Level 1:colcon.colcon_core.package_identification:_identify(build) by extensions ['ignore', 'ignore_ament_install']
[0.112s] Level 1:colcon.colcon_core.package_identification:_identify(build) by extension 'ignore'
[0.112s] Level 1:colcon.colcon_core.package_identification:_identify(build) ignored
[0.112s] Level 1:colcon.colcon_core.package_identification:_identify(install) by extensions ['ignore', 'ignore_ament_install']
[0.112s] Level 1:colcon.colcon_core.package_identification:_identify(install) by extension 'ignore'
[0.112s] Level 1:colcon.colcon_core.package_identification:_identify(install) ignored
[0.112s] Level 1:colcon.colcon_core.package_identification:_identify(log) by extensions ['ignore', 'ignore_ament_install']
[0.112s] Level 1:colcon.colcon_core.package_identification:_identify(log) by extension 'ignore'
[0.112s] Level 1:colcon.colcon_core.package_identification:_identify(log) ignored
[0.113s] Level 1:colcon.colcon_core.package_identification:_identify(src) by extensions ['ignore', 'ignore_ament_install']
[0.113s] Level 1:colcon.colcon_core.package_identification:_identify(src) by extension 'ignore'
[0.113s] Level 1:colcon.colcon_core.package_identification:_identify(src) by extension 'ignore_ament_install'
[0.113s] Level 1:colcon.colcon_core.package_identification:_identify(src) by extensions ['colcon_pkg']
[0.113s] Level 1:colcon.colcon_core.package_identification:_identify(src) by extension 'colcon_pkg'
[0.113s] Level 1:colcon.colcon_core.package_identification:_identify(src) by extensions ['colcon_meta']
[0.113s] Level 1:colcon.colcon_core.package_identification:_identify(src) by extension 'colcon_meta'
[0.113s] Level 1:colcon.colcon_core.package_identification:_identify(src) by extensions ['ros']
[0.113s] Level 1:colcon.colcon_core.package_identification:_identify(src) by extension 'ros'
[0.113s] Level 1:colcon.colcon_core.package_identification:_identify(src) by extensions ['cmake', 'python']
[0.113s] Level 1:colcon.colcon_core.package_identification:_identify(src) by extension 'cmake'
[0.113s] Level 1:colcon.colcon_core.package_identification:_identify(src) by extension 'python'
[0.113s] Level 1:colcon.colcon_core.package_identification:_identify(src) by extensions ['python_setup_py']
[0.113s] Level 1:colcon.colcon_core.package_identification:_identify(src) by extension 'python_setup_py'
[0.114s] Level 1:colcon.colcon_core.package_identification:_identify(src/launch_pal) by extensions ['ignore', 'ignore_ament_install']
[0.114s] Level 1:colcon.colcon_core.package_identification:_identify(src/launch_pal) by extension 'ignore'
[0.114s] Level 1:colcon.colcon_core.package_identification:_identify(src/launch_pal) by extension 'ignore_ament_install'
[0.114s] Level 1:colcon.colcon_core.package_identification:_identify(src/launch_pal) by extensions ['colcon_pkg']
[0.114s] Level 1:colcon.colcon_core.package_identification:_identify(src/launch_pal) by extension 'colcon_pkg'
[0.114s] Level 1:colcon.colcon_core.package_identification:_identify(src/launch_pal) by extensions ['colcon_meta']
[0.114s] Level 1:colcon.colcon_core.package_identification:_identify(src/launch_pal) by extension 'colcon_meta'
[0.114s] Level 1:colcon.colcon_core.package_identification:_identify(src/launch_pal) by extensions ['ros']
[0.114s] Level 1:colcon.colcon_core.package_identification:_identify(src/launch_pal) by extension 'ros'
[0.116s] DEBUG:colcon.colcon_core.package_identification:Package 'src/launch_pal' with type 'ros.ament_python' and name 'launch_pal'
[0.117s] Level 1:colcon.colcon_core.package_identification:_identify(src/pal_gazebo_worlds) by extensions ['ignore', 'ignore_ament_install']
[0.117s] Level 1:colcon.colcon_core.package_identification:_identify(src/pal_gazebo_worlds) by extension 'ignore'
[0.117s] Level 1:colcon.colcon_core.package_identification:_identify(src/pal_gazebo_worlds) by extension 'ignore_ament_install'
[0.117s] Level 1:colcon.colcon_core.package_identification:_identify(src/pal_gazebo_worlds) by extensions ['colcon_pkg']
[0.117s] Level 1:colcon.colcon_core.package_identification:_identify(src/pal_gazebo_worlds) by extension 'colcon_pkg'
[0.117s] Level 1:colcon.colcon_core.package_identification:_identify(src/pal_gazebo_worlds) by extensions ['colcon_meta']
[0.117s] Level 1:colcon.colcon_core.package_identification:_identify(src/pal_gazebo_worlds) by extension 'colcon_meta'
[0.117s] Level 1:colcon.colcon_core.package_identification:_identify(src/pal_gazebo_worlds) by extensions ['ros']
[0.117s] Level 1:colcon.colcon_core.package_identification:_identify(src/pal_gazebo_worlds) by extension 'ros'
[0.120s] DEBUG:colcon.colcon_core.package_identification:Package 'src/pal_gazebo_worlds' with type 'ros.ament_cmake' and name 'pal_gazebo_worlds'
[0.120s] Level 1:colcon.colcon_core.package_identification:_identify(src/pal_gripper) by extensions ['ignore', 'ignore_ament_install']
[0.120s] Level 1:colcon.colcon_core.package_identification:_identify(src/pal_gripper) by extension 'ignore'
[0.120s] Level 1:colcon.colcon_core.package_identification:_identify(src/pal_gripper) by extension 'ignore_ament_install'
[0.120s] Level 1:colcon.colcon_core.package_identification:_identify(src/pal_gripper) by extensions ['colcon_pkg']
[0.120s] Level 1:colcon.colcon_core.package_identification:_identify(src/pal_gripper) by extension 'colcon_pkg'
[0.120s] Level 1:colcon.colcon_core.package_identification:_identify(src/pal_gripper) by extensions ['colcon_meta']
[0.120s] Level 1:colcon.colcon_core.package_identification:_identify(src/pal_gripper) by extension 'colcon_meta'
[0.120s] Level 1:colcon.colcon_core.package_identification:_identify(src/pal_gripper) by extensions ['ros']
[0.120s] Level 1:colcon.colcon_core.package_identification:_identify(src/pal_gripper) by extension 'ros'
[0.120s] Level 1:colcon.colcon_core.package_identification:_identify(src/pal_gripper) by extensions ['cmake', 'python']
[0.120s] Level 1:colcon.colcon_core.package_identification:_identify(src/pal_gripper) by extension 'cmake'
[0.120s] Level 1:colcon.colcon_core.package_identification:_identify(src/pal_gripper) by extension 'python'
[0.120s] Level 1:colcon.colcon_core.package_identification:_identify(src/pal_gripper) by extensions ['python_setup_py']
[0.120s] Level 1:colcon.colcon_core.package_identification:_identify(src/pal_gripper) by extension 'python_setup_py'
[0.120s] Level 1:colcon.colcon_core.package_identification:_identify(src/pal_gripper/pal_gripper) by extensions ['ignore', 'ignore_ament_install']
[0.121s] Level 1:colcon.colcon_core.package_identification:_identify(src/pal_gripper/pal_gripper) by extension 'ignore'
[0.121s] Level 1:colcon.colcon_core.package_identification:_identify(src/pal_gripper/pal_gripper) by extension 'ignore_ament_install'
[0.121s] Level 1:colcon.colcon_core.package_identification:_identify(src/pal_gripper/pal_gripper) by extensions ['colcon_pkg']
[0.121s] Level 1:colcon.colcon_core.package_identification:_identify(src/pal_gripper/pal_gripper) by extension 'colcon_pkg'
[0.121s] Level 1:colcon.colcon_core.package_identification:_identify(src/pal_gripper/pal_gripper) by extensions ['colcon_meta']
[0.121s] Level 1:colcon.colcon_core.package_identification:_identify(src/pal_gripper/pal_gripper) by extension 'colcon_meta'
[0.121s] Level 1:colcon.colcon_core.package_identification:_identify(src/pal_gripper/pal_gripper) by extensions ['ros']
[0.121s] Level 1:colcon.colcon_core.package_identification:_identify(src/pal_gripper/pal_gripper) by extension 'ros'
[0.121s] DEBUG:colcon.colcon_core.package_identification:Package 'src/pal_gripper/pal_gripper' with type 'ros.ament_cmake' and name 'pal_gripper'
[0.121s] Level 1:colcon.colcon_core.package_identification:_identify(src/pal_gripper/pal_gripper_controller_configuration) by extensions ['ignore', 'ignore_ament_install']
[0.122s] Level 1:colcon.colcon_core.package_identification:_identify(src/pal_gripper/pal_gripper_controller_configuration) by extension 'ignore'
[0.122s] Level 1:colcon.colcon_core.package_identification:_identify(src/pal_gripper/pal_gripper_controller_configuration) by extension 'ignore_ament_install'
[0.122s] Level 1:colcon.colcon_core.package_identification:_identify(src/pal_gripper/pal_gripper_controller_configuration) by extensions ['colcon_pkg']
[0.122s] Level 1:colcon.colcon_core.package_identification:_identify(src/pal_gripper/pal_gripper_controller_configuration) by extension 'colcon_pkg'
[0.122s] Level 1:colcon.colcon_core.package_identification:_identify(src/pal_gripper/pal_gripper_controller_configuration) by extensions ['colcon_meta']
[0.122s] Level 1:colcon.colcon_core.package_identification:_identify(src/pal_gripper/pal_gripper_controller_configuration) by extension 'colcon_meta'
[0.122s] Level 1:colcon.colcon_core.package_identification:_identify(src/pal_gripper/pal_gripper_controller_configuration) by extensions ['ros']
[0.122s] Level 1:colcon.colcon_core.package_identification:_identify(src/pal_gripper/pal_gripper_controller_configuration) by extension 'ros'
[0.122s] DEBUG:colcon.colcon_core.package_identification:Package 'src/pal_gripper/pal_gripper_controller_configuration' with type 'ros.ament_cmake' and name 'pal_gripper_controller_configuration'
[0.123s] Level 1:colcon.colcon_core.package_identification:_identify(src/pal_gripper/pal_gripper_description) by extensions ['ignore', 'ignore_ament_install']
[0.123s] Level 1:colcon.colcon_core.package_identification:_identify(src/pal_gripper/pal_gripper_description) by extension 'ignore'
[0.123s] Level 1:colcon.colcon_core.package_identification:_identify(src/pal_gripper/pal_gripper_description) by extension 'ignore_ament_install'
[0.123s] Level 1:colcon.colcon_core.package_identification:_identify(src/pal_gripper/pal_gripper_description) by extensions ['colcon_pkg']
[0.123s] Level 1:colcon.colcon_core.package_identification:_identify(src/pal_gripper/pal_gripper_description) by extension 'colcon_pkg'
[0.123s] Level 1:colcon.colcon_core.package_identification:_identify(src/pal_gripper/pal_gripper_description) by extensions ['colcon_meta']
[0.123s] Level 1:colcon.colcon_core.package_identification:_identify(src/pal_gripper/pal_gripper_description) by extension 'colcon_meta'
[0.123s] Level 1:colcon.colcon_core.package_identification:_identify(src/pal_gripper/pal_gripper_description) by extensions ['ros']
[0.123s] Level 1:colcon.colcon_core.package_identification:_identify(src/pal_gripper/pal_gripper_description) by extension 'ros'
[0.123s] DEBUG:colcon.colcon_core.package_identification:Package 'src/pal_gripper/pal_gripper_description' with type 'ros.ament_cmake' and name 'pal_gripper_description'
[0.123s] Level 1:colcon.colcon_core.package_identification:_identify(src/pal_gripper/pal_gripper_gazebo) by extensions ['ignore', 'ignore_ament_install']
[0.124s] Level 1:colcon.colcon_core.package_identification:_identify(src/pal_gripper/pal_gripper_gazebo) by extension 'ignore'
[0.124s] Level 1:colcon.colcon_core.package_identification:_identify(src/pal_gripper/pal_gripper_gazebo) ignored
[0.124s] Level 1:colcon.colcon_core.package_identification:_identify(src/pal_gripper/pal_parallel_gripper_wrapper) by extensions ['ignore', 'ignore_ament_install']
[0.124s] Level 1:colcon.colcon_core.package_identification:_identify(src/pal_gripper/pal_parallel_gripper_wrapper) by extension 'ignore'
[0.124s] Level 1:colcon.colcon_core.package_identification:_identify(src/pal_gripper/pal_parallel_gripper_wrapper) ignored
[0.124s] Level 1:colcon.colcon_core.package_identification:_identify(src/pal_hey5) by extensions ['ignore', 'ignore_ament_install']
[0.124s] Level 1:colcon.colcon_core.package_identification:_identify(src/pal_hey5) by extension 'ignore'
[0.124s] Level 1:colcon.colcon_core.package_identification:_identify(src/pal_hey5) by extension 'ignore_ament_install'
[0.124s] Level 1:colcon.colcon_core.package_identification:_identify(src/pal_hey5) by extensions ['colcon_pkg']
[0.124s] Level 1:colcon.colcon_core.package_identification:_identify(src/pal_hey5) by extension 'colcon_pkg'
[0.124s] Level 1:colcon.colcon_core.package_identification:_identify(src/pal_hey5) by extensions ['colcon_meta']
[0.124s] Level 1:colcon.colcon_core.package_identification:_identify(src/pal_hey5) by extension 'colcon_meta'
[0.124s] Level 1:colcon.colcon_core.package_identification:_identify(src/pal_hey5) by extensions ['ros']
[0.124s] Level 1:colcon.colcon_core.package_identification:_identify(src/pal_hey5) by extension 'ros'
[0.124s] Level 1:colcon.colcon_core.package_identification:_identify(src/pal_hey5) by extensions ['cmake', 'python']
[0.124s] Level 1:colcon.colcon_core.package_identification:_identify(src/pal_hey5) by extension 'cmake'
[0.124s] Level 1:colcon.colcon_core.package_identification:_identify(src/pal_hey5) by extension 'python'
[0.124s] Level 1:colcon.colcon_core.package_identification:_identify(src/pal_hey5) by extensions ['python_setup_py']
[0.124s] Level 1:colcon.colcon_core.package_identification:_identify(src/pal_hey5) by extension 'python_setup_py'
[0.124s] Level 1:colcon.colcon_core.package_identification:_identify(src/pal_hey5/pal_hey5) by extensions ['ignore', 'ignore_ament_install']
[0.124s] Level 1:colcon.colcon_core.package_identification:_identify(src/pal_hey5/pal_hey5) by extension 'ignore'
[0.124s] Level 1:colcon.colcon_core.package_identification:_identify(src/pal_hey5/pal_hey5) by extension 'ignore_ament_install'
[0.125s] Level 1:colcon.colcon_core.package_identification:_identify(src/pal_hey5/pal_hey5) by extensions ['colcon_pkg']
[0.125s] Level 1:colcon.colcon_core.package_identification:_identify(src/pal_hey5/pal_hey5) by extension 'colcon_pkg'
[0.125s] Level 1:colcon.colcon_core.package_identification:_identify(src/pal_hey5/pal_hey5) by extensions ['colcon_meta']
[0.125s] Level 1:colcon.colcon_core.package_identification:_identify(src/pal_hey5/pal_hey5) by extension 'colcon_meta'
[0.125s] Level 1:colcon.colcon_core.package_identification:_identify(src/pal_hey5/pal_hey5) by extensions ['ros']
[0.125s] Level 1:colcon.colcon_core.package_identification:_identify(src/pal_hey5/pal_hey5) by extension 'ros'
[0.125s] DEBUG:colcon.colcon_core.package_identification:Package 'src/pal_hey5/pal_hey5' with type 'ros.ament_cmake' and name 'pal_hey5'
[0.125s] Level 1:colcon.colcon_core.package_identification:_identify(src/pal_hey5/pal_hey5_controller_configuration) by extensions ['ignore', 'ignore_ament_install']
[0.125s] Level 1:colcon.colcon_core.package_identification:_identify(src/pal_hey5/pal_hey5_controller_configuration) by extension 'ignore'
[0.125s] Level 1:colcon.colcon_core.package_identification:_identify(src/pal_hey5/pal_hey5_controller_configuration) by extension 'ignore_ament_install'
[0.125s] Level 1:colcon.colcon_core.package_identification:_identify(src/pal_hey5/pal_hey5_controller_configuration) by extensions ['colcon_pkg']
[0.125s] Level 1:colcon.colcon_core.package_identification:_identify(src/pal_hey5/pal_hey5_controller_configuration) by extension 'colcon_pkg'
[0.125s] Level 1:colcon.colcon_core.package_identification:_identify(src/pal_hey5/pal_hey5_controller_configuration) by extensions ['colcon_meta']
[0.125s] Level 1:colcon.colcon_core.package_identification:_identify(src/pal_hey5/pal_hey5_controller_configuration) by extension 'colcon_meta'
[0.125s] Level 1:colcon.colcon_core.package_identification:_identify(src/pal_hey5/pal_hey5_controller_configuration) by extensions ['ros']
[0.125s] Level 1:colcon.colcon_core.package_identification:_identify(src/pal_hey5/pal_hey5_controller_configuration) by extension 'ros'
[0.126s] DEBUG:colcon.colcon_core.package_identification:Package 'src/pal_hey5/pal_hey5_controller_configuration' with type 'ros.ament_cmake' and name 'pal_hey5_controller_configuration'
[0.126s] Level 1:colcon.colcon_core.package_identification:_identify(src/pal_hey5/pal_hey5_description) by extensions ['ignore', 'ignore_ament_install']
[0.126s] Level 1:colcon.colcon_core.package_identification:_identify(src/pal_hey5/pal_hey5_description) by extension 'ignore'
[0.126s] Level 1:colcon.colcon_core.package_identification:_identify(src/pal_hey5/pal_hey5_description) by extension 'ignore_ament_install'
[0.126s] Level 1:colcon.colcon_core.package_identification:_identify(src/pal_hey5/pal_hey5_description) by extensions ['colcon_pkg']
[0.126s] Level 1:colcon.colcon_core.package_identification:_identify(src/pal_hey5/pal_hey5_description) by extension 'colcon_pkg'
[0.126s] Level 1:colcon.colcon_core.package_identification:_identify(src/pal_hey5/pal_hey5_description) by extensions ['colcon_meta']
[0.126s] Level 1:colcon.colcon_core.package_identification:_identify(src/pal_hey5/pal_hey5_description) by extension 'colcon_meta'
[0.126s] Level 1:colcon.colcon_core.package_identification:_identify(src/pal_hey5/pal_hey5_description) by extensions ['ros']
[0.126s] Level 1:colcon.colcon_core.package_identification:_identify(src/pal_hey5/pal_hey5_description) by extension 'ros'
[0.127s] DEBUG:colcon.colcon_core.package_identification:Package 'src/pal_hey5/pal_hey5_description' with type 'ros.ament_cmake' and name 'pal_hey5_description'
[0.127s] Level 1:colcon.colcon_core.package_identification:_identify(src/pal_navigation_cfg_public) by extensions ['ignore', 'ignore_ament_install']
[0.127s] Level 1:colcon.colcon_core.package_identification:_identify(src/pal_navigation_cfg_public) by extension 'ignore'
[0.127s] Level 1:colcon.colcon_core.package_identification:_identify(src/pal_navigation_cfg_public) by extension 'ignore_ament_install'
[0.127s] Level 1:colcon.colcon_core.package_identification:_identify(src/pal_navigation_cfg_public) by extensions ['colcon_pkg']
[0.127s] Level 1:colcon.colcon_core.package_identification:_identify(src/pal_navigation_cfg_public) by extension 'colcon_pkg'
[0.127s] Level 1:colcon.colcon_core.package_identification:_identify(src/pal_navigation_cfg_public) by extensions ['colcon_meta']
[0.127s] Level 1:colcon.colcon_core.package_identification:_identify(src/pal_navigation_cfg_public) by extension 'colcon_meta'
[0.127s] Level 1:colcon.colcon_core.package_identification:_identify(src/pal_navigation_cfg_public) by extensions ['ros']
[0.127s] Level 1:colcon.colcon_core.package_identification:_identify(src/pal_navigation_cfg_public) by extension 'ros'
[0.127s] Level 1:colcon.colcon_core.package_identification:_identify(src/pal_navigation_cfg_public) by extensions ['cmake', 'python']
[0.127s] Level 1:colcon.colcon_core.package_identification:_identify(src/pal_navigation_cfg_public) by extension 'cmake'
[0.127s] Level 1:colcon.colcon_core.package_identification:_identify(src/pal_navigation_cfg_public) by extension 'python'
[0.127s] Level 1:colcon.colcon_core.package_identification:_identify(src/pal_navigation_cfg_public) by extensions ['python_setup_py']
[0.127s] Level 1:colcon.colcon_core.package_identification:_identify(src/pal_navigation_cfg_public) by extension 'python_setup_py'
[0.128s] Level 1:colcon.colcon_core.package_identification:_identify(src/pal_navigation_cfg_public/pal_navigation_cfg_bringup) by extensions ['ignore', 'ignore_ament_install']
[0.128s] Level 1:colcon.colcon_core.package_identification:_identify(src/pal_navigation_cfg_public/pal_navigation_cfg_bringup) by extension 'ignore'
[0.128s] Level 1:colcon.colcon_core.package_identification:_identify(src/pal_navigation_cfg_public/pal_navigation_cfg_bringup) by extension 'ignore_ament_install'
[0.128s] Level 1:colcon.colcon_core.package_identification:_identify(src/pal_navigation_cfg_public/pal_navigation_cfg_bringup) by extensions ['colcon_pkg']
[0.128s] Level 1:colcon.colcon_core.package_identification:_identify(src/pal_navigation_cfg_public/pal_navigation_cfg_bringup) by extension 'colcon_pkg'
[0.128s] Level 1:colcon.colcon_core.package_identification:_identify(src/pal_navigation_cfg_public/pal_navigation_cfg_bringup) by extensions ['colcon_meta']
[0.128s] Level 1:colcon.colcon_core.package_identification:_identify(src/pal_navigation_cfg_public/pal_navigation_cfg_bringup) by extension 'colcon_meta'
[0.128s] Level 1:colcon.colcon_core.package_identification:_identify(src/pal_navigation_cfg_public/pal_navigation_cfg_bringup) by extensions ['ros']
[0.128s] Level 1:colcon.colcon_core.package_identification:_identify(src/pal_navigation_cfg_public/pal_navigation_cfg_bringup) by extension 'ros'
[0.128s] DEBUG:colcon.colcon_core.package_identification:Package 'src/pal_navigation_cfg_public/pal_navigation_cfg_bringup' with type 'ros.ament_cmake' and name 'pal_navigation_cfg_bringup'
[0.129s] Level 1:colcon.colcon_core.package_identification:_identify(src/pal_navigation_cfg_public/pal_navigation_cfg_params) by extensions ['ignore', 'ignore_ament_install']
[0.129s] Level 1:colcon.colcon_core.package_identification:_identify(src/pal_navigation_cfg_public/pal_navigation_cfg_params) by extension 'ignore'
[0.129s] Level 1:colcon.colcon_core.package_identification:_identify(src/pal_navigation_cfg_public/pal_navigation_cfg_params) by extension 'ignore_ament_install'
[0.129s] Level 1:colcon.colcon_core.package_identification:_identify(src/pal_navigation_cfg_public/pal_navigation_cfg_params) by extensions ['colcon_pkg']
[0.129s] Level 1:colcon.colcon_core.package_identification:_identify(src/pal_navigation_cfg_public/pal_navigation_cfg_params) by extension 'colcon_pkg'
[0.129s] Level 1:colcon.colcon_core.package_identification:_identify(src/pal_navigation_cfg_public/pal_navigation_cfg_params) by extensions ['colcon_meta']
[0.129s] Level 1:colcon.colcon_core.package_identification:_identify(src/pal_navigation_cfg_public/pal_navigation_cfg_params) by extension 'colcon_meta'
[0.129s] Level 1:colcon.colcon_core.package_identification:_identify(src/pal_navigation_cfg_public/pal_navigation_cfg_params) by extensions ['ros']
[0.129s] Level 1:colcon.colcon_core.package_identification:_identify(src/pal_navigation_cfg_public/pal_navigation_cfg_params) by extension 'ros'
[0.129s] DEBUG:colcon.colcon_core.package_identification:Package 'src/pal_navigation_cfg_public/pal_navigation_cfg_params' with type 'ros.ament_cmake' and name 'pal_navigation_cfg_params'
[0.129s] Level 1:colcon.colcon_core.package_identification:_identify(src/pal_navigation_cfg_public/pal_navigation_cfg_public) by extensions ['ignore', 'ignore_ament_install']
[0.129s] Level 1:colcon.colcon_core.package_identification:_identify(src/pal_navigation_cfg_public/pal_navigation_cfg_public) by extension 'ignore'
[0.130s] Level 1:colcon.colcon_core.package_identification:_identify(src/pal_navigation_cfg_public/pal_navigation_cfg_public) by extension 'ignore_ament_install'
[0.130s] Level 1:colcon.colcon_core.package_identification:_identify(src/pal_navigation_cfg_public/pal_navigation_cfg_public) by extensions ['colcon_pkg']
[0.130s] Level 1:colcon.colcon_core.package_identification:_identify(src/pal_navigation_cfg_public/pal_navigation_cfg_public) by extension 'colcon_pkg'
[0.130s] Level 1:colcon.colcon_core.package_identification:_identify(src/pal_navigation_cfg_public/pal_navigation_cfg_public) by extensions ['colcon_meta']
[0.130s] Level 1:colcon.colcon_core.package_identification:_identify(src/pal_navigation_cfg_public/pal_navigation_cfg_public) by extension 'colcon_meta'
[0.130s] Level 1:colcon.colcon_core.package_identification:_identify(src/pal_navigation_cfg_public/pal_navigation_cfg_public) by extensions ['ros']
[0.130s] Level 1:colcon.colcon_core.package_identification:_identify(src/pal_navigation_cfg_public/pal_navigation_cfg_public) by extension 'ros'
[0.130s] DEBUG:colcon.colcon_core.package_identification:Package 'src/pal_navigation_cfg_public/pal_navigation_cfg_public' with type 'ros.ament_cmake' and name 'pal_navigation_cfg'
[0.131s] Level 1:colcon.colcon_core.package_identification:_identify(src/pal_robotiq_gripper) by extensions ['ignore', 'ignore_ament_install']
[0.131s] Level 1:colcon.colcon_core.package_identification:_identify(src/pal_robotiq_gripper) by extension 'ignore'
[0.131s] Level 1:colcon.colcon_core.package_identification:_identify(src/pal_robotiq_gripper) by extension 'ignore_ament_install'
[0.131s] Level 1:colcon.colcon_core.package_identification:_identify(src/pal_robotiq_gripper) by extensions ['colcon_pkg']
[0.131s] Level 1:colcon.colcon_core.package_identification:_identify(src/pal_robotiq_gripper) by extension 'colcon_pkg'
[0.131s] Level 1:colcon.colcon_core.package_identification:_identify(src/pal_robotiq_gripper) by extensions ['colcon_meta']
[0.131s] Level 1:colcon.colcon_core.package_identification:_identify(src/pal_robotiq_gripper) by extension 'colcon_meta'
[0.131s] Level 1:colcon.colcon_core.package_identification:_identify(src/pal_robotiq_gripper) by extensions ['ros']
[0.131s] Level 1:colcon.colcon_core.package_identification:_identify(src/pal_robotiq_gripper) by extension 'ros'
[0.131s] Level 1:colcon.colcon_core.package_identification:_identify(src/pal_robotiq_gripper) by extensions ['cmake', 'python']
[0.131s] Level 1:colcon.colcon_core.package_identification:_identify(src/pal_robotiq_gripper) by extension 'cmake'
[0.131s] Level 1:colcon.colcon_core.package_identification:_identify(src/pal_robotiq_gripper) by extension 'python'
[0.131s] Level 1:colcon.colcon_core.package_identification:_identify(src/pal_robotiq_gripper) by extensions ['python_setup_py']
[0.131s] Level 1:colcon.colcon_core.package_identification:_identify(src/pal_robotiq_gripper) by extension 'python_setup_py'
[0.131s] Level 1:colcon.colcon_core.package_identification:_identify(src/pal_robotiq_gripper/pal_robotiq_controller_configuration) by extensions ['ignore', 'ignore_ament_install']
[0.131s] Level 1:colcon.colcon_core.package_identification:_identify(src/pal_robotiq_gripper/pal_robotiq_controller_configuration) by extension 'ignore'
[0.131s] Level 1:colcon.colcon_core.package_identification:_identify(src/pal_robotiq_gripper/pal_robotiq_controller_configuration) by extension 'ignore_ament_install'
[0.131s] Level 1:colcon.colcon_core.package_identification:_identify(src/pal_robotiq_gripper/pal_robotiq_controller_configuration) by extensions ['colcon_pkg']
[0.131s] Level 1:colcon.colcon_core.package_identification:_identify(src/pal_robotiq_gripper/pal_robotiq_controller_configuration) by extension 'colcon_pkg'
[0.131s] Level 1:colcon.colcon_core.package_identification:_identify(src/pal_robotiq_gripper/pal_robotiq_controller_configuration) by extensions ['colcon_meta']
[0.131s] Level 1:colcon.colcon_core.package_identification:_identify(src/pal_robotiq_gripper/pal_robotiq_controller_configuration) by extension 'colcon_meta'
[0.131s] Level 1:colcon.colcon_core.package_identification:_identify(src/pal_robotiq_gripper/pal_robotiq_controller_configuration) by extensions ['ros']
[0.131s] Level 1:colcon.colcon_core.package_identification:_identify(src/pal_robotiq_gripper/pal_robotiq_controller_configuration) by extension 'ros'
[0.132s] DEBUG:colcon.colcon_core.package_identification:Package 'src/pal_robotiq_gripper/pal_robotiq_controller_configuration' with type 'ros.ament_cmake' and name 'pal_robotiq_controller_configuration'
[0.132s] Level 1:colcon.colcon_core.package_identification:_identify(src/pal_robotiq_gripper/pal_robotiq_description) by extensions ['ignore', 'ignore_ament_install']
[0.132s] Level 1:colcon.colcon_core.package_identification:_identify(src/pal_robotiq_gripper/pal_robotiq_description) by extension 'ignore'
[0.132s] Level 1:colcon.colcon_core.package_identification:_identify(src/pal_robotiq_gripper/pal_robotiq_description) by extension 'ignore_ament_install'
[0.132s] Level 1:colcon.colcon_core.package_identification:_identify(src/pal_robotiq_gripper/pal_robotiq_description) by extensions ['colcon_pkg']
[0.132s] Level 1:colcon.colcon_core.package_identification:_identify(src/pal_robotiq_gripper/pal_robotiq_description) by extension 'colcon_pkg'
[0.132s] Level 1:colcon.colcon_core.package_identification:_identify(src/pal_robotiq_gripper/pal_robotiq_description) by extensions ['colcon_meta']
[0.132s] Level 1:colcon.colcon_core.package_identification:_identify(src/pal_robotiq_gripper/pal_robotiq_description) by extension 'colcon_meta'
[0.132s] Level 1:colcon.colcon_core.package_identification:_identify(src/pal_robotiq_gripper/pal_robotiq_description) by extensions ['ros']
[0.132s] Level 1:colcon.colcon_core.package_identification:_identify(src/pal_robotiq_gripper/pal_robotiq_description) by extension 'ros'
[0.133s] DEBUG:colcon.colcon_core.package_identification:Package 'src/pal_robotiq_gripper/pal_robotiq_description' with type 'ros.ament_cmake' and name 'pal_robotiq_description'
[0.133s] Level 1:colcon.colcon_core.package_identification:_identify(src/pal_robotiq_gripper/pal_robotiq_epick_gripper) by extensions ['ignore', 'ignore_ament_install']
[0.133s] Level 1:colcon.colcon_core.package_identification:_identify(src/pal_robotiq_gripper/pal_robotiq_epick_gripper) by extension 'ignore'
[0.133s] Level 1:colcon.colcon_core.package_identification:_identify(src/pal_robotiq_gripper/pal_robotiq_epick_gripper) by extension 'ignore_ament_install'
[0.133s] Level 1:colcon.colcon_core.package_identification:_identify(src/pal_robotiq_gripper/pal_robotiq_epick_gripper) by extensions ['colcon_pkg']
[0.133s] Level 1:colcon.colcon_core.package_identification:_identify(src/pal_robotiq_gripper/pal_robotiq_epick_gripper) by extension 'colcon_pkg'
[0.133s] Level 1:colcon.colcon_core.package_identification:_identify(src/pal_robotiq_gripper/pal_robotiq_epick_gripper) by extensions ['colcon_meta']
[0.133s] Level 1:colcon.colcon_core.package_identification:_identify(src/pal_robotiq_gripper/pal_robotiq_epick_gripper) by extension 'colcon_meta'
[0.133s] Level 1:colcon.colcon_core.package_identification:_identify(src/pal_robotiq_gripper/pal_robotiq_epick_gripper) by extensions ['ros']
[0.133s] Level 1:colcon.colcon_core.package_identification:_identify(src/pal_robotiq_gripper/pal_robotiq_epick_gripper) by extension 'ros'
[0.133s] Level 1:colcon.colcon_core.package_identification:_identify(src/pal_robotiq_gripper/pal_robotiq_epick_gripper) by extensions ['cmake', 'python']
[0.133s] Level 1:colcon.colcon_core.package_identification:_identify(src/pal_robotiq_gripper/pal_robotiq_epick_gripper) by extension 'cmake'
[0.133s] Level 1:colcon.colcon_core.package_identification:_identify(src/pal_robotiq_gripper/pal_robotiq_epick_gripper) by extension 'python'
[0.133s] Level 1:colcon.colcon_core.package_identification:_identify(src/pal_robotiq_gripper/pal_robotiq_epick_gripper) by extensions ['python_setup_py']
[0.133s] Level 1:colcon.colcon_core.package_identification:_identify(src/pal_robotiq_gripper/pal_robotiq_epick_gripper) by extension 'python_setup_py'
[0.133s] Level 1:colcon.colcon_core.package_identification:_identify(src/pal_robotiq_gripper/pal_robotiq_epick_gripper/pal_robotiq_epick_description) by extensions ['ignore', 'ignore_ament_install']
[0.133s] Level 1:colcon.colcon_core.package_identification:_identify(src/pal_robotiq_gripper/pal_robotiq_epick_gripper/pal_robotiq_epick_description) by extension 'ignore'
[0.133s] Level 1:colcon.colcon_core.package_identification:_identify(src/pal_robotiq_gripper/pal_robotiq_epick_gripper/pal_robotiq_epick_description) ignored
[0.134s] Level 1:colcon.colcon_core.package_identification:_identify(src/pal_robotiq_gripper/pal_robotiq_epick_gripper/pal_robotiq_epick_gripper) by extensions ['ignore', 'ignore_ament_install']
[0.134s] Level 1:colcon.colcon_core.package_identification:_identify(src/pal_robotiq_gripper/pal_robotiq_epick_gripper/pal_robotiq_epick_gripper) by extension 'ignore'
[0.134s] Level 1:colcon.colcon_core.package_identification:_identify(src/pal_robotiq_gripper/pal_robotiq_epick_gripper/pal_robotiq_epick_gripper) ignored
[0.134s] Level 1:colcon.colcon_core.package_identification:_identify(src/pal_robotiq_gripper/pal_robotiq_gripper) by extensions ['ignore', 'ignore_ament_install']
[0.134s] Level 1:colcon.colcon_core.package_identification:_identify(src/pal_robotiq_gripper/pal_robotiq_gripper) by extension 'ignore'
[0.134s] Level 1:colcon.colcon_core.package_identification:_identify(src/pal_robotiq_gripper/pal_robotiq_gripper) by extension 'ignore_ament_install'
[0.134s] Level 1:colcon.colcon_core.package_identification:_identify(src/pal_robotiq_gripper/pal_robotiq_gripper) by extensions ['colcon_pkg']
[0.134s] Level 1:colcon.colcon_core.package_identification:_identify(src/pal_robotiq_gripper/pal_robotiq_gripper) by extension 'colcon_pkg'
[0.134s] Level 1:colcon.colcon_core.package_identification:_identify(src/pal_robotiq_gripper/pal_robotiq_gripper) by extensions ['colcon_meta']
[0.134s] Level 1:colcon.colcon_core.package_identification:_identify(src/pal_robotiq_gripper/pal_robotiq_gripper) by extension 'colcon_meta'
[0.134s] Level 1:colcon.colcon_core.package_identification:_identify(src/pal_robotiq_gripper/pal_robotiq_gripper) by extensions ['ros']
[0.134s] Level 1:colcon.colcon_core.package_identification:_identify(src/pal_robotiq_gripper/pal_robotiq_gripper) by extension 'ros'
[0.134s] DEBUG:colcon.colcon_core.package_identification:Package 'src/pal_robotiq_gripper/pal_robotiq_gripper' with type 'ros.ament_cmake' and name 'pal_robotiq_gripper'
[0.135s] Level 1:colcon.colcon_core.package_identification:_identify(src/pal_robotiq_gripper/pal_robotiq_gripper_wrapper) by extensions ['ignore', 'ignore_ament_install']
[0.135s] Level 1:colcon.colcon_core.package_identification:_identify(src/pal_robotiq_gripper/pal_robotiq_gripper_wrapper) by extension 'ignore'
[0.135s] Level 1:colcon.colcon_core.package_identification:_identify(src/pal_robotiq_gripper/pal_robotiq_gripper_wrapper) ignored
[0.135s] Level 1:colcon.colcon_core.package_identification:_identify(src/pal_urdf_utils) by extensions ['ignore', 'ignore_ament_install']
[0.135s] Level 1:colcon.colcon_core.package_identification:_identify(src/pal_urdf_utils) by extension 'ignore'
[0.135s] Level 1:colcon.colcon_core.package_identification:_identify(src/pal_urdf_utils) by extension 'ignore_ament_install'
[0.135s] Level 1:colcon.colcon_core.package_identification:_identify(src/pal_urdf_utils) by extensions ['colcon_pkg']
[0.135s] Level 1:colcon.colcon_core.package_identification:_identify(src/pal_urdf_utils) by extension 'colcon_pkg'
[0.135s] Level 1:colcon.colcon_core.package_identification:_identify(src/pal_urdf_utils) by extensions ['colcon_meta']
[0.135s] Level 1:colcon.colcon_core.package_identification:_identify(src/pal_urdf_utils) by extension 'colcon_meta'
[0.135s] Level 1:colcon.colcon_core.package_identification:_identify(src/pal_urdf_utils) by extensions ['ros']
[0.135s] Level 1:colcon.colcon_core.package_identification:_identify(src/pal_urdf_utils) by extension 'ros'
[0.135s] DEBUG:colcon.colcon_core.package_identification:Package 'src/pal_urdf_utils' with type 'ros.ament_cmake' and name 'pal_urdf_utils'
[0.136s] Level 1:colcon.colcon_core.package_identification:_identify(src/play_motion2) by extensions ['ignore', 'ignore_ament_install']
[0.136s] Level 1:colcon.colcon_core.package_identification:_identify(src/play_motion2) by extension 'ignore'
[0.136s] Level 1:colcon.colcon_core.package_identification:_identify(src/play_motion2) by extension 'ignore_ament_install'
[0.136s] Level 1:colcon.colcon_core.package_identification:_identify(src/play_motion2) by extensions ['colcon_pkg']
[0.136s] Level 1:colcon.colcon_core.package_identification:_identify(src/play_motion2) by extension 'colcon_pkg'
[0.136s] Level 1:colcon.colcon_core.package_identification:_identify(src/play_motion2) by extensions ['colcon_meta']
[0.136s] Level 1:colcon.colcon_core.package_identification:_identify(src/play_motion2) by extension 'colcon_meta'
[0.136s] Level 1:colcon.colcon_core.package_identification:_identify(src/play_motion2) by extensions ['ros']
[0.136s] Level 1:colcon.colcon_core.package_identification:_identify(src/play_motion2) by extension 'ros'
[0.136s] Level 1:colcon.colcon_core.package_identification:_identify(src/play_motion2) by extensions ['cmake', 'python']
[0.136s] Level 1:colcon.colcon_core.package_identification:_identify(src/play_motion2) by extension 'cmake'
[0.136s] Level 1:colcon.colcon_core.package_identification:_identify(src/play_motion2) by extension 'python'
[0.136s] Level 1:colcon.colcon_core.package_identification:_identify(src/play_motion2) by extensions ['python_setup_py']
[0.136s] Level 1:colcon.colcon_core.package_identification:_identify(src/play_motion2) by extension 'python_setup_py'
[0.136s] Level 1:colcon.colcon_core.package_identification:_identify(src/play_motion2/play_motion2) by extensions ['ignore', 'ignore_ament_install']
[0.136s] Level 1:colcon.colcon_core.package_identification:_identify(src/play_motion2/play_motion2) by extension 'ignore'
[0.136s] Level 1:colcon.colcon_core.package_identification:_identify(src/play_motion2/play_motion2) by extension 'ignore_ament_install'
[0.136s] Level 1:colcon.colcon_core.package_identification:_identify(src/play_motion2/play_motion2) by extensions ['colcon_pkg']
[0.136s] Level 1:colcon.colcon_core.package_identification:_identify(src/play_motion2/play_motion2) by extension 'colcon_pkg'
[0.136s] Level 1:colcon.colcon_core.package_identification:_identify(src/play_motion2/play_motion2) by extensions ['colcon_meta']
[0.136s] Level 1:colcon.colcon_core.package_identification:_identify(src/play_motion2/play_motion2) by extension 'colcon_meta'
[0.136s] Level 1:colcon.colcon_core.package_identification:_identify(src/play_motion2/play_motion2) by extensions ['ros']
[0.136s] Level 1:colcon.colcon_core.package_identification:_identify(src/play_motion2/play_motion2) by extension 'ros'
[0.138s] DEBUG:colcon.colcon_core.package_identification:Package 'src/play_motion2/play_motion2' with type 'ros.ament_cmake' and name 'play_motion2'
[0.138s] Level 1:colcon.colcon_core.package_identification:_identify(src/play_motion2/play_motion2_msgs) by extensions ['ignore', 'ignore_ament_install']
[0.138s] Level 1:colcon.colcon_core.package_identification:_identify(src/play_motion2/play_motion2_msgs) by extension 'ignore'
[0.138s] Level 1:colcon.colcon_core.package_identification:_identify(src/play_motion2/play_motion2_msgs) by extension 'ignore_ament_install'
[0.138s] Level 1:colcon.colcon_core.package_identification:_identify(src/play_motion2/play_motion2_msgs) by extensions ['colcon_pkg']
[0.138s] Level 1:colcon.colcon_core.package_identification:_identify(src/play_motion2/play_motion2_msgs) by extension 'colcon_pkg'
[0.138s] Level 1:colcon.colcon_core.package_identification:_identify(src/play_motion2/play_motion2_msgs) by extensions ['colcon_meta']
[0.138s] Level 1:colcon.colcon_core.package_identification:_identify(src/play_motion2/play_motion2_msgs) by extension 'colcon_meta'
[0.138s] Level 1:colcon.colcon_core.package_identification:_identify(src/play_motion2/play_motion2_msgs) by extensions ['ros']
[0.138s] Level 1:colcon.colcon_core.package_identification:_identify(src/play_motion2/play_motion2_msgs) by extension 'ros'
[0.139s] DEBUG:colcon.colcon_core.package_identification:Package 'src/play_motion2/play_motion2_msgs' with type 'ros.ament_cmake' and name 'play_motion2_msgs'
[0.139s] Level 1:colcon.colcon_core.package_identification:_identify(src/pmb2_navigation) by extensions ['ignore', 'ignore_ament_install']
[0.139s] Level 1:colcon.colcon_core.package_identification:_identify(src/pmb2_navigation) by extension 'ignore'
[0.139s] Level 1:colcon.colcon_core.package_identification:_identify(src/pmb2_navigation) by extension 'ignore_ament_install'
[0.139s] Level 1:colcon.colcon_core.package_identification:_identify(src/pmb2_navigation) by extensions ['colcon_pkg']
[0.139s] Level 1:colcon.colcon_core.package_identification:_identify(src/pmb2_navigation) by extension 'colcon_pkg'
[0.139s] Level 1:colcon.colcon_core.package_identification:_identify(src/pmb2_navigation) by extensions ['colcon_meta']
[0.139s] Level 1:colcon.colcon_core.package_identification:_identify(src/pmb2_navigation) by extension 'colcon_meta'
[0.139s] Level 1:colcon.colcon_core.package_identification:_identify(src/pmb2_navigation) by extensions ['ros']
[0.139s] Level 1:colcon.colcon_core.package_identification:_identify(src/pmb2_navigation) by extension 'ros'
[0.139s] Level 1:colcon.colcon_core.package_identification:_identify(src/pmb2_navigation) by extensions ['cmake', 'python']
[0.139s] Level 1:colcon.colcon_core.package_identification:_identify(src/pmb2_navigation) by extension 'cmake'
[0.139s] Level 1:colcon.colcon_core.package_identification:_identify(src/pmb2_navigation) by extension 'python'
[0.139s] Level 1:colcon.colcon_core.package_identification:_identify(src/pmb2_navigation) by extensions ['python_setup_py']
[0.139s] Level 1:colcon.colcon_core.package_identification:_identify(src/pmb2_navigation) by extension 'python_setup_py'
[0.139s] Level 1:colcon.colcon_core.package_identification:_identify(src/pmb2_navigation/pmb2_2dnav) by extensions ['ignore', 'ignore_ament_install']
[0.139s] Level 1:colcon.colcon_core.package_identification:_identify(src/pmb2_navigation/pmb2_2dnav) by extension 'ignore'
[0.139s] Level 1:colcon.colcon_core.package_identification:_identify(src/pmb2_navigation/pmb2_2dnav) by extension 'ignore_ament_install'
[0.139s] Level 1:colcon.colcon_core.package_identification:_identify(src/pmb2_navigation/pmb2_2dnav) by extensions ['colcon_pkg']
[0.139s] Level 1:colcon.colcon_core.package_identification:_identify(src/pmb2_navigation/pmb2_2dnav) by extension 'colcon_pkg'
[0.139s] Level 1:colcon.colcon_core.package_identification:_identify(src/pmb2_navigation/pmb2_2dnav) by extensions ['colcon_meta']
[0.139s] Level 1:colcon.colcon_core.package_identification:_identify(src/pmb2_navigation/pmb2_2dnav) by extension 'colcon_meta'
[0.139s] Level 1:colcon.colcon_core.package_identification:_identify(src/pmb2_navigation/pmb2_2dnav) by extensions ['ros']
[0.139s] Level 1:colcon.colcon_core.package_identification:_identify(src/pmb2_navigation/pmb2_2dnav) by extension 'ros'
[0.140s] DEBUG:colcon.colcon_core.package_identification:Package 'src/pmb2_navigation/pmb2_2dnav' with type 'ros.ament_cmake' and name 'pmb2_2dnav'
[0.140s] Level 1:colcon.colcon_core.package_identification:_identify(src/pmb2_navigation/pmb2_laser_sensors) by extensions ['ignore', 'ignore_ament_install']
[0.140s] Level 1:colcon.colcon_core.package_identification:_identify(src/pmb2_navigation/pmb2_laser_sensors) by extension 'ignore'
[0.140s] Level 1:colcon.colcon_core.package_identification:_identify(src/pmb2_navigation/pmb2_laser_sensors) by extension 'ignore_ament_install'
[0.140s] Level 1:colcon.colcon_core.package_identification:_identify(src/pmb2_navigation/pmb2_laser_sensors) by extensions ['colcon_pkg']
[0.140s] Level 1:colcon.colcon_core.package_identification:_identify(src/pmb2_navigation/pmb2_laser_sensors) by extension 'colcon_pkg'
[0.140s] Level 1:colcon.colcon_core.package_identification:_identify(src/pmb2_navigation/pmb2_laser_sensors) by extensions ['colcon_meta']
[0.140s] Level 1:colcon.colcon_core.package_identification:_identify(src/pmb2_navigation/pmb2_laser_sensors) by extension 'colcon_meta'
[0.140s] Level 1:colcon.colcon_core.package_identification:_identify(src/pmb2_navigation/pmb2_laser_sensors) by extensions ['ros']
[0.140s] Level 1:colcon.colcon_core.package_identification:_identify(src/pmb2_navigation/pmb2_laser_sensors) by extension 'ros'
[0.142s] DEBUG:colcon.colcon_core.package_identification:Package 'src/pmb2_navigation/pmb2_laser_sensors' with type 'ros.ament_cmake' and name 'pmb2_laser_sensors'
[0.142s] Level 1:colcon.colcon_core.package_identification:_identify(src/pmb2_navigation/pmb2_maps) by extensions ['ignore', 'ignore_ament_install']
[0.142s] Level 1:colcon.colcon_core.package_identification:_identify(src/pmb2_navigation/pmb2_maps) by extension 'ignore'
[0.142s] Level 1:colcon.colcon_core.package_identification:_identify(src/pmb2_navigation/pmb2_maps) by extension 'ignore_ament_install'
[0.142s] Level 1:colcon.colcon_core.package_identification:_identify(src/pmb2_navigation/pmb2_maps) by extensions ['colcon_pkg']
[0.142s] Level 1:colcon.colcon_core.package_identification:_identify(src/pmb2_navigation/pmb2_maps) by extension 'colcon_pkg'
[0.142s] Level 1:colcon.colcon_core.package_identification:_identify(src/pmb2_navigation/pmb2_maps) by extensions ['colcon_meta']
[0.142s] Level 1:colcon.colcon_core.package_identification:_identify(src/pmb2_navigation/pmb2_maps) by extension 'colcon_meta'
[0.143s] Level 1:colcon.colcon_core.package_identification:_identify(src/pmb2_navigation/pmb2_maps) by extensions ['ros']
[0.143s] Level 1:colcon.colcon_core.package_identification:_identify(src/pmb2_navigation/pmb2_maps) by extension 'ros'
[0.143s] DEBUG:colcon.colcon_core.package_identification:Package 'src/pmb2_navigation/pmb2_maps' with type 'ros.ament_cmake' and name 'pmb2_maps'
[0.143s] Level 1:colcon.colcon_core.package_identification:_identify(src/pmb2_navigation/pmb2_navigation) by extensions ['ignore', 'ignore_ament_install']
[0.143s] Level 1:colcon.colcon_core.package_identification:_identify(src/pmb2_navigation/pmb2_navigation) by extension 'ignore'
[0.144s] Level 1:colcon.colcon_core.package_identification:_identify(src/pmb2_navigation/pmb2_navigation) by extension 'ignore_ament_install'
[0.144s] Level 1:colcon.colcon_core.package_identification:_identify(src/pmb2_navigation/pmb2_navigation) by extensions ['colcon_pkg']
[0.144s] Level 1:colcon.colcon_core.package_identification:_identify(src/pmb2_navigation/pmb2_navigation) by extension 'colcon_pkg'
[0.144s] Level 1:colcon.colcon_core.package_identification:_identify(src/pmb2_navigation/pmb2_navigation) by extensions ['colcon_meta']
[0.144s] Level 1:colcon.colcon_core.package_identification:_identify(src/pmb2_navigation/pmb2_navigation) by extension 'colcon_meta'
[0.144s] Level 1:colcon.colcon_core.package_identification:_identify(src/pmb2_navigation/pmb2_navigation) by extensions ['ros']
[0.144s] Level 1:colcon.colcon_core.package_identification:_identify(src/pmb2_navigation/pmb2_navigation) by extension 'ros'
[0.144s] DEBUG:colcon.colcon_core.package_identification:Package 'src/pmb2_navigation/pmb2_navigation' with type 'ros.ament_cmake' and name 'pmb2_navigation'
[0.144s] Level 1:colcon.colcon_core.package_identification:_identify(src/pmb2_navigation/pmb2_rgbd_sensors) by extensions ['ignore', 'ignore_ament_install']
[0.144s] Level 1:colcon.colcon_core.package_identification:_identify(src/pmb2_navigation/pmb2_rgbd_sensors) by extension 'ignore'
[0.144s] Level 1:colcon.colcon_core.package_identification:_identify(src/pmb2_navigation/pmb2_rgbd_sensors) ignored
[0.145s] Level 1:colcon.colcon_core.package_identification:_identify(src/pmb2_robot) by extensions ['ignore', 'ignore_ament_install']
[0.145s] Level 1:colcon.colcon_core.package_identification:_identify(src/pmb2_robot) by extension 'ignore'
[0.145s] Level 1:colcon.colcon_core.package_identification:_identify(src/pmb2_robot) by extension 'ignore_ament_install'
[0.145s] Level 1:colcon.colcon_core.package_identification:_identify(src/pmb2_robot) by extensions ['colcon_pkg']
[0.145s] Level 1:colcon.colcon_core.package_identification:_identify(src/pmb2_robot) by extension 'colcon_pkg'
[0.145s] Level 1:colcon.colcon_core.package_identification:_identify(src/pmb2_robot) by extensions ['colcon_meta']
[0.145s] Level 1:colcon.colcon_core.package_identification:_identify(src/pmb2_robot) by extension 'colcon_meta'
[0.145s] Level 1:colcon.colcon_core.package_identification:_identify(src/pmb2_robot) by extensions ['ros']
[0.145s] Level 1:colcon.colcon_core.package_identification:_identify(src/pmb2_robot) by extension 'ros'
[0.145s] Level 1:colcon.colcon_core.package_identification:_identify(src/pmb2_robot) by extensions ['cmake', 'python']
[0.145s] Level 1:colcon.colcon_core.package_identification:_identify(src/pmb2_robot) by extension 'cmake'
[0.145s] Level 1:colcon.colcon_core.package_identification:_identify(src/pmb2_robot) by extension 'python'
[0.145s] Level 1:colcon.colcon_core.package_identification:_identify(src/pmb2_robot) by extensions ['python_setup_py']
[0.145s] Level 1:colcon.colcon_core.package_identification:_identify(src/pmb2_robot) by extension 'python_setup_py'
[0.145s] Level 1:colcon.colcon_core.package_identification:_identify(src/pmb2_robot/pmb2_bringup) by extensions ['ignore', 'ignore_ament_install']
[0.145s] Level 1:colcon.colcon_core.package_identification:_identify(src/pmb2_robot/pmb2_bringup) by extension 'ignore'
[0.145s] Level 1:colcon.colcon_core.package_identification:_identify(src/pmb2_robot/pmb2_bringup) by extension 'ignore_ament_install'
[0.145s] Level 1:colcon.colcon_core.package_identification:_identify(src/pmb2_robot/pmb2_bringup) by extensions ['colcon_pkg']
[0.145s] Level 1:colcon.colcon_core.package_identification:_identify(src/pmb2_robot/pmb2_bringup) by extension 'colcon_pkg'
[0.145s] Level 1:colcon.colcon_core.package_identification:_identify(src/pmb2_robot/pmb2_bringup) by extensions ['colcon_meta']
[0.145s] Level 1:colcon.colcon_core.package_identification:_identify(src/pmb2_robot/pmb2_bringup) by extension 'colcon_meta'
[0.145s] Level 1:colcon.colcon_core.package_identification:_identify(src/pmb2_robot/pmb2_bringup) by extensions ['ros']
[0.145s] Level 1:colcon.colcon_core.package_identification:_identify(src/pmb2_robot/pmb2_bringup) by extension 'ros'
[0.146s] DEBUG:colcon.colcon_core.package_identification:Package 'src/pmb2_robot/pmb2_bringup' with type 'ros.ament_cmake' and name 'pmb2_bringup'
[0.147s] Level 1:colcon.colcon_core.package_identification:_identify(src/pmb2_robot/pmb2_controller_configuration) by extensions ['ignore', 'ignore_ament_install']
[0.147s] Level 1:colcon.colcon_core.package_identification:_identify(src/pmb2_robot/pmb2_controller_configuration) by extension 'ignore'
[0.147s] Level 1:colcon.colcon_core.package_identification:_identify(src/pmb2_robot/pmb2_controller_configuration) by extension 'ignore_ament_install'
[0.147s] Level 1:colcon.colcon_core.package_identification:_identify(src/pmb2_robot/pmb2_controller_configuration) by extensions ['colcon_pkg']
[0.147s] Level 1:colcon.colcon_core.package_identification:_identify(src/pmb2_robot/pmb2_controller_configuration) by extension 'colcon_pkg'
[0.147s] Level 1:colcon.colcon_core.package_identification:_identify(src/pmb2_robot/pmb2_controller_configuration) by extensions ['colcon_meta']
[0.147s] Level 1:colcon.colcon_core.package_identification:_identify(src/pmb2_robot/pmb2_controller_configuration) by extension 'colcon_meta'
[0.147s] Level 1:colcon.colcon_core.package_identification:_identify(src/pmb2_robot/pmb2_controller_configuration) by extensions ['ros']
[0.147s] Level 1:colcon.colcon_core.package_identification:_identify(src/pmb2_robot/pmb2_controller_configuration) by extension 'ros'
[0.148s] DEBUG:colcon.colcon_core.package_identification:Package 'src/pmb2_robot/pmb2_controller_configuration' with type 'ros.ament_cmake' and name 'pmb2_controller_configuration'
[0.148s] Level 1:colcon.colcon_core.package_identification:_identify(src/pmb2_robot/pmb2_description) by extensions ['ignore', 'ignore_ament_install']
[0.148s] Level 1:colcon.colcon_core.package_identification:_identify(src/pmb2_robot/pmb2_description) by extension 'ignore'
[0.148s] Level 1:colcon.colcon_core.package_identification:_identify(src/pmb2_robot/pmb2_description) by extension 'ignore_ament_install'
[0.148s] Level 1:colcon.colcon_core.package_identification:_identify(src/pmb2_robot/pmb2_description) by extensions ['colcon_pkg']
[0.148s] Level 1:colcon.colcon_core.package_identification:_identify(src/pmb2_robot/pmb2_description) by extension 'colcon_pkg'
[0.148s] Level 1:colcon.colcon_core.package_identification:_identify(src/pmb2_robot/pmb2_description) by extensions ['colcon_meta']
[0.148s] Level 1:colcon.colcon_core.package_identification:_identify(src/pmb2_robot/pmb2_description) by extension 'colcon_meta'
[0.148s] Level 1:colcon.colcon_core.package_identification:_identify(src/pmb2_robot/pmb2_description) by extensions ['ros']
[0.148s] Level 1:colcon.colcon_core.package_identification:_identify(src/pmb2_robot/pmb2_description) by extension 'ros'
[0.149s] DEBUG:colcon.colcon_core.package_identification:Package 'src/pmb2_robot/pmb2_description' with type 'ros.ament_cmake' and name 'pmb2_description'
[0.149s] Level 1:colcon.colcon_core.package_identification:_identify(src/pmb2_robot/pmb2_robot) by extensions ['ignore', 'ignore_ament_install']
[0.149s] Level 1:colcon.colcon_core.package_identification:_identify(src/pmb2_robot/pmb2_robot) by extension 'ignore'
[0.149s] Level 1:colcon.colcon_core.package_identification:_identify(src/pmb2_robot/pmb2_robot) by extension 'ignore_ament_install'
[0.149s] Level 1:colcon.colcon_core.package_identification:_identify(src/pmb2_robot/pmb2_robot) by extensions ['colcon_pkg']
[0.149s] Level 1:colcon.colcon_core.package_identification:_identify(src/pmb2_robot/pmb2_robot) by extension 'colcon_pkg'
[0.149s] Level 1:colcon.colcon_core.package_identification:_identify(src/pmb2_robot/pmb2_robot) by extensions ['colcon_meta']
[0.149s] Level 1:colcon.colcon_core.package_identification:_identify(src/pmb2_robot/pmb2_robot) by extension 'colcon_meta'
[0.149s] Level 1:colcon.colcon_core.package_identification:_identify(src/pmb2_robot/pmb2_robot) by extensions ['ros']
[0.149s] Level 1:colcon.colcon_core.package_identification:_identify(src/pmb2_robot/pmb2_robot) by extension 'ros'
[0.150s] DEBUG:colcon.colcon_core.package_identification:Package 'src/pmb2_robot/pmb2_robot' with type 'ros.ament_cmake' and name 'pmb2_robot'
[0.150s] Level 1:colcon.colcon_core.package_identification:_identify(src/tiago_moveit_config) by extensions ['ignore', 'ignore_ament_install']
[0.150s] Level 1:colcon.colcon_core.package_identification:_identify(src/tiago_moveit_config) by extension 'ignore'
[0.150s] Level 1:colcon.colcon_core.package_identification:_identify(src/tiago_moveit_config) by extension 'ignore_ament_install'
[0.150s] Level 1:colcon.colcon_core.package_identification:_identify(src/tiago_moveit_config) by extensions ['colcon_pkg']
[0.150s] Level 1:colcon.colcon_core.package_identification:_identify(src/tiago_moveit_config) by extension 'colcon_pkg'
[0.150s] Level 1:colcon.colcon_core.package_identification:_identify(src/tiago_moveit_config) by extensions ['colcon_meta']
[0.150s] Level 1:colcon.colcon_core.package_identification:_identify(src/tiago_moveit_config) by extension 'colcon_meta'
[0.150s] Level 1:colcon.colcon_core.package_identification:_identify(src/tiago_moveit_config) by extensions ['ros']
[0.150s] Level 1:colcon.colcon_core.package_identification:_identify(src/tiago_moveit_config) by extension 'ros'
[0.151s] DEBUG:colcon.colcon_core.package_identification:Package 'src/tiago_moveit_config' with type 'ros.ament_cmake' and name 'tiago_moveit_config'
[0.151s] Level 1:colcon.colcon_core.package_identification:_identify(src/tiago_navigation) by extensions ['ignore', 'ignore_ament_install']
[0.151s] Level 1:colcon.colcon_core.package_identification:_identify(src/tiago_navigation) by extension 'ignore'
[0.151s] Level 1:colcon.colcon_core.package_identification:_identify(src/tiago_navigation) by extension 'ignore_ament_install'
[0.151s] Level 1:colcon.colcon_core.package_identification:_identify(src/tiago_navigation) by extensions ['colcon_pkg']
[0.151s] Level 1:colcon.colcon_core.package_identification:_identify(src/tiago_navigation) by extension 'colcon_pkg'
[0.151s] Level 1:colcon.colcon_core.package_identification:_identify(src/tiago_navigation) by extensions ['colcon_meta']
[0.151s] Level 1:colcon.colcon_core.package_identification:_identify(src/tiago_navigation) by extension 'colcon_meta'
[0.151s] Level 1:colcon.colcon_core.package_identification:_identify(src/tiago_navigation) by extensions ['ros']
[0.151s] Level 1:colcon.colcon_core.package_identification:_identify(src/tiago_navigation) by extension 'ros'
[0.151s] Level 1:colcon.colcon_core.package_identification:_identify(src/tiago_navigation) by extensions ['cmake', 'python']
[0.151s] Level 1:colcon.colcon_core.package_identification:_identify(src/tiago_navigation) by extension 'cmake'
[0.152s] Level 1:colcon.colcon_core.package_identification:_identify(src/tiago_navigation) by extension 'python'
[0.152s] Level 1:colcon.colcon_core.package_identification:_identify(src/tiago_navigation) by extensions ['python_setup_py']
[0.152s] Level 1:colcon.colcon_core.package_identification:_identify(src/tiago_navigation) by extension 'python_setup_py'
[0.152s] Level 1:colcon.colcon_core.package_identification:_identify(src/tiago_navigation/tiago_2dnav) by extensions ['ignore', 'ignore_ament_install']
[0.152s] Level 1:colcon.colcon_core.package_identification:_identify(src/tiago_navigation/tiago_2dnav) by extension 'ignore'
[0.152s] Level 1:colcon.colcon_core.package_identification:_identify(src/tiago_navigation/tiago_2dnav) by extension 'ignore_ament_install'
[0.152s] Level 1:colcon.colcon_core.package_identification:_identify(src/tiago_navigation/tiago_2dnav) by extensions ['colcon_pkg']
[0.152s] Level 1:colcon.colcon_core.package_identification:_identify(src/tiago_navigation/tiago_2dnav) by extension 'colcon_pkg'
[0.152s] Level 1:colcon.colcon_core.package_identification:_identify(src/tiago_navigation/tiago_2dnav) by extensions ['colcon_meta']
[0.152s] Level 1:colcon.colcon_core.package_identification:_identify(src/tiago_navigation/tiago_2dnav) by extension 'colcon_meta'
[0.152s] Level 1:colcon.colcon_core.package_identification:_identify(src/tiago_navigation/tiago_2dnav) by extensions ['ros']
[0.152s] Level 1:colcon.colcon_core.package_identification:_identify(src/tiago_navigation/tiago_2dnav) by extension 'ros'
[0.153s] DEBUG:colcon.colcon_core.package_identification:Package 'src/tiago_navigation/tiago_2dnav' with type 'ros.ament_cmake' and name 'tiago_2dnav'
[0.153s] Level 1:colcon.colcon_core.package_identification:_identify(src/tiago_navigation/tiago_laser_sensors) by extensions ['ignore', 'ignore_ament_install']
[0.153s] Level 1:colcon.colcon_core.package_identification:_identify(src/tiago_navigation/tiago_laser_sensors) by extension 'ignore'
[0.153s] Level 1:colcon.colcon_core.package_identification:_identify(src/tiago_navigation/tiago_laser_sensors) by extension 'ignore_ament_install'
[0.153s] Level 1:colcon.colcon_core.package_identification:_identify(src/tiago_navigation/tiago_laser_sensors) by extensions ['colcon_pkg']
[0.153s] Level 1:colcon.colcon_core.package_identification:_identify(src/tiago_navigation/tiago_laser_sensors) by extension 'colcon_pkg'
[0.153s] Level 1:colcon.colcon_core.package_identification:_identify(src/tiago_navigation/tiago_laser_sensors) by extensions ['colcon_meta']
[0.153s] Level 1:colcon.colcon_core.package_identification:_identify(src/tiago_navigation/tiago_laser_sensors) by extension 'colcon_meta'
[0.153s] Level 1:colcon.colcon_core.package_identification:_identify(src/tiago_navigation/tiago_laser_sensors) by extensions ['ros']
[0.153s] Level 1:colcon.colcon_core.package_identification:_identify(src/tiago_navigation/tiago_laser_sensors) by extension 'ros'
[0.154s] DEBUG:colcon.colcon_core.package_identification:Package 'src/tiago_navigation/tiago_laser_sensors' with type 'ros.ament_cmake' and name 'tiago_laser_sensors'
[0.154s] Level 1:colcon.colcon_core.package_identification:_identify(src/tiago_navigation/tiago_navigation) by extensions ['ignore', 'ignore_ament_install']
[0.154s] Level 1:colcon.colcon_core.package_identification:_identify(src/tiago_navigation/tiago_navigation) by extension 'ignore'
[0.154s] Level 1:colcon.colcon_core.package_identification:_identify(src/tiago_navigation/tiago_navigation) by extension 'ignore_ament_install'
[0.154s] Level 1:colcon.colcon_core.package_identification:_identify(src/tiago_navigation/tiago_navigation) by extensions ['colcon_pkg']
[0.154s] Level 1:colcon.colcon_core.package_identification:_identify(src/tiago_navigation/tiago_navigation) by extension 'colcon_pkg'
[0.154s] Level 1:colcon.colcon_core.package_identification:_identify(src/tiago_navigation/tiago_navigation) by extensions ['colcon_meta']
[0.154s] Level 1:colcon.colcon_core.package_identification:_identify(src/tiago_navigation/tiago_navigation) by extension 'colcon_meta'
[0.154s] Level 1:colcon.colcon_core.package_identification:_identify(src/tiago_navigation/tiago_navigation) by extensions ['ros']
[0.154s] Level 1:colcon.colcon_core.package_identification:_identify(src/tiago_navigation/tiago_navigation) by extension 'ros'
[0.155s] DEBUG:colcon.colcon_core.package_identification:Package 'src/tiago_navigation/tiago_navigation' with type 'ros.ament_cmake' and name 'tiago_navigation'
[0.155s] Level 1:colcon.colcon_core.package_identification:_identify(src/tiago_robot) by extensions ['ignore', 'ignore_ament_install']
[0.155s] Level 1:colcon.colcon_core.package_identification:_identify(src/tiago_robot) by extension 'ignore'
[0.155s] Level 1:colcon.colcon_core.package_identification:_identify(src/tiago_robot) by extension 'ignore_ament_install'
[0.155s] Level 1:colcon.colcon_core.package_identification:_identify(src/tiago_robot) by extensions ['colcon_pkg']
[0.155s] Level 1:colcon.colcon_core.package_identification:_identify(src/tiago_robot) by extension 'colcon_pkg'
[0.155s] Level 1:colcon.colcon_core.package_identification:_identify(src/tiago_robot) by extensions ['colcon_meta']
[0.155s] Level 1:colcon.colcon_core.package_identification:_identify(src/tiago_robot) by extension 'colcon_meta'
[0.155s] Level 1:colcon.colcon_core.package_identification:_identify(src/tiago_robot) by extensions ['ros']
[0.155s] Level 1:colcon.colcon_core.package_identification:_identify(src/tiago_robot) by extension 'ros'
[0.155s] Level 1:colcon.colcon_core.package_identification:_identify(src/tiago_robot) by extensions ['cmake', 'python']
[0.155s] Level 1:colcon.colcon_core.package_identification:_identify(src/tiago_robot) by extension 'cmake'
[0.155s] Level 1:colcon.colcon_core.package_identification:_identify(src/tiago_robot) by extension 'python'
[0.155s] Level 1:colcon.colcon_core.package_identification:_identify(src/tiago_robot) by extensions ['python_setup_py']
[0.155s] Level 1:colcon.colcon_core.package_identification:_identify(src/tiago_robot) by extension 'python_setup_py'
[0.155s] Level 1:colcon.colcon_core.package_identification:_identify(src/tiago_robot/tiago_bringup) by extensions ['ignore', 'ignore_ament_install']
[0.156s] Level 1:colcon.colcon_core.package_identification:_identify(src/tiago_robot/tiago_bringup) by extension 'ignore'
[0.156s] Level 1:colcon.colcon_core.package_identification:_identify(src/tiago_robot/tiago_bringup) by extension 'ignore_ament_install'
[0.156s] Level 1:colcon.colcon_core.package_identification:_identify(src/tiago_robot/tiago_bringup) by extensions ['colcon_pkg']
[0.156s] Level 1:colcon.colcon_core.package_identification:_identify(src/tiago_robot/tiago_bringup) by extension 'colcon_pkg'
[0.156s] Level 1:colcon.colcon_core.package_identification:_identify(src/tiago_robot/tiago_bringup) by extensions ['colcon_meta']
[0.156s] Level 1:colcon.colcon_core.package_identification:_identify(src/tiago_robot/tiago_bringup) by extension 'colcon_meta'
[0.156s] Level 1:colcon.colcon_core.package_identification:_identify(src/tiago_robot/tiago_bringup) by extensions ['ros']
[0.156s] Level 1:colcon.colcon_core.package_identification:_identify(src/tiago_robot/tiago_bringup) by extension 'ros'
[0.157s] DEBUG:colcon.colcon_core.package_identification:Package 'src/tiago_robot/tiago_bringup' with type 'ros.ament_cmake' and name 'tiago_bringup'
[0.157s] Level 1:colcon.colcon_core.package_identification:_identify(src/tiago_robot/tiago_controller_configuration) by extensions ['ignore', 'ignore_ament_install']
[0.157s] Level 1:colcon.colcon_core.package_identification:_identify(src/tiago_robot/tiago_controller_configuration) by extension 'ignore'
[0.157s] Level 1:colcon.colcon_core.package_identification:_identify(src/tiago_robot/tiago_controller_configuration) by extension 'ignore_ament_install'
[0.157s] Level 1:colcon.colcon_core.package_identification:_identify(src/tiago_robot/tiago_controller_configuration) by extensions ['colcon_pkg']
[0.157s] Level 1:colcon.colcon_core.package_identification:_identify(src/tiago_robot/tiago_controller_configuration) by extension 'colcon_pkg'
[0.157s] Level 1:colcon.colcon_core.package_identification:_identify(src/tiago_robot/tiago_controller_configuration) by extensions ['colcon_meta']
[0.157s] Level 1:colcon.colcon_core.package_identification:_identify(src/tiago_robot/tiago_controller_configuration) by extension 'colcon_meta'
[0.157s] Level 1:colcon.colcon_core.package_identification:_identify(src/tiago_robot/tiago_controller_configuration) by extensions ['ros']
[0.157s] Level 1:colcon.colcon_core.package_identification:_identify(src/tiago_robot/tiago_controller_configuration) by extension 'ros'
[0.158s] DEBUG:colcon.colcon_core.package_identification:Package 'src/tiago_robot/tiago_controller_configuration' with type 'ros.ament_cmake' and name 'tiago_controller_configuration'
[0.158s] Level 1:colcon.colcon_core.package_identification:_identify(src/tiago_robot/tiago_description) by extensions ['ignore', 'ignore_ament_install']
[0.158s] Level 1:colcon.colcon_core.package_identification:_identify(src/tiago_robot/tiago_description) by extension 'ignore'
[0.158s] Level 1:colcon.colcon_core.package_identification:_identify(src/tiago_robot/tiago_description) by extension 'ignore_ament_install'
[0.158s] Level 1:colcon.colcon_core.package_identification:_identify(src/tiago_robot/tiago_description) by extensions ['colcon_pkg']
[0.158s] Level 1:colcon.colcon_core.package_identification:_identify(src/tiago_robot/tiago_description) by extension 'colcon_pkg'
[0.158s] Level 1:colcon.colcon_core.package_identification:_identify(src/tiago_robot/tiago_description) by extensions ['colcon_meta']
[0.159s] Level 1:colcon.colcon_core.package_identification:_identify(src/tiago_robot/tiago_description) by extension 'colcon_meta'
[0.159s] Level 1:colcon.colcon_core.package_identification:_identify(src/tiago_robot/tiago_description) by extensions ['ros']
[0.159s] Level 1:colcon.colcon_core.package_identification:_identify(src/tiago_robot/tiago_description) by extension 'ros'
[0.160s] DEBUG:colcon.colcon_core.package_identification:Package 'src/tiago_robot/tiago_description' with type 'ros.ament_cmake' and name 'tiago_description'
[0.160s] Level 1:colcon.colcon_core.package_identification:_identify(src/tiago_robot/tiago_robot) by extensions ['ignore', 'ignore_ament_install']
[0.160s] Level 1:colcon.colcon_core.package_identification:_identify(src/tiago_robot/tiago_robot) by extension 'ignore'
[0.160s] Level 1:colcon.colcon_core.package_identification:_identify(src/tiago_robot/tiago_robot) by extension 'ignore_ament_install'
[0.160s] Level 1:colcon.colcon_core.package_identification:_identify(src/tiago_robot/tiago_robot) by extensions ['colcon_pkg']
[0.160s] Level 1:colcon.colcon_core.package_identification:_identify(src/tiago_robot/tiago_robot) by extension 'colcon_pkg'
[0.160s] Level 1:colcon.colcon_core.package_identification:_identify(src/tiago_robot/tiago_robot) by extensions ['colcon_meta']
[0.160s] Level 1:colcon.colcon_core.package_identification:_identify(src/tiago_robot/tiago_robot) by extension 'colcon_meta'
[0.160s] Level 1:colcon.colcon_core.package_identification:_identify(src/tiago_robot/tiago_robot) by extensions ['ros']
[0.160s] Level 1:colcon.colcon_core.package_identification:_identify(src/tiago_robot/tiago_robot) by extension 'ros'
[0.161s] DEBUG:colcon.colcon_core.package_identification:Package 'src/tiago_robot/tiago_robot' with type 'ros.ament_cmake' and name 'tiago_robot'
[0.161s] Level 1:colcon.colcon_core.package_identification:_identify(src/tiago_simulation) by extensions ['ignore', 'ignore_ament_install']
[0.161s] Level 1:colcon.colcon_core.package_identification:_identify(src/tiago_simulation) by extension 'ignore'
[0.161s] Level 1:colcon.colcon_core.package_identification:_identify(src/tiago_simulation) by extension 'ignore_ament_install'
[0.161s] Level 1:colcon.colcon_core.package_identification:_identify(src/tiago_simulation) by extensions ['colcon_pkg']
[0.161s] Level 1:colcon.colcon_core.package_identification:_identify(src/tiago_simulation) by extension 'colcon_pkg'
[0.161s] Level 1:colcon.colcon_core.package_identification:_identify(src/tiago_simulation) by extensions ['colcon_meta']
[0.161s] Level 1:colcon.colcon_core.package_identification:_identify(src/tiago_simulation) by extension 'colcon_meta'
[0.161s] Level 1:colcon.colcon_core.package_identification:_identify(src/tiago_simulation) by extensions ['ros']
[0.161s] Level 1:colcon.colcon_core.package_identification:_identify(src/tiago_simulation) by extension 'ros'
[0.161s] Level 1:colcon.colcon_core.package_identification:_identify(src/tiago_simulation) by extensions ['cmake', 'python']
[0.161s] Level 1:colcon.colcon_core.package_identification:_identify(src/tiago_simulation) by extension 'cmake'
[0.161s] Level 1:colcon.colcon_core.package_identification:_identify(src/tiago_simulation) by extension 'python'
[0.161s] Level 1:colcon.colcon_core.package_identification:_identify(src/tiago_simulation) by extensions ['python_setup_py']
[0.161s] Level 1:colcon.colcon_core.package_identification:_identify(src/tiago_simulation) by extension 'python_setup_py'
[0.161s] Level 1:colcon.colcon_core.package_identification:_identify(src/tiago_simulation/doc) by extensions ['ignore', 'ignore_ament_install']
[0.161s] Level 1:colcon.colcon_core.package_identification:_identify(src/tiago_simulation/doc) by extension 'ignore'
[0.161s] Level 1:colcon.colcon_core.package_identification:_identify(src/tiago_simulation/doc) by extension 'ignore_ament_install'
[0.161s] Level 1:colcon.colcon_core.package_identification:_identify(src/tiago_simulation/doc) by extensions ['colcon_pkg']
[0.161s] Level 1:colcon.colcon_core.package_identification:_identify(src/tiago_simulation/doc) by extension 'colcon_pkg'
[0.161s] Level 1:colcon.colcon_core.package_identification:_identify(src/tiago_simulation/doc) by extensions ['colcon_meta']
[0.161s] Level 1:colcon.colcon_core.package_identification:_identify(src/tiago_simulation/doc) by extension 'colcon_meta'
[0.162s] Level 1:colcon.colcon_core.package_identification:_identify(src/tiago_simulation/doc) by extensions ['ros']
[0.162s] Level 1:colcon.colcon_core.package_identification:_identify(src/tiago_simulation/doc) by extension 'ros'
[0.162s] Level 1:colcon.colcon_core.package_identification:_identify(src/tiago_simulation/doc) by extensions ['cmake', 'python']
[0.162s] Level 1:colcon.colcon_core.package_identification:_identify(src/tiago_simulation/doc) by extension 'cmake'
[0.162s] Level 1:colcon.colcon_core.package_identification:_identify(src/tiago_simulation/doc) by extension 'python'
[0.162s] Level 1:colcon.colcon_core.package_identification:_identify(src/tiago_simulation/doc) by extensions ['python_setup_py']
[0.162s] Level 1:colcon.colcon_core.package_identification:_identify(src/tiago_simulation/doc) by extension 'python_setup_py'
[0.162s] Level 1:colcon.colcon_core.package_identification:_identify(src/tiago_simulation/doc/media) by extensions ['ignore', 'ignore_ament_install']
[0.162s] Level 1:colcon.colcon_core.package_identification:_identify(src/tiago_simulation/doc/media) by extension 'ignore'
[0.162s] Level 1:colcon.colcon_core.package_identification:_identify(src/tiago_simulation/doc/media) by extension 'ignore_ament_install'
[0.162s] Level 1:colcon.colcon_core.package_identification:_identify(src/tiago_simulation/doc/media) by extensions ['colcon_pkg']
[0.162s] Level 1:colcon.colcon_core.package_identification:_identify(src/tiago_simulation/doc/media) by extension 'colcon_pkg'
[0.162s] Level 1:colcon.colcon_core.package_identification:_identify(src/tiago_simulation/doc/media) by extensions ['colcon_meta']
[0.162s] Level 1:colcon.colcon_core.package_identification:_identify(src/tiago_simulation/doc/media) by extension 'colcon_meta'
[0.162s] Level 1:colcon.colcon_core.package_identification:_identify(src/tiago_simulation/doc/media) by extensions ['ros']
[0.162s] Level 1:colcon.colcon_core.package_identification:_identify(src/tiago_simulation/doc/media) by extension 'ros'
[0.162s] Level 1:colcon.colcon_core.package_identification:_identify(src/tiago_simulation/doc/media) by extensions ['cmake', 'python']
[0.162s] Level 1:colcon.colcon_core.package_identification:_identify(src/tiago_simulation/doc/media) by extension 'cmake'
[0.162s] Level 1:colcon.colcon_core.package_identification:_identify(src/tiago_simulation/doc/media) by extension 'python'
[0.162s] Level 1:colcon.colcon_core.package_identification:_identify(src/tiago_simulation/doc/media) by extensions ['python_setup_py']
[0.162s] Level 1:colcon.colcon_core.package_identification:_identify(src/tiago_simulation/doc/media) by extension 'python_setup_py'
[0.162s] Level 1:colcon.colcon_core.package_identification:_identify(src/tiago_simulation/tiago_gazebo) by extensions ['ignore', 'ignore_ament_install']
[0.162s] Level 1:colcon.colcon_core.package_identification:_identify(src/tiago_simulation/tiago_gazebo) by extension 'ignore'
[0.162s] Level 1:colcon.colcon_core.package_identification:_identify(src/tiago_simulation/tiago_gazebo) by extension 'ignore_ament_install'
[0.162s] Level 1:colcon.colcon_core.package_identification:_identify(src/tiago_simulation/tiago_gazebo) by extensions ['colcon_pkg']
[0.163s] Level 1:colcon.colcon_core.package_identification:_identify(src/tiago_simulation/tiago_gazebo) by extension 'colcon_pkg'
[0.163s] Level 1:colcon.colcon_core.package_identification:_identify(src/tiago_simulation/tiago_gazebo) by extensions ['colcon_meta']
[0.163s] Level 1:colcon.colcon_core.package_identification:_identify(src/tiago_simulation/tiago_gazebo) by extension 'colcon_meta'
[0.163s] Level 1:colcon.colcon_core.package_identification:_identify(src/tiago_simulation/tiago_gazebo) by extensions ['ros']
[0.163s] Level 1:colcon.colcon_core.package_identification:_identify(src/tiago_simulation/tiago_gazebo) by extension 'ros'
[0.163s] DEBUG:colcon.colcon_core.package_identification:Package 'src/tiago_simulation/tiago_gazebo' with type 'ros.ament_cmake' and name 'tiago_gazebo'
[0.163s] Level 1:colcon.colcon_core.package_identification:_identify(src/tiago_simulation/tiago_multi) by extensions ['ignore', 'ignore_ament_install']
[0.163s] Level 1:colcon.colcon_core.package_identification:_identify(src/tiago_simulation/tiago_multi) by extension 'ignore'
[0.164s] Level 1:colcon.colcon_core.package_identification:_identify(src/tiago_simulation/tiago_multi) ignored
[0.164s] Level 1:colcon.colcon_core.package_identification:_identify(src/tiago_simulation/tiago_simulation) by extensions ['ignore', 'ignore_ament_install']
[0.164s] Level 1:colcon.colcon_core.package_identification:_identify(src/tiago_simulation/tiago_simulation) by extension 'ignore'
[0.164s] Level 1:colcon.colcon_core.package_identification:_identify(src/tiago_simulation/tiago_simulation) by extension 'ignore_ament_install'
[0.164s] Level 1:colcon.colcon_core.package_identification:_identify(src/tiago_simulation/tiago_simulation) by extensions ['colcon_pkg']
[0.164s] Level 1:colcon.colcon_core.package_identification:_identify(src/tiago_simulation/tiago_simulation) by extension 'colcon_pkg'
[0.164s] Level 1:colcon.colcon_core.package_identification:_identify(src/tiago_simulation/tiago_simulation) by extensions ['colcon_meta']
[0.164s] Level 1:colcon.colcon_core.package_identification:_identify(src/tiago_simulation/tiago_simulation) by extension 'colcon_meta'
[0.164s] Level 1:colcon.colcon_core.package_identification:_identify(src/tiago_simulation/tiago_simulation) by extensions ['ros']
[0.164s] Level 1:colcon.colcon_core.package_identification:_identify(src/tiago_simulation/tiago_simulation) by extension 'ros'
[0.164s] DEBUG:colcon.colcon_core.package_identification:Package 'src/tiago_simulation/tiago_simulation' with type 'ros.ament_cmake' and name 'tiago_simulation'
[0.165s] Level 1:colcon.colcon_core.package_identification:_identify(src/urdf_test) by extensions ['ignore', 'ignore_ament_install']
[0.165s] Level 1:colcon.colcon_core.package_identification:_identify(src/urdf_test) by extension 'ignore'
[0.165s] Level 1:colcon.colcon_core.package_identification:_identify(src/urdf_test) by extension 'ignore_ament_install'
[0.165s] Level 1:colcon.colcon_core.package_identification:_identify(src/urdf_test) by extensions ['colcon_pkg']
[0.165s] Level 1:colcon.colcon_core.package_identification:_identify(src/urdf_test) by extension 'colcon_pkg'
[0.165s] Level 1:colcon.colcon_core.package_identification:_identify(src/urdf_test) by extensions ['colcon_meta']
[0.165s] Level 1:colcon.colcon_core.package_identification:_identify(src/urdf_test) by extension 'colcon_meta'
[0.165s] Level 1:colcon.colcon_core.package_identification:_identify(src/urdf_test) by extensions ['ros']
[0.165s] Level 1:colcon.colcon_core.package_identification:_identify(src/urdf_test) by extension 'ros'
[0.165s] DEBUG:colcon.colcon_core.package_identification:Package 'src/urdf_test' with type 'ros.ament_cmake' and name 'urdf_test'
[0.166s] Level 1:colcon.colcon_core.package_identification:_identify(src/yolo_tiago) by extensions ['ignore', 'ignore_ament_install']
[0.166s] Level 1:colcon.colcon_core.package_identification:_identify(src/yolo_tiago) by extension 'ignore'
[0.166s] Level 1:colcon.colcon_core.package_identification:_identify(src/yolo_tiago) by extension 'ignore_ament_install'
[0.166s] Level 1:colcon.colcon_core.package_identification:_identify(src/yolo_tiago) by extensions ['colcon_pkg']
[0.166s] Level 1:colcon.colcon_core.package_identification:_identify(src/yolo_tiago) by extension 'colcon_pkg'
[0.166s] Level 1:colcon.colcon_core.package_identification:_identify(src/yolo_tiago) by extensions ['colcon_meta']
[0.166s] Level 1:colcon.colcon_core.package_identification:_identify(src/yolo_tiago) by extension 'colcon_meta'
[0.166s] Level 1:colcon.colcon_core.package_identification:_identify(src/yolo_tiago) by extensions ['ros']
[0.166s] Level 1:colcon.colcon_core.package_identification:_identify(src/yolo_tiago) by extension 'ros'
[0.166s] DEBUG:colcon.colcon_core.package_identification:Package 'src/yolo_tiago' with type 'ros.ament_python' and name 'yolo_tiago'
[0.166s] Level 1:colcon.colcon_core.package_discovery:discover_packages(recursive) using defaults
[0.166s] Level 1:colcon.colcon_core.package_discovery:discover_packages(ignore) discover
[0.167s] Level 1:colcon.colcon_core.package_discovery:discover_packages(ignore) using defaults
[0.167s] Level 1:colcon.colcon_core.package_discovery:discover_packages(path) discover
[0.167s] Level 1:colcon.colcon_core.package_discovery:discover_packages(path) using defaults
[0.187s] Level 1:colcon.colcon_core.package_discovery:discover_packages(prefix_path) check parameters
[0.187s] Level 1:colcon.colcon_core.package_discovery:discover_packages(prefix_path) discover
[0.189s] DEBUG:colcon.colcon_installed_package_information.package_discovery:Found 476 installed packages in /opt/ros/humble
[0.191s] Level 1:colcon.colcon_core.package_discovery:discover_packages(prefix_path) using defaults
[0.232s] Level 5:colcon.colcon_core.verb:set package 'launch_pal' build argument 'cmake_args' from command line to 'None'
[0.232s] Level 5:colcon.colcon_core.verb:set package 'launch_pal' build argument 'cmake_target' from command line to 'None'
[0.232s] Level 5:colcon.colcon_core.verb:set package 'launch_pal' build argument 'cmake_target_skip_unavailable' from command line to 'False'
[0.232s] Level 5:colcon.colcon_core.verb:set package 'launch_pal' build argument 'cmake_clean_cache' from command line to 'False'
[0.232s] Level 5:colcon.colcon_core.verb:set package 'launch_pal' build argument 'cmake_clean_first' from command line to 'False'
[0.232s] Level 5:colcon.colcon_core.verb:set package 'launch_pal' build argument 'cmake_force_configure' from command line to 'False'
[0.232s] Level 5:colcon.colcon_core.verb:set package 'launch_pal' build argument 'ament_cmake_args' from command line to 'None'
[0.232s] Level 5:colcon.colcon_core.verb:set package 'launch_pal' build argument 'catkin_cmake_args' from command line to 'None'
[0.232s] Level 5:colcon.colcon_core.verb:set package 'launch_pal' build argument 'catkin_skip_building_tests' from command line to 'False'
[0.232s] DEBUG:colcon.colcon_core.verb:Building package 'launch_pal' with the following arguments: {'ament_cmake_args': None, 'build_base': '/home/luca/topic-highlight/exam_ws/build/launch_pal', 'catkin_cmake_args': None, 'catkin_skip_building_tests': False, 'cmake_args': None, 'cmake_clean_cache': False, 'cmake_clean_first': False, 'cmake_force_configure': False, 'cmake_target': None, 'cmake_target_skip_unavailable': False, 'install_base': '/home/luca/topic-highlight/exam_ws/install/launch_pal', 'merge_install': False, 'path': '/home/luca/topic-highlight/exam_ws/src/launch_pal', 'symlink_install': False, 'test_result_base': None}
[0.232s] Level 5:colcon.colcon_core.verb:set package 'pal_gazebo_worlds' build argument 'cmake_args' from command line to 'None'
[0.233s] Level 5:colcon.colcon_core.verb:set package 'pal_gazebo_worlds' build argument 'cmake_target' from command line to 'None'
[0.233s] Level 5:colcon.colcon_core.verb:set package 'pal_gazebo_worlds' build argument 'cmake_target_skip_unavailable' from command line to 'False'
[0.233s] Level 5:colcon.colcon_core.verb:set package 'pal_gazebo_worlds' build argument 'cmake_clean_cache' from command line to 'False'
[0.233s] Level 5:colcon.colcon_core.verb:set package 'pal_gazebo_worlds' build argument 'cmake_clean_first' from command line to 'False'
[0.233s] Level 5:colcon.colcon_core.verb:set package 'pal_gazebo_worlds' build argument 'cmake_force_configure' from command line to 'False'
[0.233s] Level 5:colcon.colcon_core.verb:set package 'pal_gazebo_worlds' build argument 'ament_cmake_args' from command line to 'None'
[0.233s] Level 5:colcon.colcon_core.verb:set package 'pal_gazebo_worlds' build argument 'catkin_cmake_args' from command line to 'None'
[0.233s] Level 5:colcon.colcon_core.verb:set package 'pal_gazebo_worlds' build argument 'catkin_skip_building_tests' from command line to 'False'
[0.233s] DEBUG:colcon.colcon_core.verb:Building package 'pal_gazebo_worlds' with the following arguments: {'ament_cmake_args': None, 'build_base': '/home/luca/topic-highlight/exam_ws/build/pal_gazebo_worlds', 'catkin_cmake_args': None, 'catkin_skip_building_tests': False, 'cmake_args': None, 'cmake_clean_cache': False, 'cmake_clean_first': False, 'cmake_force_configure': False, 'cmake_target': None, 'cmake_target_skip_unavailable': False, 'install_base': '/home/luca/topic-highlight/exam_ws/install/pal_gazebo_worlds', 'merge_install': False, 'path': '/home/luca/topic-highlight/exam_ws/src/pal_gazebo_worlds', 'symlink_install': False, 'test_result_base': None}
[0.233s] Level 5:colcon.colcon_core.verb:set package 'pal_gripper_controller_configuration' build argument 'cmake_args' from command line to 'None'
[0.233s] Level 5:colcon.colcon_core.verb:set package 'pal_gripper_controller_configuration' build argument 'cmake_target' from command line to 'None'
[0.233s] Level 5:colcon.colcon_core.verb:set package 'pal_gripper_controller_configuration' build argument 'cmake_target_skip_unavailable' from command line to 'False'
[0.233s] Level 5:colcon.colcon_core.verb:set package 'pal_gripper_controller_configuration' build argument 'cmake_clean_cache' from command line to 'False'
[0.233s] Level 5:colcon.colcon_core.verb:set package 'pal_gripper_controller_configuration' build argument 'cmake_clean_first' from command line to 'False'
[0.233s] Level 5:colcon.colcon_core.verb:set package 'pal_gripper_controller_configuration' build argument 'cmake_force_configure' from command line to 'False'
[0.233s] Level 5:colcon.colcon_core.verb:set package 'pal_gripper_controller_configuration' build argument 'ament_cmake_args' from command line to 'None'
[0.233s] Level 5:colcon.colcon_core.verb:set package 'pal_gripper_controller_configuration' build argument 'catkin_cmake_args' from command line to 'None'
[0.233s] Level 5:colcon.colcon_core.verb:set package 'pal_gripper_controller_configuration' build argument 'catkin_skip_building_tests' from command line to 'False'
[0.233s] DEBUG:colcon.colcon_core.verb:Building package 'pal_gripper_controller_configuration' with the following arguments: {'ament_cmake_args': None, 'build_base': '/home/luca/topic-highlight/exam_ws/build/pal_gripper_controller_configuration', 'catkin_cmake_args': None, 'catkin_skip_building_tests': False, 'cmake_args': None, 'cmake_clean_cache': False, 'cmake_clean_first': False, 'cmake_force_configure': False, 'cmake_target': None, 'cmake_target_skip_unavailable': False, 'install_base': '/home/luca/topic-highlight/exam_ws/install/pal_gripper_controller_configuration', 'merge_install': False, 'path': '/home/luca/topic-highlight/exam_ws/src/pal_gripper/pal_gripper_controller_configuration', 'symlink_install': False, 'test_result_base': None}
[0.233s] Level 5:colcon.colcon_core.verb:set package 'pal_hey5_controller_configuration' build argument 'cmake_args' from command line to 'None'
[0.233s] Level 5:colcon.colcon_core.verb:set package 'pal_hey5_controller_configuration' build argument 'cmake_target' from command line to 'None'
[0.233s] Level 5:colcon.colcon_core.verb:set package 'pal_hey5_controller_configuration' build argument 'cmake_target_skip_unavailable' from command line to 'False'
[0.233s] Level 5:colcon.colcon_core.verb:set package 'pal_hey5_controller_configuration' build argument 'cmake_clean_cache' from command line to 'False'
[0.233s] Level 5:colcon.colcon_core.verb:set package 'pal_hey5_controller_configuration' build argument 'cmake_clean_first' from command line to 'False'
[0.233s] Level 5:colcon.colcon_core.verb:set package 'pal_hey5_controller_configuration' build argument 'cmake_force_configure' from command line to 'False'
[0.233s] Level 5:colcon.colcon_core.verb:set package 'pal_hey5_controller_configuration' build argument 'ament_cmake_args' from command line to 'None'
[0.233s] Level 5:colcon.colcon_core.verb:set package 'pal_hey5_controller_configuration' build argument 'catkin_cmake_args' from command line to 'None'
[0.233s] Level 5:colcon.colcon_core.verb:set package 'pal_hey5_controller_configuration' build argument 'catkin_skip_building_tests' from command line to 'False'
[0.233s] DEBUG:colcon.colcon_core.verb:Building package 'pal_hey5_controller_configuration' with the following arguments: {'ament_cmake_args': None, 'build_base': '/home/luca/topic-highlight/exam_ws/build/pal_hey5_controller_configuration', 'catkin_cmake_args': None, 'catkin_skip_building_tests': False, 'cmake_args': None, 'cmake_clean_cache': False, 'cmake_clean_first': False, 'cmake_force_configure': False, 'cmake_target': None, 'cmake_target_skip_unavailable': False, 'install_base': '/home/luca/topic-highlight/exam_ws/install/pal_hey5_controller_configuration', 'merge_install': False, 'path': '/home/luca/topic-highlight/exam_ws/src/pal_hey5/pal_hey5_controller_configuration', 'symlink_install': False, 'test_result_base': None}
[0.234s] Level 5:colcon.colcon_core.verb:set package 'pal_navigation_cfg_params' build argument 'cmake_args' from command line to 'None'
[0.234s] Level 5:colcon.colcon_core.verb:set package 'pal_navigation_cfg_params' build argument 'cmake_target' from command line to 'None'
[0.234s] Level 5:colcon.colcon_core.verb:set package 'pal_navigation_cfg_params' build argument 'cmake_target_skip_unavailable' from command line to 'False'
[0.234s] Level 5:colcon.colcon_core.verb:set package 'pal_navigation_cfg_params' build argument 'cmake_clean_cache' from command line to 'False'
[0.234s] Level 5:colcon.colcon_core.verb:set package 'pal_navigation_cfg_params' build argument 'cmake_clean_first' from command line to 'False'
[0.234s] Level 5:colcon.colcon_core.verb:set package 'pal_navigation_cfg_params' build argument 'cmake_force_configure' from command line to 'False'
[0.234s] Level 5:colcon.colcon_core.verb:set package 'pal_navigation_cfg_params' build argument 'ament_cmake_args' from command line to 'None'
[0.234s] Level 5:colcon.colcon_core.verb:set package 'pal_navigation_cfg_params' build argument 'catkin_cmake_args' from command line to 'None'
[0.234s] Level 5:colcon.colcon_core.verb:set package 'pal_navigation_cfg_params' build argument 'catkin_skip_building_tests' from command line to 'False'
[0.234s] DEBUG:colcon.colcon_core.verb:Building package 'pal_navigation_cfg_params' with the following arguments: {'ament_cmake_args': None, 'build_base': '/home/luca/topic-highlight/exam_ws/build/pal_navigation_cfg_params', 'catkin_cmake_args': None, 'catkin_skip_building_tests': False, 'cmake_args': None, 'cmake_clean_cache': False, 'cmake_clean_first': False, 'cmake_force_configure': False, 'cmake_target': None, 'cmake_target_skip_unavailable': False, 'install_base': '/home/luca/topic-highlight/exam_ws/install/pal_navigation_cfg_params', 'merge_install': False, 'path': '/home/luca/topic-highlight/exam_ws/src/pal_navigation_cfg_public/pal_navigation_cfg_params', 'symlink_install': False, 'test_result_base': None}
[0.234s] Level 5:colcon.colcon_core.verb:set package 'pal_robotiq_controller_configuration' build argument 'cmake_args' from command line to 'None'
[0.234s] Level 5:colcon.colcon_core.verb:set package 'pal_robotiq_controller_configuration' build argument 'cmake_target' from command line to 'None'
[0.234s] Level 5:colcon.colcon_core.verb:set package 'pal_robotiq_controller_configuration' build argument 'cmake_target_skip_unavailable' from command line to 'False'
[0.234s] Level 5:colcon.colcon_core.verb:set package 'pal_robotiq_controller_configuration' build argument 'cmake_clean_cache' from command line to 'False'
[0.234s] Level 5:colcon.colcon_core.verb:set package 'pal_robotiq_controller_configuration' build argument 'cmake_clean_first' from command line to 'False'
[0.234s] Level 5:colcon.colcon_core.verb:set package 'pal_robotiq_controller_configuration' build argument 'cmake_force_configure' from command line to 'False'
[0.234s] Level 5:colcon.colcon_core.verb:set package 'pal_robotiq_controller_configuration' build argument 'ament_cmake_args' from command line to 'None'
[0.234s] Level 5:colcon.colcon_core.verb:set package 'pal_robotiq_controller_configuration' build argument 'catkin_cmake_args' from command line to 'None'
[0.234s] Level 5:colcon.colcon_core.verb:set package 'pal_robotiq_controller_configuration' build argument 'catkin_skip_building_tests' from command line to 'False'
[0.234s] DEBUG:colcon.colcon_core.verb:Building package 'pal_robotiq_controller_configuration' with the following arguments: {'ament_cmake_args': None, 'build_base': '/home/luca/topic-highlight/exam_ws/build/pal_robotiq_controller_configuration', 'catkin_cmake_args': None, 'catkin_skip_building_tests': False, 'cmake_args': None, 'cmake_clean_cache': False, 'cmake_clean_first': False, 'cmake_force_configure': False, 'cmake_target': None, 'cmake_target_skip_unavailable': False, 'install_base': '/home/luca/topic-highlight/exam_ws/install/pal_robotiq_controller_configuration', 'merge_install': False, 'path': '/home/luca/topic-highlight/exam_ws/src/pal_robotiq_gripper/pal_robotiq_controller_configuration', 'symlink_install': False, 'test_result_base': None}
[0.234s] Level 5:colcon.colcon_core.verb:set package 'pal_robotiq_description' build argument 'cmake_args' from command line to 'None'
[0.234s] Level 5:colcon.colcon_core.verb:set package 'pal_robotiq_description' build argument 'cmake_target' from command line to 'None'
[0.234s] Level 5:colcon.colcon_core.verb:set package 'pal_robotiq_description' build argument 'cmake_target_skip_unavailable' from command line to 'False'
[0.234s] Level 5:colcon.colcon_core.verb:set package 'pal_robotiq_description' build argument 'cmake_clean_cache' from command line to 'False'
[0.234s] Level 5:colcon.colcon_core.verb:set package 'pal_robotiq_description' build argument 'cmake_clean_first' from command line to 'False'
[0.234s] Level 5:colcon.colcon_core.verb:set package 'pal_robotiq_description' build argument 'cmake_force_configure' from command line to 'False'
[0.234s] Level 5:colcon.colcon_core.verb:set package 'pal_robotiq_description' build argument 'ament_cmake_args' from command line to 'None'
[0.234s] Level 5:colcon.colcon_core.verb:set package 'pal_robotiq_description' build argument 'catkin_cmake_args' from command line to 'None'
[0.234s] Level 5:colcon.colcon_core.verb:set package 'pal_robotiq_description' build argument 'catkin_skip_building_tests' from command line to 'False'
[0.234s] DEBUG:colcon.colcon_core.verb:Building package 'pal_robotiq_description' with the following arguments: {'ament_cmake_args': None, 'build_base': '/home/luca/topic-highlight/exam_ws/build/pal_robotiq_description', 'catkin_cmake_args': None, 'catkin_skip_building_tests': False, 'cmake_args': None, 'cmake_clean_cache': False, 'cmake_clean_first': False, 'cmake_force_configure': False, 'cmake_target': None, 'cmake_target_skip_unavailable': False, 'install_base': '/home/luca/topic-highlight/exam_ws/install/pal_robotiq_description', 'merge_install': False, 'path': '/home/luca/topic-highlight/exam_ws/src/pal_robotiq_gripper/pal_robotiq_description', 'symlink_install': False, 'test_result_base': None}
[0.235s] Level 5:colcon.colcon_core.verb:set package 'pal_urdf_utils' build argument 'cmake_args' from command line to 'None'
[0.235s] Level 5:colcon.colcon_core.verb:set package 'pal_urdf_utils' build argument 'cmake_target' from command line to 'None'
[0.235s] Level 5:colcon.colcon_core.verb:set package 'pal_urdf_utils' build argument 'cmake_target_skip_unavailable' from command line to 'False'
[0.235s] Level 5:colcon.colcon_core.verb:set package 'pal_urdf_utils' build argument 'cmake_clean_cache' from command line to 'False'
[0.235s] Level 5:colcon.colcon_core.verb:set package 'pal_urdf_utils' build argument 'cmake_clean_first' from command line to 'False'
[0.235s] Level 5:colcon.colcon_core.verb:set package 'pal_urdf_utils' build argument 'cmake_force_configure' from command line to 'False'
[0.235s] Level 5:colcon.colcon_core.verb:set package 'pal_urdf_utils' build argument 'ament_cmake_args' from command line to 'None'
[0.235s] Level 5:colcon.colcon_core.verb:set package 'pal_urdf_utils' build argument 'catkin_cmake_args' from command line to 'None'
[0.235s] Level 5:colcon.colcon_core.verb:set package 'pal_urdf_utils' build argument 'catkin_skip_building_tests' from command line to 'False'
[0.235s] DEBUG:colcon.colcon_core.verb:Building package 'pal_urdf_utils' with the following arguments: {'ament_cmake_args': None, 'build_base': '/home/luca/topic-highlight/exam_ws/build/pal_urdf_utils', 'catkin_cmake_args': None, 'catkin_skip_building_tests': False, 'cmake_args': None, 'cmake_clean_cache': False, 'cmake_clean_first': False, 'cmake_force_configure': False, 'cmake_target': None, 'cmake_target_skip_unavailable': False, 'install_base': '/home/luca/topic-highlight/exam_ws/install/pal_urdf_utils', 'merge_install': False, 'path': '/home/luca/topic-highlight/exam_ws/src/pal_urdf_utils', 'symlink_install': False, 'test_result_base': None}
[0.235s] Level 5:colcon.colcon_core.verb:set package 'play_motion2_msgs' build argument 'cmake_args' from command line to 'None'
[0.235s] Level 5:colcon.colcon_core.verb:set package 'play_motion2_msgs' build argument 'cmake_target' from command line to 'None'
[0.235s] Level 5:colcon.colcon_core.verb:set package 'play_motion2_msgs' build argument 'cmake_target_skip_unavailable' from command line to 'False'
[0.235s] Level 5:colcon.colcon_core.verb:set package 'play_motion2_msgs' build argument 'cmake_clean_cache' from command line to 'False'
[0.235s] Level 5:colcon.colcon_core.verb:set package 'play_motion2_msgs' build argument 'cmake_clean_first' from command line to 'False'
[0.235s] Level 5:colcon.colcon_core.verb:set package 'play_motion2_msgs' build argument 'cmake_force_configure' from command line to 'False'
[0.235s] Level 5:colcon.colcon_core.verb:set package 'play_motion2_msgs' build argument 'ament_cmake_args' from command line to 'None'
[0.235s] Level 5:colcon.colcon_core.verb:set package 'play_motion2_msgs' build argument 'catkin_cmake_args' from command line to 'None'
[0.235s] Level 5:colcon.colcon_core.verb:set package 'play_motion2_msgs' build argument 'catkin_skip_building_tests' from command line to 'False'
[0.235s] DEBUG:colcon.colcon_core.verb:Building package 'play_motion2_msgs' with the following arguments: {'ament_cmake_args': None, 'build_base': '/home/luca/topic-highlight/exam_ws/build/play_motion2_msgs', 'catkin_cmake_args': None, 'catkin_skip_building_tests': False, 'cmake_args': None, 'cmake_clean_cache': False, 'cmake_clean_first': False, 'cmake_force_configure': False, 'cmake_target': None, 'cmake_target_skip_unavailable': False, 'install_base': '/home/luca/topic-highlight/exam_ws/install/play_motion2_msgs', 'merge_install': False, 'path': '/home/luca/topic-highlight/exam_ws/src/play_motion2/play_motion2_msgs', 'symlink_install': False, 'test_result_base': None}
[0.235s] Level 5:colcon.colcon_core.verb:set package 'pmb2_laser_sensors' build argument 'cmake_args' from command line to 'None'
[0.235s] Level 5:colcon.colcon_core.verb:set package 'pmb2_laser_sensors' build argument 'cmake_target' from command line to 'None'
[0.235s] Level 5:colcon.colcon_core.verb:set package 'pmb2_laser_sensors' build argument 'cmake_target_skip_unavailable' from command line to 'False'
[0.235s] Level 5:colcon.colcon_core.verb:set package 'pmb2_laser_sensors' build argument 'cmake_clean_cache' from command line to 'False'
[0.235s] Level 5:colcon.colcon_core.verb:set package 'pmb2_laser_sensors' build argument 'cmake_clean_first' from command line to 'False'
[0.235s] Level 5:colcon.colcon_core.verb:set package 'pmb2_laser_sensors' build argument 'cmake_force_configure' from command line to 'False'
[0.235s] Level 5:colcon.colcon_core.verb:set package 'pmb2_laser_sensors' build argument 'ament_cmake_args' from command line to 'None'
[0.235s] Level 5:colcon.colcon_core.verb:set package 'pmb2_laser_sensors' build argument 'catkin_cmake_args' from command line to 'None'
[0.235s] Level 5:colcon.colcon_core.verb:set package 'pmb2_laser_sensors' build argument 'catkin_skip_building_tests' from command line to 'False'
[0.235s] DEBUG:colcon.colcon_core.verb:Building package 'pmb2_laser_sensors' with the following arguments: {'ament_cmake_args': None, 'build_base': '/home/luca/topic-highlight/exam_ws/build/pmb2_laser_sensors', 'catkin_cmake_args': None, 'catkin_skip_building_tests': False, 'cmake_args': None, 'cmake_clean_cache': False, 'cmake_clean_first': False, 'cmake_force_configure': False, 'cmake_target': None, 'cmake_target_skip_unavailable': False, 'install_base': '/home/luca/topic-highlight/exam_ws/install/pmb2_laser_sensors', 'merge_install': False, 'path': '/home/luca/topic-highlight/exam_ws/src/pmb2_navigation/pmb2_laser_sensors', 'symlink_install': False, 'test_result_base': None}
[0.236s] Level 5:colcon.colcon_core.verb:set package 'pmb2_maps' build argument 'cmake_args' from command line to 'None'
[0.236s] Level 5:colcon.colcon_core.verb:set package 'pmb2_maps' build argument 'cmake_target' from command line to 'None'
[0.236s] Level 5:colcon.colcon_core.verb:set package 'pmb2_maps' build argument 'cmake_target_skip_unavailable' from command line to 'False'
[0.236s] Level 5:colcon.colcon_core.verb:set package 'pmb2_maps' build argument 'cmake_clean_cache' from command line to 'False'
[0.236s] Level 5:colcon.colcon_core.verb:set package 'pmb2_maps' build argument 'cmake_clean_first' from command line to 'False'
[0.236s] Level 5:colcon.colcon_core.verb:set package 'pmb2_maps' build argument 'cmake_force_configure' from command line to 'False'
[0.236s] Level 5:colcon.colcon_core.verb:set package 'pmb2_maps' build argument 'ament_cmake_args' from command line to 'None'
[0.236s] Level 5:colcon.colcon_core.verb:set package 'pmb2_maps' build argument 'catkin_cmake_args' from command line to 'None'
[0.236s] Level 5:colcon.colcon_core.verb:set package 'pmb2_maps' build argument 'catkin_skip_building_tests' from command line to 'False'
[0.236s] DEBUG:colcon.colcon_core.verb:Building package 'pmb2_maps' with the following arguments: {'ament_cmake_args': None, 'build_base': '/home/luca/topic-highlight/exam_ws/build/pmb2_maps', 'catkin_cmake_args': None, 'catkin_skip_building_tests': False, 'cmake_args': None, 'cmake_clean_cache': False, 'cmake_clean_first': False, 'cmake_force_configure': False, 'cmake_target': None, 'cmake_target_skip_unavailable': False, 'install_base': '/home/luca/topic-highlight/exam_ws/install/pmb2_maps', 'merge_install': False, 'path': '/home/luca/topic-highlight/exam_ws/src/pmb2_navigation/pmb2_maps', 'symlink_install': False, 'test_result_base': None}
[0.236s] Level 5:colcon.colcon_core.verb:set package 'urdf_test' build argument 'cmake_args' from command line to 'None'
[0.236s] Level 5:colcon.colcon_core.verb:set package 'urdf_test' build argument 'cmake_target' from command line to 'None'
[0.236s] Level 5:colcon.colcon_core.verb:set package 'urdf_test' build argument 'cmake_target_skip_unavailable' from command line to 'False'
[0.236s] Level 5:colcon.colcon_core.verb:set package 'urdf_test' build argument 'cmake_clean_cache' from command line to 'False'
[0.236s] Level 5:colcon.colcon_core.verb:set package 'urdf_test' build argument 'cmake_clean_first' from command line to 'False'
[0.236s] Level 5:colcon.colcon_core.verb:set package 'urdf_test' build argument 'cmake_force_configure' from command line to 'False'
[0.236s] Level 5:colcon.colcon_core.verb:set package 'urdf_test' build argument 'ament_cmake_args' from command line to 'None'
[0.236s] Level 5:colcon.colcon_core.verb:set package 'urdf_test' build argument 'catkin_cmake_args' from command line to 'None'
[0.236s] Level 5:colcon.colcon_core.verb:set package 'urdf_test' build argument 'catkin_skip_building_tests' from command line to 'False'
[0.236s] DEBUG:colcon.colcon_core.verb:Building package 'urdf_test' with the following arguments: {'ament_cmake_args': None, 'build_base': '/home/luca/topic-highlight/exam_ws/build/urdf_test', 'catkin_cmake_args': None, 'catkin_skip_building_tests': False, 'cmake_args': None, 'cmake_clean_cache': False, 'cmake_clean_first': False, 'cmake_force_configure': False, 'cmake_target': None, 'cmake_target_skip_unavailable': False, 'install_base': '/home/luca/topic-highlight/exam_ws/install/urdf_test', 'merge_install': False, 'path': '/home/luca/topic-highlight/exam_ws/src/urdf_test', 'symlink_install': False, 'test_result_base': None}
[0.236s] Level 5:colcon.colcon_core.verb:set package 'yolo_tiago' build argument 'cmake_args' from command line to 'None'
[0.236s] Level 5:colcon.colcon_core.verb:set package 'yolo_tiago' build argument 'cmake_target' from command line to 'None'
[0.236s] Level 5:colcon.colcon_core.verb:set package 'yolo_tiago' build argument 'cmake_target_skip_unavailable' from command line to 'False'
[0.236s] Level 5:colcon.colcon_core.verb:set package 'yolo_tiago' build argument 'cmake_clean_cache' from command line to 'False'
[0.236s] Level 5:colcon.colcon_core.verb:set package 'yolo_tiago' build argument 'cmake_clean_first' from command line to 'False'
[0.236s] Level 5:colcon.colcon_core.verb:set package 'yolo_tiago' build argument 'cmake_force_configure' from command line to 'False'
[0.236s] Level 5:colcon.colcon_core.verb:set package 'yolo_tiago' build argument 'ament_cmake_args' from command line to 'None'
[0.236s] Level 5:colcon.colcon_core.verb:set package 'yolo_tiago' build argument 'catkin_cmake_args' from command line to 'None'
[0.236s] Level 5:colcon.colcon_core.verb:set package 'yolo_tiago' build argument 'catkin_skip_building_tests' from command line to 'False'
[0.236s] DEBUG:colcon.colcon_core.verb:Building package 'yolo_tiago' with the following arguments: {'ament_cmake_args': None, 'build_base': '/home/luca/topic-highlight/exam_ws/build/yolo_tiago', 'catkin_cmake_args': None, 'catkin_skip_building_tests': False, 'cmake_args': None, 'cmake_clean_cache': False, 'cmake_clean_first': False, 'cmake_force_configure': False, 'cmake_target': None, 'cmake_target_skip_unavailable': False, 'install_base': '/home/luca/topic-highlight/exam_ws/install/yolo_tiago', 'merge_install': False, 'path': '/home/luca/topic-highlight/exam_ws/src/yolo_tiago', 'symlink_install': False, 'test_result_base': None}
[0.236s] Level 5:colcon.colcon_core.verb:set package 'pal_gripper_description' build argument 'cmake_args' from command line to 'None'
[0.237s] Level 5:colcon.colcon_core.verb:set package 'pal_gripper_description' build argument 'cmake_target' from command line to 'None'
[0.237s] Level 5:colcon.colcon_core.verb:set package 'pal_gripper_description' build argument 'cmake_target_skip_unavailable' from command line to 'False'
[0.237s] Level 5:colcon.colcon_core.verb:set package 'pal_gripper_description' build argument 'cmake_clean_cache' from command line to 'False'
[0.237s] Level 5:colcon.colcon_core.verb:set package 'pal_gripper_description' build argument 'cmake_clean_first' from command line to 'False'
[0.237s] Level 5:colcon.colcon_core.verb:set package 'pal_gripper_description' build argument 'cmake_force_configure' from command line to 'False'
[0.237s] Level 5:colcon.colcon_core.verb:set package 'pal_gripper_description' build argument 'ament_cmake_args' from command line to 'None'
[0.237s] Level 5:colcon.colcon_core.verb:set package 'pal_gripper_description' build argument 'catkin_cmake_args' from command line to 'None'
[0.237s] Level 5:colcon.colcon_core.verb:set package 'pal_gripper_description' build argument 'catkin_skip_building_tests' from command line to 'False'
[0.237s] DEBUG:colcon.colcon_core.verb:Building package 'pal_gripper_description' with the following arguments: {'ament_cmake_args': None, 'build_base': '/home/luca/topic-highlight/exam_ws/build/pal_gripper_description', 'catkin_cmake_args': None, 'catkin_skip_building_tests': False, 'cmake_args': None, 'cmake_clean_cache': False, 'cmake_clean_first': False, 'cmake_force_configure': False, 'cmake_target': None, 'cmake_target_skip_unavailable': False, 'install_base': '/home/luca/topic-highlight/exam_ws/install/pal_gripper_description', 'merge_install': False, 'path': '/home/luca/topic-highlight/exam_ws/src/pal_gripper/pal_gripper_description', 'symlink_install': False, 'test_result_base': None}
[0.237s] Level 5:colcon.colcon_core.verb:set package 'pal_hey5_description' build argument 'cmake_args' from command line to 'None'
[0.237s] Level 5:colcon.colcon_core.verb:set package 'pal_hey5_description' build argument 'cmake_target' from command line to 'None'
[0.237s] Level 5:colcon.colcon_core.verb:set package 'pal_hey5_description' build argument 'cmake_target_skip_unavailable' from command line to 'False'
[0.237s] Level 5:colcon.colcon_core.verb:set package 'pal_hey5_description' build argument 'cmake_clean_cache' from command line to 'False'
[0.237s] Level 5:colcon.colcon_core.verb:set package 'pal_hey5_description' build argument 'cmake_clean_first' from command line to 'False'
[0.237s] Level 5:colcon.colcon_core.verb:set package 'pal_hey5_description' build argument 'cmake_force_configure' from command line to 'False'
[0.237s] Level 5:colcon.colcon_core.verb:set package 'pal_hey5_description' build argument 'ament_cmake_args' from command line to 'None'
[0.237s] Level 5:colcon.colcon_core.verb:set package 'pal_hey5_description' build argument 'catkin_cmake_args' from command line to 'None'
[0.237s] Level 5:colcon.colcon_core.verb:set package 'pal_hey5_description' build argument 'catkin_skip_building_tests' from command line to 'False'
[0.237s] DEBUG:colcon.colcon_core.verb:Building package 'pal_hey5_description' with the following arguments: {'ament_cmake_args': None, 'build_base': '/home/luca/topic-highlight/exam_ws/build/pal_hey5_description', 'catkin_cmake_args': None, 'catkin_skip_building_tests': False, 'cmake_args': None, 'cmake_clean_cache': False, 'cmake_clean_first': False, 'cmake_force_configure': False, 'cmake_target': None, 'cmake_target_skip_unavailable': False, 'install_base': '/home/luca/topic-highlight/exam_ws/install/pal_hey5_description', 'merge_install': False, 'path': '/home/luca/topic-highlight/exam_ws/src/pal_hey5/pal_hey5_description', 'symlink_install': False, 'test_result_base': None}
[0.237s] Level 5:colcon.colcon_core.verb:set package 'pal_navigation_cfg_bringup' build argument 'cmake_args' from command line to 'None'
[0.237s] Level 5:colcon.colcon_core.verb:set package 'pal_navigation_cfg_bringup' build argument 'cmake_target' from command line to 'None'
[0.237s] Level 5:colcon.colcon_core.verb:set package 'pal_navigation_cfg_bringup' build argument 'cmake_target_skip_unavailable' from command line to 'False'
[0.237s] Level 5:colcon.colcon_core.verb:set package 'pal_navigation_cfg_bringup' build argument 'cmake_clean_cache' from command line to 'False'
[0.237s] Level 5:colcon.colcon_core.verb:set package 'pal_navigation_cfg_bringup' build argument 'cmake_clean_first' from command line to 'False'
[0.237s] Level 5:colcon.colcon_core.verb:set package 'pal_navigation_cfg_bringup' build argument 'cmake_force_configure' from command line to 'False'
[0.237s] Level 5:colcon.colcon_core.verb:set package 'pal_navigation_cfg_bringup' build argument 'ament_cmake_args' from command line to 'None'
[0.237s] Level 5:colcon.colcon_core.verb:set package 'pal_navigation_cfg_bringup' build argument 'catkin_cmake_args' from command line to 'None'
[0.237s] Level 5:colcon.colcon_core.verb:set package 'pal_navigation_cfg_bringup' build argument 'catkin_skip_building_tests' from command line to 'False'
[0.237s] DEBUG:colcon.colcon_core.verb:Building package 'pal_navigation_cfg_bringup' with the following arguments: {'ament_cmake_args': None, 'build_base': '/home/luca/topic-highlight/exam_ws/build/pal_navigation_cfg_bringup', 'catkin_cmake_args': None, 'catkin_skip_building_tests': False, 'cmake_args': None, 'cmake_clean_cache': False, 'cmake_clean_first': False, 'cmake_force_configure': False, 'cmake_target': None, 'cmake_target_skip_unavailable': False, 'install_base': '/home/luca/topic-highlight/exam_ws/install/pal_navigation_cfg_bringup', 'merge_install': False, 'path': '/home/luca/topic-highlight/exam_ws/src/pal_navigation_cfg_public/pal_navigation_cfg_bringup', 'symlink_install': False, 'test_result_base': None}
[0.237s] Level 5:colcon.colcon_core.verb:set package 'pal_robotiq_gripper' build argument 'cmake_args' from command line to 'None'
[0.237s] Level 5:colcon.colcon_core.verb:set package 'pal_robotiq_gripper' build argument 'cmake_target' from command line to 'None'
[0.237s] Level 5:colcon.colcon_core.verb:set package 'pal_robotiq_gripper' build argument 'cmake_target_skip_unavailable' from command line to 'False'
[0.238s] Level 5:colcon.colcon_core.verb:set package 'pal_robotiq_gripper' build argument 'cmake_clean_cache' from command line to 'False'
[0.238s] Level 5:colcon.colcon_core.verb:set package 'pal_robotiq_gripper' build argument 'cmake_clean_first' from command line to 'False'
[0.238s] Level 5:colcon.colcon_core.verb:set package 'pal_robotiq_gripper' build argument 'cmake_force_configure' from command line to 'False'
[0.238s] Level 5:colcon.colcon_core.verb:set package 'pal_robotiq_gripper' build argument 'ament_cmake_args' from command line to 'None'
[0.238s] Level 5:colcon.colcon_core.verb:set package 'pal_robotiq_gripper' build argument 'catkin_cmake_args' from command line to 'None'
[0.238s] Level 5:colcon.colcon_core.verb:set package 'pal_robotiq_gripper' build argument 'catkin_skip_building_tests' from command line to 'False'
[0.238s] DEBUG:colcon.colcon_core.verb:Building package 'pal_robotiq_gripper' with the following arguments: {'ament_cmake_args': None, 'build_base': '/home/luca/topic-highlight/exam_ws/build/pal_robotiq_gripper', 'catkin_cmake_args': None, 'catkin_skip_building_tests': False, 'cmake_args': None, 'cmake_clean_cache': False, 'cmake_clean_first': False, 'cmake_force_configure': False, 'cmake_target': None, 'cmake_target_skip_unavailable': False, 'install_base': '/home/luca/topic-highlight/exam_ws/install/pal_robotiq_gripper', 'merge_install': False, 'path': '/home/luca/topic-highlight/exam_ws/src/pal_robotiq_gripper/pal_robotiq_gripper', 'symlink_install': False, 'test_result_base': None}
[0.238s] Level 5:colcon.colcon_core.verb:set package 'play_motion2' build argument 'cmake_args' from command line to 'None'
[0.238s] Level 5:colcon.colcon_core.verb:set package 'play_motion2' build argument 'cmake_target' from command line to 'None'
[0.238s] Level 5:colcon.colcon_core.verb:set package 'play_motion2' build argument 'cmake_target_skip_unavailable' from command line to 'False'
[0.238s] Level 5:colcon.colcon_core.verb:set package 'play_motion2' build argument 'cmake_clean_cache' from command line to 'False'
[0.238s] Level 5:colcon.colcon_core.verb:set package 'play_motion2' build argument 'cmake_clean_first' from command line to 'False'
[0.238s] Level 5:colcon.colcon_core.verb:set package 'play_motion2' build argument 'cmake_force_configure' from command line to 'False'
[0.238s] Level 5:colcon.colcon_core.verb:set package 'play_motion2' build argument 'ament_cmake_args' from command line to 'None'
[0.238s] Level 5:colcon.colcon_core.verb:set package 'play_motion2' build argument 'catkin_cmake_args' from command line to 'None'
[0.238s] Level 5:colcon.colcon_core.verb:set package 'play_motion2' build argument 'catkin_skip_building_tests' from command line to 'False'
[0.238s] DEBUG:colcon.colcon_core.verb:Building package 'play_motion2' with the following arguments: {'ament_cmake_args': None, 'build_base': '/home/luca/topic-highlight/exam_ws/build/play_motion2', 'catkin_cmake_args': None, 'catkin_skip_building_tests': False, 'cmake_args': None, 'cmake_clean_cache': False, 'cmake_clean_first': False, 'cmake_force_configure': False, 'cmake_target': None, 'cmake_target_skip_unavailable': False, 'install_base': '/home/luca/topic-highlight/exam_ws/install/play_motion2', 'merge_install': False, 'path': '/home/luca/topic-highlight/exam_ws/src/play_motion2/play_motion2', 'symlink_install': False, 'test_result_base': None}
[0.238s] Level 5:colcon.colcon_core.verb:set package 'pmb2_2dnav' build argument 'cmake_args' from command line to 'None'
[0.238s] Level 5:colcon.colcon_core.verb:set package 'pmb2_2dnav' build argument 'cmake_target' from command line to 'None'
[0.238s] Level 5:colcon.colcon_core.verb:set package 'pmb2_2dnav' build argument 'cmake_target_skip_unavailable' from command line to 'False'
[0.238s] Level 5:colcon.colcon_core.verb:set package 'pmb2_2dnav' build argument 'cmake_clean_cache' from command line to 'False'
[0.238s] Level 5:colcon.colcon_core.verb:set package 'pmb2_2dnav' build argument 'cmake_clean_first' from command line to 'False'
[0.238s] Level 5:colcon.colcon_core.verb:set package 'pmb2_2dnav' build argument 'cmake_force_configure' from command line to 'False'
[0.238s] Level 5:colcon.colcon_core.verb:set package 'pmb2_2dnav' build argument 'ament_cmake_args' from command line to 'None'
[0.238s] Level 5:colcon.colcon_core.verb:set package 'pmb2_2dnav' build argument 'catkin_cmake_args' from command line to 'None'
[0.238s] Level 5:colcon.colcon_core.verb:set package 'pmb2_2dnav' build argument 'catkin_skip_building_tests' from command line to 'False'
[0.238s] DEBUG:colcon.colcon_core.verb:Building package 'pmb2_2dnav' with the following arguments: {'ament_cmake_args': None, 'build_base': '/home/luca/topic-highlight/exam_ws/build/pmb2_2dnav', 'catkin_cmake_args': None, 'catkin_skip_building_tests': False, 'cmake_args': None, 'cmake_clean_cache': False, 'cmake_clean_first': False, 'cmake_force_configure': False, 'cmake_target': None, 'cmake_target_skip_unavailable': False, 'install_base': '/home/luca/topic-highlight/exam_ws/install/pmb2_2dnav', 'merge_install': False, 'path': '/home/luca/topic-highlight/exam_ws/src/pmb2_navigation/pmb2_2dnav', 'symlink_install': False, 'test_result_base': None}
[0.238s] Level 5:colcon.colcon_core.verb:set package 'pmb2_controller_configuration' build argument 'cmake_args' from command line to 'None'
[0.238s] Level 5:colcon.colcon_core.verb:set package 'pmb2_controller_configuration' build argument 'cmake_target' from command line to 'None'
[0.239s] Level 5:colcon.colcon_core.verb:set package 'pmb2_controller_configuration' build argument 'cmake_target_skip_unavailable' from command line to 'False'
[0.239s] Level 5:colcon.colcon_core.verb:set package 'pmb2_controller_configuration' build argument 'cmake_clean_cache' from command line to 'False'
[0.239s] Level 5:colcon.colcon_core.verb:set package 'pmb2_controller_configuration' build argument 'cmake_clean_first' from command line to 'False'
[0.239s] Level 5:colcon.colcon_core.verb:set package 'pmb2_controller_configuration' build argument 'cmake_force_configure' from command line to 'False'
[0.239s] Level 5:colcon.colcon_core.verb:set package 'pmb2_controller_configuration' build argument 'ament_cmake_args' from command line to 'None'
[0.239s] Level 5:colcon.colcon_core.verb:set package 'pmb2_controller_configuration' build argument 'catkin_cmake_args' from command line to 'None'
[0.239s] Level 5:colcon.colcon_core.verb:set package 'pmb2_controller_configuration' build argument 'catkin_skip_building_tests' from command line to 'False'
[0.239s] DEBUG:colcon.colcon_core.verb:Building package 'pmb2_controller_configuration' with the following arguments: {'ament_cmake_args': None, 'build_base': '/home/luca/topic-highlight/exam_ws/build/pmb2_controller_configuration', 'catkin_cmake_args': None, 'catkin_skip_building_tests': False, 'cmake_args': None, 'cmake_clean_cache': False, 'cmake_clean_first': False, 'cmake_force_configure': False, 'cmake_target': None, 'cmake_target_skip_unavailable': False, 'install_base': '/home/luca/topic-highlight/exam_ws/install/pmb2_controller_configuration', 'merge_install': False, 'path': '/home/luca/topic-highlight/exam_ws/src/pmb2_robot/pmb2_controller_configuration', 'symlink_install': False, 'test_result_base': None}
[0.239s] Level 5:colcon.colcon_core.verb:set package 'tiago_2dnav' build argument 'cmake_args' from command line to 'None'
[0.239s] Level 5:colcon.colcon_core.verb:set package 'tiago_2dnav' build argument 'cmake_target' from command line to 'None'
[0.239s] Level 5:colcon.colcon_core.verb:set package 'tiago_2dnav' build argument 'cmake_target_skip_unavailable' from command line to 'False'
[0.239s] Level 5:colcon.colcon_core.verb:set package 'tiago_2dnav' build argument 'cmake_clean_cache' from command line to 'False'
[0.239s] Level 5:colcon.colcon_core.verb:set package 'tiago_2dnav' build argument 'cmake_clean_first' from command line to 'False'
[0.239s] Level 5:colcon.colcon_core.verb:set package 'tiago_2dnav' build argument 'cmake_force_configure' from command line to 'False'
[0.239s] Level 5:colcon.colcon_core.verb:set package 'tiago_2dnav' build argument 'ament_cmake_args' from command line to 'None'
[0.239s] Level 5:colcon.colcon_core.verb:set package 'tiago_2dnav' build argument 'catkin_cmake_args' from command line to 'None'
[0.239s] Level 5:colcon.colcon_core.verb:set package 'tiago_2dnav' build argument 'catkin_skip_building_tests' from command line to 'False'
[0.239s] DEBUG:colcon.colcon_core.verb:Building package 'tiago_2dnav' with the following arguments: {'ament_cmake_args': None, 'build_base': '/home/luca/topic-highlight/exam_ws/build/tiago_2dnav', 'catkin_cmake_args': None, 'catkin_skip_building_tests': False, 'cmake_args': None, 'cmake_clean_cache': False, 'cmake_clean_first': False, 'cmake_force_configure': False, 'cmake_target': None, 'cmake_target_skip_unavailable': False, 'install_base': '/home/luca/topic-highlight/exam_ws/install/tiago_2dnav', 'merge_install': False, 'path': '/home/luca/topic-highlight/exam_ws/src/tiago_navigation/tiago_2dnav', 'symlink_install': False, 'test_result_base': None}
[0.239s] Level 5:colcon.colcon_core.verb:set package 'tiago_controller_configuration' build argument 'cmake_args' from command line to 'None'
[0.239s] Level 5:colcon.colcon_core.verb:set package 'tiago_controller_configuration' build argument 'cmake_target' from command line to 'None'
[0.239s] Level 5:colcon.colcon_core.verb:set package 'tiago_controller_configuration' build argument 'cmake_target_skip_unavailable' from command line to 'False'
[0.239s] Level 5:colcon.colcon_core.verb:set package 'tiago_controller_configuration' build argument 'cmake_clean_cache' from command line to 'False'
[0.239s] Level 5:colcon.colcon_core.verb:set package 'tiago_controller_configuration' build argument 'cmake_clean_first' from command line to 'False'
[0.239s] Level 5:colcon.colcon_core.verb:set package 'tiago_controller_configuration' build argument 'cmake_force_configure' from command line to 'False'
[0.239s] Level 5:colcon.colcon_core.verb:set package 'tiago_controller_configuration' build argument 'ament_cmake_args' from command line to 'None'
[0.239s] Level 5:colcon.colcon_core.verb:set package 'tiago_controller_configuration' build argument 'catkin_cmake_args' from command line to 'None'
[0.239s] Level 5:colcon.colcon_core.verb:set package 'tiago_controller_configuration' build argument 'catkin_skip_building_tests' from command line to 'False'
[0.239s] DEBUG:colcon.colcon_core.verb:Building package 'tiago_controller_configuration' with the following arguments: {'ament_cmake_args': None, 'build_base': '/home/luca/topic-highlight/exam_ws/build/tiago_controller_configuration', 'catkin_cmake_args': None, 'catkin_skip_building_tests': False, 'cmake_args': None, 'cmake_clean_cache': False, 'cmake_clean_first': False, 'cmake_force_configure': False, 'cmake_target': None, 'cmake_target_skip_unavailable': False, 'install_base': '/home/luca/topic-highlight/exam_ws/install/tiago_controller_configuration', 'merge_install': False, 'path': '/home/luca/topic-highlight/exam_ws/src/tiago_robot/tiago_controller_configuration', 'symlink_install': False, 'test_result_base': None}
[0.239s] Level 5:colcon.colcon_core.verb:set package 'tiago_laser_sensors' build argument 'cmake_args' from command line to 'None'
[0.239s] Level 5:colcon.colcon_core.verb:set package 'tiago_laser_sensors' build argument 'cmake_target' from command line to 'None'
[0.239s] Level 5:colcon.colcon_core.verb:set package 'tiago_laser_sensors' build argument 'cmake_target_skip_unavailable' from command line to 'False'
[0.240s] Level 5:colcon.colcon_core.verb:set package 'tiago_laser_sensors' build argument 'cmake_clean_cache' from command line to 'False'
[0.240s] Level 5:colcon.colcon_core.verb:set package 'tiago_laser_sensors' build argument 'cmake_clean_first' from command line to 'False'
[0.240s] Level 5:colcon.colcon_core.verb:set package 'tiago_laser_sensors' build argument 'cmake_force_configure' from command line to 'False'
[0.240s] Level 5:colcon.colcon_core.verb:set package 'tiago_laser_sensors' build argument 'ament_cmake_args' from command line to 'None'
[0.240s] Level 5:colcon.colcon_core.verb:set package 'tiago_laser_sensors' build argument 'catkin_cmake_args' from command line to 'None'
[0.240s] Level 5:colcon.colcon_core.verb:set package 'tiago_laser_sensors' build argument 'catkin_skip_building_tests' from command line to 'False'
[0.240s] DEBUG:colcon.colcon_core.verb:Building package 'tiago_laser_sensors' with the following arguments: {'ament_cmake_args': None, 'build_base': '/home/luca/topic-highlight/exam_ws/build/tiago_laser_sensors', 'catkin_cmake_args': None, 'catkin_skip_building_tests': False, 'cmake_args': None, 'cmake_clean_cache': False, 'cmake_clean_first': False, 'cmake_force_configure': False, 'cmake_target': None, 'cmake_target_skip_unavailable': False, 'install_base': '/home/luca/topic-highlight/exam_ws/install/tiago_laser_sensors', 'merge_install': False, 'path': '/home/luca/topic-highlight/exam_ws/src/tiago_navigation/tiago_laser_sensors', 'symlink_install': False, 'test_result_base': None}
[0.240s] Level 5:colcon.colcon_core.verb:set package 'pal_gripper' build argument 'cmake_args' from command line to 'None'
[0.240s] Level 5:colcon.colcon_core.verb:set package 'pal_gripper' build argument 'cmake_target' from command line to 'None'
[0.240s] Level 5:colcon.colcon_core.verb:set package 'pal_gripper' build argument 'cmake_target_skip_unavailable' from command line to 'False'
[0.240s] Level 5:colcon.colcon_core.verb:set package 'pal_gripper' build argument 'cmake_clean_cache' from command line to 'False'
[0.240s] Level 5:colcon.colcon_core.verb:set package 'pal_gripper' build argument 'cmake_clean_first' from command line to 'False'
[0.240s] Level 5:colcon.colcon_core.verb:set package 'pal_gripper' build argument 'cmake_force_configure' from command line to 'False'
[0.240s] Level 5:colcon.colcon_core.verb:set package 'pal_gripper' build argument 'ament_cmake_args' from command line to 'None'
[0.240s] Level 5:colcon.colcon_core.verb:set package 'pal_gripper' build argument 'catkin_cmake_args' from command line to 'None'
[0.240s] Level 5:colcon.colcon_core.verb:set package 'pal_gripper' build argument 'catkin_skip_building_tests' from command line to 'False'
[0.240s] DEBUG:colcon.colcon_core.verb:Building package 'pal_gripper' with the following arguments: {'ament_cmake_args': None, 'build_base': '/home/luca/topic-highlight/exam_ws/build/pal_gripper', 'catkin_cmake_args': None, 'catkin_skip_building_tests': False, 'cmake_args': None, 'cmake_clean_cache': False, 'cmake_clean_first': False, 'cmake_force_configure': False, 'cmake_target': None, 'cmake_target_skip_unavailable': False, 'install_base': '/home/luca/topic-highlight/exam_ws/install/pal_gripper', 'merge_install': False, 'path': '/home/luca/topic-highlight/exam_ws/src/pal_gripper/pal_gripper', 'symlink_install': False, 'test_result_base': None}
[0.240s] Level 5:colcon.colcon_core.verb:set package 'pal_hey5' build argument 'cmake_args' from command line to 'None'
[0.240s] Level 5:colcon.colcon_core.verb:set package 'pal_hey5' build argument 'cmake_target' from command line to 'None'
[0.240s] Level 5:colcon.colcon_core.verb:set package 'pal_hey5' build argument 'cmake_target_skip_unavailable' from command line to 'False'
[0.240s] Level 5:colcon.colcon_core.verb:set package 'pal_hey5' build argument 'cmake_clean_cache' from command line to 'False'
[0.240s] Level 5:colcon.colcon_core.verb:set package 'pal_hey5' build argument 'cmake_clean_first' from command line to 'False'
[0.240s] Level 5:colcon.colcon_core.verb:set package 'pal_hey5' build argument 'cmake_force_configure' from command line to 'False'
[0.240s] Level 5:colcon.colcon_core.verb:set package 'pal_hey5' build argument 'ament_cmake_args' from command line to 'None'
[0.240s] Level 5:colcon.colcon_core.verb:set package 'pal_hey5' build argument 'catkin_cmake_args' from command line to 'None'
[0.240s] Level 5:colcon.colcon_core.verb:set package 'pal_hey5' build argument 'catkin_skip_building_tests' from command line to 'False'
[0.240s] DEBUG:colcon.colcon_core.verb:Building package 'pal_hey5' with the following arguments: {'ament_cmake_args': None, 'build_base': '/home/luca/topic-highlight/exam_ws/build/pal_hey5', 'catkin_cmake_args': None, 'catkin_skip_building_tests': False, 'cmake_args': None, 'cmake_clean_cache': False, 'cmake_clean_first': False, 'cmake_force_configure': False, 'cmake_target': None, 'cmake_target_skip_unavailable': False, 'install_base': '/home/luca/topic-highlight/exam_ws/install/pal_hey5', 'merge_install': False, 'path': '/home/luca/topic-highlight/exam_ws/src/pal_hey5/pal_hey5', 'symlink_install': False, 'test_result_base': None}
[0.240s] Level 5:colcon.colcon_core.verb:set package 'pal_navigation_cfg' build argument 'cmake_args' from command line to 'None'
[0.240s] Level 5:colcon.colcon_core.verb:set package 'pal_navigation_cfg' build argument 'cmake_target' from command line to 'None'
[0.241s] Level 5:colcon.colcon_core.verb:set package 'pal_navigation_cfg' build argument 'cmake_target_skip_unavailable' from command line to 'False'
[0.241s] Level 5:colcon.colcon_core.verb:set package 'pal_navigation_cfg' build argument 'cmake_clean_cache' from command line to 'False'
[0.241s] Level 5:colcon.colcon_core.verb:set package 'pal_navigation_cfg' build argument 'cmake_clean_first' from command line to 'False'
[0.241s] Level 5:colcon.colcon_core.verb:set package 'pal_navigation_cfg' build argument 'cmake_force_configure' from command line to 'False'
[0.241s] Level 5:colcon.colcon_core.verb:set package 'pal_navigation_cfg' build argument 'ament_cmake_args' from command line to 'None'
[0.241s] Level 5:colcon.colcon_core.verb:set package 'pal_navigation_cfg' build argument 'catkin_cmake_args' from command line to 'None'
[0.241s] Level 5:colcon.colcon_core.verb:set package 'pal_navigation_cfg' build argument 'catkin_skip_building_tests' from command line to 'False'
[0.241s] DEBUG:colcon.colcon_core.verb:Building package 'pal_navigation_cfg' with the following arguments: {'ament_cmake_args': None, 'build_base': '/home/luca/topic-highlight/exam_ws/build/pal_navigation_cfg', 'catkin_cmake_args': None, 'catkin_skip_building_tests': False, 'cmake_args': None, 'cmake_clean_cache': False, 'cmake_clean_first': False, 'cmake_force_configure': False, 'cmake_target': None, 'cmake_target_skip_unavailable': False, 'install_base': '/home/luca/topic-highlight/exam_ws/install/pal_navigation_cfg', 'merge_install': False, 'path': '/home/luca/topic-highlight/exam_ws/src/pal_navigation_cfg_public/pal_navigation_cfg_public', 'symlink_install': False, 'test_result_base': None}
[0.241s] Level 5:colcon.colcon_core.verb:set package 'pmb2_description' build argument 'cmake_args' from command line to 'None'
[0.241s] Level 5:colcon.colcon_core.verb:set package 'pmb2_description' build argument 'cmake_target' from command line to 'None'
[0.241s] Level 5:colcon.colcon_core.verb:set package 'pmb2_description' build argument 'cmake_target_skip_unavailable' from command line to 'False'
[0.241s] Level 5:colcon.colcon_core.verb:set package 'pmb2_description' build argument 'cmake_clean_cache' from command line to 'False'
[0.241s] Level 5:colcon.colcon_core.verb:set package 'pmb2_description' build argument 'cmake_clean_first' from command line to 'False'
[0.241s] Level 5:colcon.colcon_core.verb:set package 'pmb2_description' build argument 'cmake_force_configure' from command line to 'False'
[0.241s] Level 5:colcon.colcon_core.verb:set package 'pmb2_description' build argument 'ament_cmake_args' from command line to 'None'
[0.241s] Level 5:colcon.colcon_core.verb:set package 'pmb2_description' build argument 'catkin_cmake_args' from command line to 'None'
[0.241s] Level 5:colcon.colcon_core.verb:set package 'pmb2_description' build argument 'catkin_skip_building_tests' from command line to 'False'
[0.241s] DEBUG:colcon.colcon_core.verb:Building package 'pmb2_description' with the following arguments: {'ament_cmake_args': None, 'build_base': '/home/luca/topic-highlight/exam_ws/build/pmb2_description', 'catkin_cmake_args': None, 'catkin_skip_building_tests': False, 'cmake_args': None, 'cmake_clean_cache': False, 'cmake_clean_first': False, 'cmake_force_configure': False, 'cmake_target': None, 'cmake_target_skip_unavailable': False, 'install_base': '/home/luca/topic-highlight/exam_ws/install/pmb2_description', 'merge_install': False, 'path': '/home/luca/topic-highlight/exam_ws/src/pmb2_robot/pmb2_description', 'symlink_install': False, 'test_result_base': None}
[0.241s] Level 5:colcon.colcon_core.verb:set package 'pmb2_navigation' build argument 'cmake_args' from command line to 'None'
[0.241s] Level 5:colcon.colcon_core.verb:set package 'pmb2_navigation' build argument 'cmake_target' from command line to 'None'
[0.241s] Level 5:colcon.colcon_core.verb:set package 'pmb2_navigation' build argument 'cmake_target_skip_unavailable' from command line to 'False'
[0.241s] Level 5:colcon.colcon_core.verb:set package 'pmb2_navigation' build argument 'cmake_clean_cache' from command line to 'False'
[0.241s] Level 5:colcon.colcon_core.verb:set package 'pmb2_navigation' build argument 'cmake_clean_first' from command line to 'False'
[0.241s] Level 5:colcon.colcon_core.verb:set package 'pmb2_navigation' build argument 'cmake_force_configure' from command line to 'False'
[0.241s] Level 5:colcon.colcon_core.verb:set package 'pmb2_navigation' build argument 'ament_cmake_args' from command line to 'None'
[0.241s] Level 5:colcon.colcon_core.verb:set package 'pmb2_navigation' build argument 'catkin_cmake_args' from command line to 'None'
[0.241s] Level 5:colcon.colcon_core.verb:set package 'pmb2_navigation' build argument 'catkin_skip_building_tests' from command line to 'False'
[0.241s] DEBUG:colcon.colcon_core.verb:Building package 'pmb2_navigation' with the following arguments: {'ament_cmake_args': None, 'build_base': '/home/luca/topic-highlight/exam_ws/build/pmb2_navigation', 'catkin_cmake_args': None, 'catkin_skip_building_tests': False, 'cmake_args': None, 'cmake_clean_cache': False, 'cmake_clean_first': False, 'cmake_force_configure': False, 'cmake_target': None, 'cmake_target_skip_unavailable': False, 'install_base': '/home/luca/topic-highlight/exam_ws/install/pmb2_navigation', 'merge_install': False, 'path': '/home/luca/topic-highlight/exam_ws/src/pmb2_navigation/pmb2_navigation', 'symlink_install': False, 'test_result_base': None}
[0.241s] Level 5:colcon.colcon_core.verb:set package 'tiago_navigation' build argument 'cmake_args' from command line to 'None'
[0.241s] Level 5:colcon.colcon_core.verb:set package 'tiago_navigation' build argument 'cmake_target' from command line to 'None'
[0.242s] Level 5:colcon.colcon_core.verb:set package 'tiago_navigation' build argument 'cmake_target_skip_unavailable' from command line to 'False'
[0.242s] Level 5:colcon.colcon_core.verb:set package 'tiago_navigation' build argument 'cmake_clean_cache' from command line to 'False'
[0.242s] Level 5:colcon.colcon_core.verb:set package 'tiago_navigation' build argument 'cmake_clean_first' from command line to 'False'
[0.242s] Level 5:colcon.colcon_core.verb:set package 'tiago_navigation' build argument 'cmake_force_configure' from command line to 'False'
[0.242s] Level 5:colcon.colcon_core.verb:set package 'tiago_navigation' build argument 'ament_cmake_args' from command line to 'None'
[0.242s] Level 5:colcon.colcon_core.verb:set package 'tiago_navigation' build argument 'catkin_cmake_args' from command line to 'None'
[0.242s] Level 5:colcon.colcon_core.verb:set package 'tiago_navigation' build argument 'catkin_skip_building_tests' from command line to 'False'
[0.242s] DEBUG:colcon.colcon_core.verb:Building package 'tiago_navigation' with the following arguments: {'ament_cmake_args': None, 'build_base': '/home/luca/topic-highlight/exam_ws/build/tiago_navigation', 'catkin_cmake_args': None, 'catkin_skip_building_tests': False, 'cmake_args': None, 'cmake_clean_cache': False, 'cmake_clean_first': False, 'cmake_force_configure': False, 'cmake_target': None, 'cmake_target_skip_unavailable': False, 'install_base': '/home/luca/topic-highlight/exam_ws/install/tiago_navigation', 'merge_install': False, 'path': '/home/luca/topic-highlight/exam_ws/src/tiago_navigation/tiago_navigation', 'symlink_install': False, 'test_result_base': None}
[0.242s] Level 5:colcon.colcon_core.verb:set package 'pmb2_bringup' build argument 'cmake_args' from command line to 'None'
[0.242s] Level 5:colcon.colcon_core.verb:set package 'pmb2_bringup' build argument 'cmake_target' from command line to 'None'
[0.242s] Level 5:colcon.colcon_core.verb:set package 'pmb2_bringup' build argument 'cmake_target_skip_unavailable' from command line to 'False'
[0.242s] Level 5:colcon.colcon_core.verb:set package 'pmb2_bringup' build argument 'cmake_clean_cache' from command line to 'False'
[0.242s] Level 5:colcon.colcon_core.verb:set package 'pmb2_bringup' build argument 'cmake_clean_first' from command line to 'False'
[0.242s] Level 5:colcon.colcon_core.verb:set package 'pmb2_bringup' build argument 'cmake_force_configure' from command line to 'False'
[0.242s] Level 5:colcon.colcon_core.verb:set package 'pmb2_bringup' build argument 'ament_cmake_args' from command line to 'None'
[0.242s] Level 5:colcon.colcon_core.verb:set package 'pmb2_bringup' build argument 'catkin_cmake_args' from command line to 'None'
[0.242s] Level 5:colcon.colcon_core.verb:set package 'pmb2_bringup' build argument 'catkin_skip_building_tests' from command line to 'False'
[0.242s] DEBUG:colcon.colcon_core.verb:Building package 'pmb2_bringup' with the following arguments: {'ament_cmake_args': None, 'build_base': '/home/luca/topic-highlight/exam_ws/build/pmb2_bringup', 'catkin_cmake_args': None, 'catkin_skip_building_tests': False, 'cmake_args': None, 'cmake_clean_cache': False, 'cmake_clean_first': False, 'cmake_force_configure': False, 'cmake_target': None, 'cmake_target_skip_unavailable': False, 'install_base': '/home/luca/topic-highlight/exam_ws/install/pmb2_bringup', 'merge_install': False, 'path': '/home/luca/topic-highlight/exam_ws/src/pmb2_robot/pmb2_bringup', 'symlink_install': False, 'test_result_base': None}
[0.242s] Level 5:colcon.colcon_core.verb:set package 'tiago_description' build argument 'cmake_args' from command line to 'None'
[0.242s] Level 5:colcon.colcon_core.verb:set package 'tiago_description' build argument 'cmake_target' from command line to 'None'
[0.242s] Level 5:colcon.colcon_core.verb:set package 'tiago_description' build argument 'cmake_target_skip_unavailable' from command line to 'False'
[0.242s] Level 5:colcon.colcon_core.verb:set package 'tiago_description' build argument 'cmake_clean_cache' from command line to 'False'
[0.242s] Level 5:colcon.colcon_core.verb:set package 'tiago_description' build argument 'cmake_clean_first' from command line to 'False'
[0.242s] Level 5:colcon.colcon_core.verb:set package 'tiago_description' build argument 'cmake_force_configure' from command line to 'False'
[0.242s] Level 5:colcon.colcon_core.verb:set package 'tiago_description' build argument 'ament_cmake_args' from command line to 'None'
[0.242s] Level 5:colcon.colcon_core.verb:set package 'tiago_description' build argument 'catkin_cmake_args' from command line to 'None'
[0.242s] Level 5:colcon.colcon_core.verb:set package 'tiago_description' build argument 'catkin_skip_building_tests' from command line to 'False'
[0.242s] DEBUG:colcon.colcon_core.verb:Building package 'tiago_description' with the following arguments: {'ament_cmake_args': None, 'build_base': '/home/luca/topic-highlight/exam_ws/build/tiago_description', 'catkin_cmake_args': None, 'catkin_skip_building_tests': False, 'cmake_args': None, 'cmake_clean_cache': False, 'cmake_clean_first': False, 'cmake_force_configure': False, 'cmake_target': None, 'cmake_target_skip_unavailable': False, 'install_base': '/home/luca/topic-highlight/exam_ws/install/tiago_description', 'merge_install': False, 'path': '/home/luca/topic-highlight/exam_ws/src/tiago_robot/tiago_description', 'symlink_install': False, 'test_result_base': None}
[0.242s] Level 5:colcon.colcon_core.verb:set package 'pmb2_robot' build argument 'cmake_args' from command line to 'None'
[0.243s] Level 5:colcon.colcon_core.verb:set package 'pmb2_robot' build argument 'cmake_target' from command line to 'None'
[0.243s] Level 5:colcon.colcon_core.verb:set package 'pmb2_robot' build argument 'cmake_target_skip_unavailable' from command line to 'False'
[0.243s] Level 5:colcon.colcon_core.verb:set package 'pmb2_robot' build argument 'cmake_clean_cache' from command line to 'False'
[0.243s] Level 5:colcon.colcon_core.verb:set package 'pmb2_robot' build argument 'cmake_clean_first' from command line to 'False'
[0.243s] Level 5:colcon.colcon_core.verb:set package 'pmb2_robot' build argument 'cmake_force_configure' from command line to 'False'
[0.243s] Level 5:colcon.colcon_core.verb:set package 'pmb2_robot' build argument 'ament_cmake_args' from command line to 'None'
[0.243s] Level 5:colcon.colcon_core.verb:set package 'pmb2_robot' build argument 'catkin_cmake_args' from command line to 'None'
[0.243s] Level 5:colcon.colcon_core.verb:set package 'pmb2_robot' build argument 'catkin_skip_building_tests' from command line to 'False'
[0.243s] DEBUG:colcon.colcon_core.verb:Building package 'pmb2_robot' with the following arguments: {'ament_cmake_args': None, 'build_base': '/home/luca/topic-highlight/exam_ws/build/pmb2_robot', 'catkin_cmake_args': None, 'catkin_skip_building_tests': False, 'cmake_args': None, 'cmake_clean_cache': False, 'cmake_clean_first': False, 'cmake_force_configure': False, 'cmake_target': None, 'cmake_target_skip_unavailable': False, 'install_base': '/home/luca/topic-highlight/exam_ws/install/pmb2_robot', 'merge_install': False, 'path': '/home/luca/topic-highlight/exam_ws/src/pmb2_robot/pmb2_robot', 'symlink_install': False, 'test_result_base': None}
[0.243s] Level 5:colcon.colcon_core.verb:set package 'tiago_bringup' build argument 'cmake_args' from command line to 'None'
[0.243s] Level 5:colcon.colcon_core.verb:set package 'tiago_bringup' build argument 'cmake_target' from command line to 'None'
[0.243s] Level 5:colcon.colcon_core.verb:set package 'tiago_bringup' build argument 'cmake_target_skip_unavailable' from command line to 'False'
[0.243s] Level 5:colcon.colcon_core.verb:set package 'tiago_bringup' build argument 'cmake_clean_cache' from command line to 'False'
[0.243s] Level 5:colcon.colcon_core.verb:set package 'tiago_bringup' build argument 'cmake_clean_first' from command line to 'False'
[0.243s] Level 5:colcon.colcon_core.verb:set package 'tiago_bringup' build argument 'cmake_force_configure' from command line to 'False'
[0.243s] Level 5:colcon.colcon_core.verb:set package 'tiago_bringup' build argument 'ament_cmake_args' from command line to 'None'
[0.243s] Level 5:colcon.colcon_core.verb:set package 'tiago_bringup' build argument 'catkin_cmake_args' from command line to 'None'
[0.243s] Level 5:colcon.colcon_core.verb:set package 'tiago_bringup' build argument 'catkin_skip_building_tests' from command line to 'False'
[0.243s] DEBUG:colcon.colcon_core.verb:Building package 'tiago_bringup' with the following arguments: {'ament_cmake_args': None, 'build_base': '/home/luca/topic-highlight/exam_ws/build/tiago_bringup', 'catkin_cmake_args': None, 'catkin_skip_building_tests': False, 'cmake_args': None, 'cmake_clean_cache': False, 'cmake_clean_first': False, 'cmake_force_configure': False, 'cmake_target': None, 'cmake_target_skip_unavailable': False, 'install_base': '/home/luca/topic-highlight/exam_ws/install/tiago_bringup', 'merge_install': False, 'path': '/home/luca/topic-highlight/exam_ws/src/tiago_robot/tiago_bringup', 'symlink_install': False, 'test_result_base': None}
[0.243s] Level 5:colcon.colcon_core.verb:set package 'tiago_moveit_config' build argument 'cmake_args' from command line to 'None'
[0.243s] Level 5:colcon.colcon_core.verb:set package 'tiago_moveit_config' build argument 'cmake_target' from command line to 'None'
[0.243s] Level 5:colcon.colcon_core.verb:set package 'tiago_moveit_config' build argument 'cmake_target_skip_unavailable' from command line to 'False'
[0.243s] Level 5:colcon.colcon_core.verb:set package 'tiago_moveit_config' build argument 'cmake_clean_cache' from command line to 'False'
[0.243s] Level 5:colcon.colcon_core.verb:set package 'tiago_moveit_config' build argument 'cmake_clean_first' from command line to 'False'
[0.243s] Level 5:colcon.colcon_core.verb:set package 'tiago_moveit_config' build argument 'cmake_force_configure' from command line to 'False'
[0.243s] Level 5:colcon.colcon_core.verb:set package 'tiago_moveit_config' build argument 'ament_cmake_args' from command line to 'None'
[0.243s] Level 5:colcon.colcon_core.verb:set package 'tiago_moveit_config' build argument 'catkin_cmake_args' from command line to 'None'
[0.243s] Level 5:colcon.colcon_core.verb:set package 'tiago_moveit_config' build argument 'catkin_skip_building_tests' from command line to 'False'
[0.243s] DEBUG:colcon.colcon_core.verb:Building package 'tiago_moveit_config' with the following arguments: {'ament_cmake_args': None, 'build_base': '/home/luca/topic-highlight/exam_ws/build/tiago_moveit_config', 'catkin_cmake_args': None, 'catkin_skip_building_tests': False, 'cmake_args': None, 'cmake_clean_cache': False, 'cmake_clean_first': False, 'cmake_force_configure': False, 'cmake_target': None, 'cmake_target_skip_unavailable': False, 'install_base': '/home/luca/topic-highlight/exam_ws/install/tiago_moveit_config', 'merge_install': False, 'path': '/home/luca/topic-highlight/exam_ws/src/tiago_moveit_config', 'symlink_install': False, 'test_result_base': None}
[0.244s] Level 5:colcon.colcon_core.verb:set package 'tiago_gazebo' build argument 'cmake_args' from command line to 'None'
[0.244s] Level 5:colcon.colcon_core.verb:set package 'tiago_gazebo' build argument 'cmake_target' from command line to 'None'
[0.244s] Level 5:colcon.colcon_core.verb:set package 'tiago_gazebo' build argument 'cmake_target_skip_unavailable' from command line to 'False'
[0.244s] Level 5:colcon.colcon_core.verb:set package 'tiago_gazebo' build argument 'cmake_clean_cache' from command line to 'False'
[0.244s] Level 5:colcon.colcon_core.verb:set package 'tiago_gazebo' build argument 'cmake_clean_first' from command line to 'False'
[0.244s] Level 5:colcon.colcon_core.verb:set package 'tiago_gazebo' build argument 'cmake_force_configure' from command line to 'False'
[0.244s] Level 5:colcon.colcon_core.verb:set package 'tiago_gazebo' build argument 'ament_cmake_args' from command line to 'None'
[0.244s] Level 5:colcon.colcon_core.verb:set package 'tiago_gazebo' build argument 'catkin_cmake_args' from command line to 'None'
[0.244s] Level 5:colcon.colcon_core.verb:set package 'tiago_gazebo' build argument 'catkin_skip_building_tests' from command line to 'False'
[0.244s] DEBUG:colcon.colcon_core.verb:Building package 'tiago_gazebo' with the following arguments: {'ament_cmake_args': None, 'build_base': '/home/luca/topic-highlight/exam_ws/build/tiago_gazebo', 'catkin_cmake_args': None, 'catkin_skip_building_tests': False, 'cmake_args': None, 'cmake_clean_cache': False, 'cmake_clean_first': False, 'cmake_force_configure': False, 'cmake_target': None, 'cmake_target_skip_unavailable': False, 'install_base': '/home/luca/topic-highlight/exam_ws/install/tiago_gazebo', 'merge_install': False, 'path': '/home/luca/topic-highlight/exam_ws/src/tiago_simulation/tiago_gazebo', 'symlink_install': False, 'test_result_base': None}
[0.244s] Level 5:colcon.colcon_core.verb:set package 'tiago_robot' build argument 'cmake_args' from command line to 'None'
[0.244s] Level 5:colcon.colcon_core.verb:set package 'tiago_robot' build argument 'cmake_target' from command line to 'None'
[0.244s] Level 5:colcon.colcon_core.verb:set package 'tiago_robot' build argument 'cmake_target_skip_unavailable' from command line to 'False'
[0.244s] Level 5:colcon.colcon_core.verb:set package 'tiago_robot' build argument 'cmake_clean_cache' from command line to 'False'
[0.244s] Level 5:colcon.colcon_core.verb:set package 'tiago_robot' build argument 'cmake_clean_first' from command line to 'False'
[0.244s] Level 5:colcon.colcon_core.verb:set package 'tiago_robot' build argument 'cmake_force_configure' from command line to 'False'
[0.244s] Level 5:colcon.colcon_core.verb:set package 'tiago_robot' build argument 'ament_cmake_args' from command line to 'None'
[0.244s] Level 5:colcon.colcon_core.verb:set package 'tiago_robot' build argument 'catkin_cmake_args' from command line to 'None'
[0.244s] Level 5:colcon.colcon_core.verb:set package 'tiago_robot' build argument 'catkin_skip_building_tests' from command line to 'False'
[0.244s] DEBUG:colcon.colcon_core.verb:Building package 'tiago_robot' with the following arguments: {'ament_cmake_args': None, 'build_base': '/home/luca/topic-highlight/exam_ws/build/tiago_robot', 'catkin_cmake_args': None, 'catkin_skip_building_tests': False, 'cmake_args': None, 'cmake_clean_cache': False, 'cmake_clean_first': False, 'cmake_force_configure': False, 'cmake_target': None, 'cmake_target_skip_unavailable': False, 'install_base': '/home/luca/topic-highlight/exam_ws/install/tiago_robot', 'merge_install': False, 'path': '/home/luca/topic-highlight/exam_ws/src/tiago_robot/tiago_robot', 'symlink_install': False, 'test_result_base': None}
[0.244s] Level 5:colcon.colcon_core.verb:set package 'tiago_simulation' build argument 'cmake_args' from command line to 'None'
[0.244s] Level 5:colcon.colcon_core.verb:set package 'tiago_simulation' build argument 'cmake_target' from command line to 'None'
[0.244s] Level 5:colcon.colcon_core.verb:set package 'tiago_simulation' build argument 'cmake_target_skip_unavailable' from command line to 'False'
[0.244s] Level 5:colcon.colcon_core.verb:set package 'tiago_simulation' build argument 'cmake_clean_cache' from command line to 'False'
[0.244s] Level 5:colcon.colcon_core.verb:set package 'tiago_simulation' build argument 'cmake_clean_first' from command line to 'False'
[0.244s] Level 5:colcon.colcon_core.verb:set package 'tiago_simulation' build argument 'cmake_force_configure' from command line to 'False'
[0.244s] Level 5:colcon.colcon_core.verb:set package 'tiago_simulation' build argument 'ament_cmake_args' from command line to 'None'
[0.244s] Level 5:colcon.colcon_core.verb:set package 'tiago_simulation' build argument 'catkin_cmake_args' from command line to 'None'
[0.244s] Level 5:colcon.colcon_core.verb:set package 'tiago_simulation' build argument 'catkin_skip_building_tests' from command line to 'False'
[0.244s] DEBUG:colcon.colcon_core.verb:Building package 'tiago_simulation' with the following arguments: {'ament_cmake_args': None, 'build_base': '/home/luca/topic-highlight/exam_ws/build/tiago_simulation', 'catkin_cmake_args': None, 'catkin_skip_building_tests': False, 'cmake_args': None, 'cmake_clean_cache': False, 'cmake_clean_first': False, 'cmake_force_configure': False, 'cmake_target': None, 'cmake_target_skip_unavailable': False, 'install_base': '/home/luca/topic-highlight/exam_ws/install/tiago_simulation', 'merge_install': False, 'path': '/home/luca/topic-highlight/exam_ws/src/tiago_simulation/tiago_simulation', 'symlink_install': False, 'test_result_base': None}
[0.244s] INFO:colcon.colcon_core.executor:Executing jobs using 'parallel' executor
[0.245s] DEBUG:colcon.colcon_parallel_executor.executor.parallel:run_until_complete
[0.246s] INFO:colcon.colcon_ros.task.ament_python.build:Building ROS package in '/home/luca/topic-highlight/exam_ws/src/launch_pal' with build type 'ament_python'
[0.246s] Level 1:colcon.colcon_core.shell:create_environment_hook('launch_pal', 'ament_prefix_path')
[0.248s] INFO:colcon.colcon_core.plugin_system:Skipping extension 'colcon_core.shell.bat': Not used on non-Windows systems
[0.248s] INFO:colcon.colcon_core.shell:Creating environment hook '/home/luca/topic-highlight/exam_ws/install/launch_pal/share/launch_pal/hook/ament_prefix_path.ps1'
[0.248s] INFO:colcon.colcon_core.shell:Creating environment descriptor '/home/luca/topic-highlight/exam_ws/install/launch_pal/share/launch_pal/hook/ament_prefix_path.dsv'
[0.249s] INFO:colcon.colcon_core.shell:Creating environment hook '/home/luca/topic-highlight/exam_ws/install/launch_pal/share/launch_pal/hook/ament_prefix_path.sh'
[0.249s] INFO:colcon.colcon_core.shell:Skip shell extension 'powershell' for command environment: Not usable outside of PowerShell
[0.249s] DEBUG:colcon.colcon_core.shell:Skip shell extension 'dsv' for command environment
[0.251s] INFO:colcon.colcon_ros.task.ament_cmake.build:Building ROS package in '/home/luca/topic-highlight/exam_ws/src/pal_urdf_utils' with build type 'ament_cmake'
[0.252s] INFO:colcon.colcon_cmake.task.cmake.build:Building CMake package in '/home/luca/topic-highlight/exam_ws/src/pal_urdf_utils'
[0.252s] INFO:colcon.colcon_core.shell:Skip shell extension 'powershell' for command environment: Not usable outside of PowerShell
[0.252s] DEBUG:colcon.colcon_core.shell:Skip shell extension 'dsv' for command environment
[0.254s] INFO:colcon.colcon_ros.task.ament_cmake.build:Building ROS package in '/home/luca/topic-highlight/exam_ws/src/urdf_test' with build type 'ament_cmake'
[0.254s] INFO:colcon.colcon_cmake.task.cmake.build:Building CMake package in '/home/luca/topic-highlight/exam_ws/src/urdf_test'
[0.254s] INFO:colcon.colcon_core.shell:Skip shell extension 'powershell' for command environment: Not usable outside of PowerShell
[0.254s] DEBUG:colcon.colcon_core.shell:Skip shell extension 'dsv' for command environment
[0.256s] INFO:colcon.colcon_ros.task.ament_cmake.build:Building ROS package in '/home/luca/topic-highlight/exam_ws/src/pal_gripper/pal_gripper_controller_configuration' with build type 'ament_cmake'
[0.256s] INFO:colcon.colcon_cmake.task.cmake.build:Building CMake package in '/home/luca/topic-highlight/exam_ws/src/pal_gripper/pal_gripper_controller_configuration'
[0.257s] INFO:colcon.colcon_core.shell:Skip shell extension 'powershell' for command environment: Not usable outside of PowerShell
[0.257s] DEBUG:colcon.colcon_core.shell:Skip shell extension 'dsv' for command environment
[0.259s] INFO:colcon.colcon_ros.task.ament_cmake.build:Building ROS package in '/home/luca/topic-highlight/exam_ws/src/pal_hey5/pal_hey5_controller_configuration' with build type 'ament_cmake'
[0.259s] INFO:colcon.colcon_cmake.task.cmake.build:Building CMake package in '/home/luca/topic-highlight/exam_ws/src/pal_hey5/pal_hey5_controller_configuration'
[0.259s] INFO:colcon.colcon_core.shell:Skip shell extension 'powershell' for command environment: Not usable outside of PowerShell
[0.259s] DEBUG:colcon.colcon_core.shell:Skip shell extension 'dsv' for command environment
[0.261s] INFO:colcon.colcon_ros.task.ament_cmake.build:Building ROS package in '/home/luca/topic-highlight/exam_ws/src/pal_robotiq_gripper/pal_robotiq_controller_configuration' with build type 'ament_cmake'
[0.261s] INFO:colcon.colcon_cmake.task.cmake.build:Building CMake package in '/home/luca/topic-highlight/exam_ws/src/pal_robotiq_gripper/pal_robotiq_controller_configuration'
[0.261s] INFO:colcon.colcon_core.shell:Skip shell extension 'powershell' for command environment: Not usable outside of PowerShell
[0.261s] DEBUG:colcon.colcon_core.shell:Skip shell extension 'dsv' for command environment
[0.263s] INFO:colcon.colcon_ros.task.ament_cmake.build:Building ROS package in '/home/luca/topic-highlight/exam_ws/src/pal_robotiq_gripper/pal_robotiq_description' with build type 'ament_cmake'
[0.263s] INFO:colcon.colcon_cmake.task.cmake.build:Building CMake package in '/home/luca/topic-highlight/exam_ws/src/pal_robotiq_gripper/pal_robotiq_description'
[0.263s] INFO:colcon.colcon_core.shell:Skip shell extension 'powershell' for command environment: Not usable outside of PowerShell
[0.263s] DEBUG:colcon.colcon_core.shell:Skip shell extension 'dsv' for command environment
[0.265s] INFO:colcon.colcon_ros.task.ament_cmake.build:Building ROS package in '/home/luca/topic-highlight/exam_ws/src/pmb2_navigation/pmb2_maps' with build type 'ament_cmake'
[0.265s] INFO:colcon.colcon_cmake.task.cmake.build:Building CMake package in '/home/luca/topic-highlight/exam_ws/src/pmb2_navigation/pmb2_maps'
[0.265s] INFO:colcon.colcon_core.shell:Skip shell extension 'powershell' for command environment: Not usable outside of PowerShell
[0.265s] DEBUG:colcon.colcon_core.shell:Skip shell extension 'dsv' for command environment
[0.267s] INFO:colcon.colcon_ros.task.ament_cmake.build:Building ROS package in '/home/luca/topic-highlight/exam_ws/src/play_motion2/play_motion2_msgs' with build type 'ament_cmake'
[0.267s] INFO:colcon.colcon_cmake.task.cmake.build:Building CMake package in '/home/luca/topic-highlight/exam_ws/src/play_motion2/play_motion2_msgs'
[0.268s] INFO:colcon.colcon_core.shell:Skip shell extension 'powershell' for command environment: Not usable outside of PowerShell
[0.268s] DEBUG:colcon.colcon_core.shell:Skip shell extension 'dsv' for command environment
[0.270s] INFO:colcon.colcon_ros.task.ament_cmake.build:Building ROS package in '/home/luca/topic-highlight/exam_ws/src/pmb2_navigation/pmb2_laser_sensors' with build type 'ament_cmake'
[0.270s] INFO:colcon.colcon_cmake.task.cmake.build:Building CMake package in '/home/luca/topic-highlight/exam_ws/src/pmb2_navigation/pmb2_laser_sensors'
[0.270s] INFO:colcon.colcon_core.shell:Skip shell extension 'powershell' for command environment: Not usable outside of PowerShell
[0.270s] DEBUG:colcon.colcon_core.shell:Skip shell extension 'dsv' for command environment
[0.272s] INFO:colcon.colcon_ros.task.ament_cmake.build:Building ROS package in '/home/luca/topic-highlight/exam_ws/src/pal_gazebo_worlds' with build type 'ament_cmake'
[0.272s] INFO:colcon.colcon_cmake.task.cmake.build:Building CMake package in '/home/luca/topic-highlight/exam_ws/src/pal_gazebo_worlds'
[0.272s] INFO:colcon.colcon_core.shell:Skip shell extension 'powershell' for command environment: Not usable outside of PowerShell
[0.272s] DEBUG:colcon.colcon_core.shell:Skip shell extension 'dsv' for command environment
[0.274s] INFO:colcon.colcon_ros.task.ament_cmake.build:Building ROS package in '/home/luca/topic-highlight/exam_ws/src/pal_navigation_cfg_public/pal_navigation_cfg_params' with build type 'ament_cmake'
[0.274s] INFO:colcon.colcon_cmake.task.cmake.build:Building CMake package in '/home/luca/topic-highlight/exam_ws/src/pal_navigation_cfg_public/pal_navigation_cfg_params'
[0.275s] INFO:colcon.colcon_core.shell:Skip shell extension 'powershell' for command environment: Not usable outside of PowerShell
[0.275s] DEBUG:colcon.colcon_core.shell:Skip shell extension 'dsv' for command environment
[0.277s] INFO:colcon.colcon_ros.task.ament_python.build:Building ROS package in '/home/luca/topic-highlight/exam_ws/src/yolo_tiago' with build type 'ament_python'
[0.277s] Level 1:colcon.colcon_core.shell:create_environment_hook('yolo_tiago', 'ament_prefix_path')
[0.277s] INFO:colcon.colcon_core.shell:Creating environment hook '/home/luca/topic-highlight/exam_ws/install/yolo_tiago/share/yolo_tiago/hook/ament_prefix_path.ps1'
[0.278s] INFO:colcon.colcon_core.shell:Creating environment descriptor '/home/luca/topic-highlight/exam_ws/install/yolo_tiago/share/yolo_tiago/hook/ament_prefix_path.dsv'
[0.278s] INFO:colcon.colcon_core.shell:Creating environment hook '/home/luca/topic-highlight/exam_ws/install/yolo_tiago/share/yolo_tiago/hook/ament_prefix_path.sh'
[0.278s] INFO:colcon.colcon_core.shell:Skip shell extension 'powershell' for command environment: Not usable outside of PowerShell
[0.278s] DEBUG:colcon.colcon_core.shell:Skip shell extension 'dsv' for command environment
[0.436s] INFO:colcon.colcon_core.task.python.build:Building Python package in '/home/luca/topic-highlight/exam_ws/src/launch_pal'
[0.437s] INFO:colcon.colcon_core.shell:Skip shell extension 'powershell' for command environment: Not usable outside of PowerShell
[0.437s] DEBUG:colcon.colcon_core.shell:Skip shell extension 'dsv' for command environment
[0.441s] DEBUG:colcon.colcon_core.event_handler.log_command:Invoking command in '/home/luca/topic-highlight/exam_ws/build/pal_urdf_utils': CMAKE_PREFIX_PATH=/opt/ros/humble /usr/bin/cmake /home/luca/topic-highlight/exam_ws/src/pal_urdf_utils -DCMAKE_INSTALL_PREFIX=/home/luca/topic-highlight/exam_ws/install/pal_urdf_utils
[0.443s] DEBUG:colcon.colcon_core.event_handler.log_command:Invoking command in '/home/luca/topic-highlight/exam_ws/build/urdf_test': CMAKE_PREFIX_PATH=/opt/ros/humble /usr/bin/cmake /home/luca/topic-highlight/exam_ws/src/urdf_test -DCMAKE_INSTALL_PREFIX=/home/luca/topic-highlight/exam_ws/install/urdf_test
[0.445s] DEBUG:colcon.colcon_core.event_handler.log_command:Invoking command in '/home/luca/topic-highlight/exam_ws/build/pal_gripper_controller_configuration': CMAKE_PREFIX_PATH=/opt/ros/humble /usr/bin/cmake /home/luca/topic-highlight/exam_ws/src/pal_gripper/pal_gripper_controller_configuration -DCMAKE_INSTALL_PREFIX=/home/luca/topic-highlight/exam_ws/install/pal_gripper_controller_configuration
[0.447s] DEBUG:colcon.colcon_core.event_handler.log_command:Invoking command in '/home/luca/topic-highlight/exam_ws/build/pal_hey5_controller_configuration': CMAKE_PREFIX_PATH=/opt/ros/humble /usr/bin/cmake /home/luca/topic-highlight/exam_ws/src/pal_hey5/pal_hey5_controller_configuration -DCMAKE_INSTALL_PREFIX=/home/luca/topic-highlight/exam_ws/install/pal_hey5_controller_configuration
[0.449s] DEBUG:colcon.colcon_core.event_handler.log_command:Invoking command in '/home/luca/topic-highlight/exam_ws/build/pal_robotiq_controller_configuration': CMAKE_PREFIX_PATH=/opt/ros/humble /usr/bin/cmake /home/luca/topic-highlight/exam_ws/src/pal_robotiq_gripper/pal_robotiq_controller_configuration -DCMAKE_INSTALL_PREFIX=/home/luca/topic-highlight/exam_ws/install/pal_robotiq_controller_configuration
[0.451s] DEBUG:colcon.colcon_core.event_handler.log_command:Invoking command in '/home/luca/topic-highlight/exam_ws/build/pal_robotiq_description': CMAKE_PREFIX_PATH=/opt/ros/humble /usr/bin/cmake /home/luca/topic-highlight/exam_ws/src/pal_robotiq_gripper/pal_robotiq_description -DCMAKE_INSTALL_PREFIX=/home/luca/topic-highlight/exam_ws/install/pal_robotiq_description
[0.453s] DEBUG:colcon.colcon_core.event_handler.log_command:Invoking command in '/home/luca/topic-highlight/exam_ws/build/pmb2_maps': CMAKE_PREFIX_PATH=/opt/ros/humble /usr/bin/cmake /home/luca/topic-highlight/exam_ws/src/pmb2_navigation/pmb2_maps -DCMAKE_INSTALL_PREFIX=/home/luca/topic-highlight/exam_ws/install/pmb2_maps
[0.456s] DEBUG:colcon.colcon_core.event_handler.log_command:Invoking command in '/home/luca/topic-highlight/exam_ws/build/play_motion2_msgs': CMAKE_PREFIX_PATH=/opt/ros/humble /usr/bin/cmake /home/luca/topic-highlight/exam_ws/src/play_motion2/play_motion2_msgs -DCMAKE_INSTALL_PREFIX=/home/luca/topic-highlight/exam_ws/install/play_motion2_msgs
[0.458s] DEBUG:colcon.colcon_core.event_handler.log_command:Invoking command in '/home/luca/topic-highlight/exam_ws/build/pmb2_laser_sensors': CMAKE_PREFIX_PATH=/opt/ros/humble /usr/bin/cmake /home/luca/topic-highlight/exam_ws/src/pmb2_navigation/pmb2_laser_sensors -DCMAKE_INSTALL_PREFIX=/home/luca/topic-highlight/exam_ws/install/pmb2_laser_sensors
[0.460s] DEBUG:colcon.colcon_core.event_handler.log_command:Invoking command in '/home/luca/topic-highlight/exam_ws/build/pal_gazebo_worlds': CMAKE_PREFIX_PATH=/opt/ros/humble /usr/bin/cmake /home/luca/topic-highlight/exam_ws/src/pal_gazebo_worlds -DCMAKE_INSTALL_PREFIX=/home/luca/topic-highlight/exam_ws/install/pal_gazebo_worlds
[0.463s] DEBUG:colcon.colcon_core.event_handler.log_command:Invoking command in '/home/luca/topic-highlight/exam_ws/build/pal_navigation_cfg_params': CMAKE_PREFIX_PATH=/opt/ros/humble /usr/bin/cmake /home/luca/topic-highlight/exam_ws/src/pal_navigation_cfg_public/pal_navigation_cfg_params -DCMAKE_INSTALL_PREFIX=/home/luca/topic-highlight/exam_ws/install/pal_navigation_cfg_params
[0.724s] INFO:colcon.colcon_core.task.python.build:Building Python package in '/home/luca/topic-highlight/exam_ws/src/yolo_tiago'
[0.724s] INFO:colcon.colcon_core.shell:Skip shell extension 'powershell' for command environment: Not usable outside of PowerShell
[0.724s] DEBUG:colcon.colcon_core.shell:Skip shell extension 'dsv' for command environment
[1.267s] DEBUG:colcon.colcon_core.event_handler.log_command:Invoked command in '/home/luca/topic-highlight/exam_ws/build/pal_hey5_controller_configuration' returned '0': CMAKE_PREFIX_PATH=/opt/ros/humble /usr/bin/cmake /home/luca/topic-highlight/exam_ws/src/pal_hey5/pal_hey5_controller_configuration -DCMAKE_INSTALL_PREFIX=/home/luca/topic-highlight/exam_ws/install/pal_hey5_controller_configuration
[1.270s] DEBUG:colcon.colcon_core.event_handler.log_command:Invoking command in '/home/luca/topic-highlight/exam_ws/build/pal_hey5_controller_configuration': CMAKE_PREFIX_PATH=/opt/ros/humble /usr/bin/cmake --build /home/luca/topic-highlight/exam_ws/build/pal_hey5_controller_configuration -- -j20 -l20
[1.271s] DEBUG:colcon.colcon_core.event_handler.log_command:Invoked command in '/home/luca/topic-highlight/exam_ws/build/pmb2_maps' returned '0': CMAKE_PREFIX_PATH=/opt/ros/humble /usr/bin/cmake /home/luca/topic-highlight/exam_ws/src/pmb2_navigation/pmb2_maps -DCMAKE_INSTALL_PREFIX=/home/luca/topic-highlight/exam_ws/install/pmb2_maps
[1.272s] DEBUG:colcon.colcon_core.event_handler.log_command:Invoking command in '/home/luca/topic-highlight/exam_ws/build/pmb2_maps': CMAKE_PREFIX_PATH=/opt/ros/humble /usr/bin/cmake --build /home/luca/topic-highlight/exam_ws/build/pmb2_maps -- -j20 -l20
[1.279s] DEBUG:colcon.colcon_core.event_handler.log_command:Invoking command in '/home/luca/topic-highlight/exam_ws/src/launch_pal': PYTHONPATH=/home/luca/topic-highlight/exam_ws/build/launch_pal/prefix_override:/usr/lib/python3/dist-packages/colcon_core/task/python/colcon_distutils_commands:/home/luca/topic-highlight/exam_ws/install/launch_pal/lib/python3.10/site-packages:${PYTHONPATH} /usr/bin/python3 -W ignore:setup.py install is deprecated -W ignore:easy_install command is deprecated setup.py egg_info --egg-base ../../build/launch_pal build --build-base /home/luca/topic-highlight/exam_ws/build/launch_pal/build install --record /home/luca/topic-highlight/exam_ws/build/launch_pal/install.log --single-version-externally-managed install_data
[1.310s] DEBUG:colcon.colcon_core.event_handler.log_command:Invoked command in '/home/luca/topic-highlight/exam_ws/build/pal_hey5_controller_configuration' returned '0': CMAKE_PREFIX_PATH=/opt/ros/humble /usr/bin/cmake --build /home/luca/topic-highlight/exam_ws/build/pal_hey5_controller_configuration -- -j20 -l20
[1.320s] DEBUG:colcon.colcon_core.event_handler.log_command:Invoking command in '/home/luca/topic-highlight/exam_ws/build/pal_hey5_controller_configuration': CMAKE_PREFIX_PATH=/opt/ros/humble /usr/bin/cmake --install /home/luca/topic-highlight/exam_ws/build/pal_hey5_controller_configuration
[1.323s] DEBUG:colcon.colcon_core.event_handler.log_command:Invoked command in '/home/luca/topic-highlight/exam_ws/build/pmb2_maps' returned '0': CMAKE_PREFIX_PATH=/opt/ros/humble /usr/bin/cmake --build /home/luca/topic-highlight/exam_ws/build/pmb2_maps -- -j20 -l20
[1.324s] DEBUG:colcon.colcon_core.event_handler.log_command:Invoking command in '/home/luca/topic-highlight/exam_ws/build/pmb2_maps': CMAKE_PREFIX_PATH=/opt/ros/humble /usr/bin/cmake --install /home/luca/topic-highlight/exam_ws/build/pmb2_maps
[1.329s] Level 1:colcon.colcon_core.environment:create_environment_scripts_only(pal_hey5_controller_configuration)
[1.330s] DEBUG:colcon.colcon_core.event_handler.log_command:Invoked command in '/home/luca/topic-highlight/exam_ws/build/pal_hey5_controller_configuration' returned '0': CMAKE_PREFIX_PATH=/opt/ros/humble /usr/bin/cmake --install /home/luca/topic-highlight/exam_ws/build/pal_hey5_controller_configuration
[1.336s] Level 1:colcon.colcon_core.environment:checking '/home/luca/topic-highlight/exam_ws/install/pal_hey5_controller_configuration' for CMake module files
[1.336s] Level 1:colcon.colcon_core.environment:checking '/home/luca/topic-highlight/exam_ws/install/pal_hey5_controller_configuration' for CMake config files
[1.336s] Level 1:colcon.colcon_core.shell:create_environment_hook('pal_hey5_controller_configuration', 'cmake_prefix_path')
[1.337s] INFO:colcon.colcon_core.shell:Creating environment hook '/home/luca/topic-highlight/exam_ws/install/pal_hey5_controller_configuration/share/pal_hey5_controller_configuration/hook/cmake_prefix_path.ps1'
[1.337s] INFO:colcon.colcon_core.shell:Creating environment descriptor '/home/luca/topic-highlight/exam_ws/install/pal_hey5_controller_configuration/share/pal_hey5_controller_configuration/hook/cmake_prefix_path.dsv'
[1.338s] INFO:colcon.colcon_core.shell:Creating environment hook '/home/luca/topic-highlight/exam_ws/install/pal_hey5_controller_configuration/share/pal_hey5_controller_configuration/hook/cmake_prefix_path.sh'
[1.339s] Level 1:colcon.colcon_core.environment:checking '/home/luca/topic-highlight/exam_ws/install/pal_hey5_controller_configuration/bin'
[1.339s] Level 1:colcon.colcon_core.environment:checking '/home/luca/topic-highlight/exam_ws/install/pal_hey5_controller_configuration/lib/pkgconfig/pal_hey5_controller_configuration.pc'
[1.339s] Level 1:colcon.colcon_core.environment:checking '/home/luca/topic-highlight/exam_ws/install/pal_hey5_controller_configuration/lib/python3.10/site-packages'
[1.340s] Level 1:colcon.colcon_core.environment:checking '/home/luca/topic-highlight/exam_ws/install/pal_hey5_controller_configuration/bin'
[1.341s] INFO:colcon.colcon_core.shell:Creating package script '/home/luca/topic-highlight/exam_ws/install/pal_hey5_controller_configuration/share/pal_hey5_controller_configuration/package.ps1'
[1.345s] INFO:colcon.colcon_core.shell:Creating package descriptor '/home/luca/topic-highlight/exam_ws/install/pal_hey5_controller_configuration/share/pal_hey5_controller_configuration/package.dsv'
[1.346s] INFO:colcon.colcon_core.shell:Creating package script '/home/luca/topic-highlight/exam_ws/install/pal_hey5_controller_configuration/share/pal_hey5_controller_configuration/package.sh'
[1.348s] INFO:colcon.colcon_core.shell:Creating package script '/home/luca/topic-highlight/exam_ws/install/pal_hey5_controller_configuration/share/pal_hey5_controller_configuration/package.bash'
[1.349s] INFO:colcon.colcon_core.shell:Creating package script '/home/luca/topic-highlight/exam_ws/install/pal_hey5_controller_configuration/share/pal_hey5_controller_configuration/package.zsh'
[1.351s] Level 1:colcon.colcon_core.environment:create_file_with_runtime_dependencies(/home/luca/topic-highlight/exam_ws/install/pal_hey5_controller_configuration/share/colcon-core/packages/pal_hey5_controller_configuration)
[1.352s] Level 1:colcon.colcon_core.environment:create_environment_scripts_only(pal_hey5_controller_configuration)
[1.352s] Level 1:colcon.colcon_core.environment:checking '/home/luca/topic-highlight/exam_ws/install/pal_hey5_controller_configuration' for CMake module files
[1.352s] Level 1:colcon.colcon_core.environment:checking '/home/luca/topic-highlight/exam_ws/install/pal_hey5_controller_configuration' for CMake config files
[1.353s] Level 1:colcon.colcon_core.shell:create_environment_hook('pal_hey5_controller_configuration', 'cmake_prefix_path')
[1.353s] INFO:colcon.colcon_core.shell:Creating environment hook '/home/luca/topic-highlight/exam_ws/install/pal_hey5_controller_configuration/share/pal_hey5_controller_configuration/hook/cmake_prefix_path.ps1'
[1.353s] INFO:colcon.colcon_core.shell:Creating environment descriptor '/home/luca/topic-highlight/exam_ws/install/pal_hey5_controller_configuration/share/pal_hey5_controller_configuration/hook/cmake_prefix_path.dsv'
[1.354s] INFO:colcon.colcon_core.shell:Creating environment hook '/home/luca/topic-highlight/exam_ws/install/pal_hey5_controller_configuration/share/pal_hey5_controller_configuration/hook/cmake_prefix_path.sh'
[1.354s] Level 1:colcon.colcon_core.environment:checking '/home/luca/topic-highlight/exam_ws/install/pal_hey5_controller_configuration/bin'
[1.355s] Level 1:colcon.colcon_core.environment:checking '/home/luca/topic-highlight/exam_ws/install/pal_hey5_controller_configuration/lib/pkgconfig/pal_hey5_controller_configuration.pc'
[1.355s] Level 1:colcon.colcon_core.environment:checking '/home/luca/topic-highlight/exam_ws/install/pal_hey5_controller_configuration/lib/python3.10/site-packages'
[1.355s] Level 1:colcon.colcon_core.environment:checking '/home/luca/topic-highlight/exam_ws/install/pal_hey5_controller_configuration/bin'
[1.355s] INFO:colcon.colcon_core.shell:Creating package script '/home/luca/topic-highlight/exam_ws/install/pal_hey5_controller_configuration/share/pal_hey5_controller_configuration/package.ps1'
[1.356s] INFO:colcon.colcon_core.shell:Creating package descriptor '/home/luca/topic-highlight/exam_ws/install/pal_hey5_controller_configuration/share/pal_hey5_controller_configuration/package.dsv'
[1.356s] INFO:colcon.colcon_core.shell:Creating package script '/home/luca/topic-highlight/exam_ws/install/pal_hey5_controller_configuration/share/pal_hey5_controller_configuration/package.sh'
[1.357s] INFO:colcon.colcon_core.shell:Creating package script '/home/luca/topic-highlight/exam_ws/install/pal_hey5_controller_configuration/share/pal_hey5_controller_configuration/package.bash'
[1.358s] INFO:colcon.colcon_core.shell:Creating package script '/home/luca/topic-highlight/exam_ws/install/pal_hey5_controller_configuration/share/pal_hey5_controller_configuration/package.zsh'
[1.361s] Level 1:colcon.colcon_core.environment:create_file_with_runtime_dependencies(/home/luca/topic-highlight/exam_ws/install/pal_hey5_controller_configuration/share/colcon-core/packages/pal_hey5_controller_configuration)
[1.366s] Level 1:colcon.colcon_core.environment:create_environment_scripts_only(pmb2_maps)
[1.366s] Level 1:colcon.colcon_core.environment:checking '/home/luca/topic-highlight/exam_ws/install/pmb2_maps' for CMake module files
[1.368s] Level 1:colcon.colcon_core.environment:checking '/home/luca/topic-highlight/exam_ws/install/pmb2_maps' for CMake config files
[1.368s] DEBUG:colcon.colcon_core.event_handler.log_command:Invoked command in '/home/luca/topic-highlight/exam_ws/build/pmb2_maps' returned '0': CMAKE_PREFIX_PATH=/opt/ros/humble /usr/bin/cmake --install /home/luca/topic-highlight/exam_ws/build/pmb2_maps
[1.369s] Level 1:colcon.colcon_core.shell:create_environment_hook('pmb2_maps', 'cmake_prefix_path')
[1.369s] INFO:colcon.colcon_core.shell:Creating environment hook '/home/luca/topic-highlight/exam_ws/install/pmb2_maps/share/pmb2_maps/hook/cmake_prefix_path.ps1'
[1.370s] INFO:colcon.colcon_core.shell:Creating environment descriptor '/home/luca/topic-highlight/exam_ws/install/pmb2_maps/share/pmb2_maps/hook/cmake_prefix_path.dsv'
[1.371s] INFO:colcon.colcon_core.shell:Creating environment hook '/home/luca/topic-highlight/exam_ws/install/pmb2_maps/share/pmb2_maps/hook/cmake_prefix_path.sh'
[1.372s] Level 1:colcon.colcon_core.environment:checking '/home/luca/topic-highlight/exam_ws/install/pmb2_maps/bin'
[1.372s] Level 1:colcon.colcon_core.environment:checking '/home/luca/topic-highlight/exam_ws/install/pmb2_maps/lib/pkgconfig/pmb2_maps.pc'
[1.372s] Level 1:colcon.colcon_core.environment:checking '/home/luca/topic-highlight/exam_ws/install/pmb2_maps/lib/python3.10/site-packages'
[1.372s] Level 1:colcon.colcon_core.environment:checking '/home/luca/topic-highlight/exam_ws/install/pmb2_maps/bin'
[1.372s] INFO:colcon.colcon_core.shell:Creating package script '/home/luca/topic-highlight/exam_ws/install/pmb2_maps/share/pmb2_maps/package.ps1'
[1.373s] INFO:colcon.colcon_core.shell:Creating package descriptor '/home/luca/topic-highlight/exam_ws/install/pmb2_maps/share/pmb2_maps/package.dsv'
[1.373s] INFO:colcon.colcon_core.shell:Creating package script '/home/luca/topic-highlight/exam_ws/install/pmb2_maps/share/pmb2_maps/package.sh'
[1.373s] INFO:colcon.colcon_core.shell:Creating package script '/home/luca/topic-highlight/exam_ws/install/pmb2_maps/share/pmb2_maps/package.bash'
[1.374s] INFO:colcon.colcon_core.shell:Creating package script '/home/luca/topic-highlight/exam_ws/install/pmb2_maps/share/pmb2_maps/package.zsh'
[1.374s] Level 1:colcon.colcon_core.environment:create_file_with_runtime_dependencies(/home/luca/topic-highlight/exam_ws/install/pmb2_maps/share/colcon-core/packages/pmb2_maps)
[1.374s] Level 1:colcon.colcon_core.environment:create_environment_scripts_only(pmb2_maps)
[1.374s] Level 1:colcon.colcon_core.environment:checking '/home/luca/topic-highlight/exam_ws/install/pmb2_maps' for CMake module files
[1.375s] Level 1:colcon.colcon_core.environment:checking '/home/luca/topic-highlight/exam_ws/install/pmb2_maps' for CMake config files
[1.375s] Level 1:colcon.colcon_core.shell:create_environment_hook('pmb2_maps', 'cmake_prefix_path')
[1.375s] INFO:colcon.colcon_core.shell:Creating environment hook '/home/luca/topic-highlight/exam_ws/install/pmb2_maps/share/pmb2_maps/hook/cmake_prefix_path.ps1'
[1.376s] INFO:colcon.colcon_core.shell:Creating environment descriptor '/home/luca/topic-highlight/exam_ws/install/pmb2_maps/share/pmb2_maps/hook/cmake_prefix_path.dsv'
[1.377s] INFO:colcon.colcon_core.shell:Creating environment hook '/home/luca/topic-highlight/exam_ws/install/pmb2_maps/share/pmb2_maps/hook/cmake_prefix_path.sh'
[1.378s] Level 1:colcon.colcon_core.environment:checking '/home/luca/topic-highlight/exam_ws/install/pmb2_maps/bin'
[1.378s] Level 1:colcon.colcon_core.environment:checking '/home/luca/topic-highlight/exam_ws/install/pmb2_maps/lib/pkgconfig/pmb2_maps.pc'
[1.378s] Level 1:colcon.colcon_core.environment:checking '/home/luca/topic-highlight/exam_ws/install/pmb2_maps/lib/python3.10/site-packages'
[1.378s] Level 1:colcon.colcon_core.environment:checking '/home/luca/topic-highlight/exam_ws/install/pmb2_maps/bin'
[1.378s] INFO:colcon.colcon_core.shell:Creating package script '/home/luca/topic-highlight/exam_ws/install/pmb2_maps/share/pmb2_maps/package.ps1'
[1.379s] INFO:colcon.colcon_core.shell:Creating package descriptor '/home/luca/topic-highlight/exam_ws/install/pmb2_maps/share/pmb2_maps/package.dsv'
[1.380s] INFO:colcon.colcon_core.shell:Creating package script '/home/luca/topic-highlight/exam_ws/install/pmb2_maps/share/pmb2_maps/package.sh'
[1.380s] INFO:colcon.colcon_core.shell:Creating package script '/home/luca/topic-highlight/exam_ws/install/pmb2_maps/share/pmb2_maps/package.bash'
[1.381s] INFO:colcon.colcon_core.shell:Creating package script '/home/luca/topic-highlight/exam_ws/install/pmb2_maps/share/pmb2_maps/package.zsh'
[1.381s] Level 1:colcon.colcon_core.environment:create_file_with_runtime_dependencies(/home/luca/topic-highlight/exam_ws/install/pmb2_maps/share/colcon-core/packages/pmb2_maps)
[1.386s] DEBUG:colcon.colcon_core.event_handler.log_command:Invoked command in '/home/luca/topic-highlight/exam_ws/build/urdf_test' returned '0': CMAKE_PREFIX_PATH=/opt/ros/humble /usr/bin/cmake /home/luca/topic-highlight/exam_ws/src/urdf_test -DCMAKE_INSTALL_PREFIX=/home/luca/topic-highlight/exam_ws/install/urdf_test
[1.387s] DEBUG:colcon.colcon_core.event_handler.log_command:Invoking command in '/home/luca/topic-highlight/exam_ws/build/urdf_test': CMAKE_PREFIX_PATH=/opt/ros/humble /usr/bin/cmake --build /home/luca/topic-highlight/exam_ws/build/urdf_test -- -j20 -l20
[1.389s] DEBUG:colcon.colcon_core.event_handler.log_command:Invoked command in '/home/luca/topic-highlight/exam_ws/build/pal_robotiq_description' returned '0': CMAKE_PREFIX_PATH=/opt/ros/humble /usr/bin/cmake /home/luca/topic-highlight/exam_ws/src/pal_robotiq_gripper/pal_robotiq_description -DCMAKE_INSTALL_PREFIX=/home/luca/topic-highlight/exam_ws/install/pal_robotiq_description
[1.389s] DEBUG:colcon.colcon_core.event_handler.log_command:Invoking command in '/home/luca/topic-highlight/exam_ws/build/pal_robotiq_description': CMAKE_PREFIX_PATH=/opt/ros/humble /usr/bin/cmake --build /home/luca/topic-highlight/exam_ws/build/pal_robotiq_description -- -j20 -l20
[1.392s] DEBUG:colcon.colcon_core.event_handler.log_command:Invoked command in '/home/luca/topic-highlight/exam_ws/build/pal_robotiq_controller_configuration' returned '0': CMAKE_PREFIX_PATH=/opt/ros/humble /usr/bin/cmake /home/luca/topic-highlight/exam_ws/src/pal_robotiq_gripper/pal_robotiq_controller_configuration -DCMAKE_INSTALL_PREFIX=/home/luca/topic-highlight/exam_ws/install/pal_robotiq_controller_configuration
[1.392s] DEBUG:colcon.colcon_core.event_handler.log_command:Invoking command in '/home/luca/topic-highlight/exam_ws/build/pal_robotiq_controller_configuration': CMAKE_PREFIX_PATH=/opt/ros/humble /usr/bin/cmake --build /home/luca/topic-highlight/exam_ws/build/pal_robotiq_controller_configuration -- -j20 -l20
[1.393s] DEBUG:colcon.colcon_core.event_handler.log_command:Invoked command in '/home/luca/topic-highlight/exam_ws/build/pal_urdf_utils' returned '0': CMAKE_PREFIX_PATH=/opt/ros/humble /usr/bin/cmake /home/luca/topic-highlight/exam_ws/src/pal_urdf_utils -DCMAKE_INSTALL_PREFIX=/home/luca/topic-highlight/exam_ws/install/pal_urdf_utils
[1.395s] DEBUG:colcon.colcon_core.event_handler.log_command:Invoking command in '/home/luca/topic-highlight/exam_ws/build/pal_urdf_utils': CMAKE_PREFIX_PATH=/opt/ros/humble /usr/bin/cmake --build /home/luca/topic-highlight/exam_ws/build/pal_urdf_utils -- -j20 -l20
[1.418s] DEBUG:colcon.colcon_core.event_handler.log_command:Invoked command in '/home/luca/topic-highlight/exam_ws/build/pal_gripper_controller_configuration' returned '0': CMAKE_PREFIX_PATH=/opt/ros/humble /usr/bin/cmake /home/luca/topic-highlight/exam_ws/src/pal_gripper/pal_gripper_controller_configuration -DCMAKE_INSTALL_PREFIX=/home/luca/topic-highlight/exam_ws/install/pal_gripper_controller_configuration
[1.419s] DEBUG:colcon.colcon_core.event_handler.log_command:Invoking command in '/home/luca/topic-highlight/exam_ws/build/pal_gripper_controller_configuration': CMAKE_PREFIX_PATH=/opt/ros/humble /usr/bin/cmake --build /home/luca/topic-highlight/exam_ws/build/pal_gripper_controller_configuration -- -j20 -l20
[1.422s] DEBUG:colcon.colcon_core.event_handler.log_command:Invoked command in '/home/luca/topic-highlight/exam_ws/build/pal_robotiq_description' returned '0': CMAKE_PREFIX_PATH=/opt/ros/humble /usr/bin/cmake --build /home/luca/topic-highlight/exam_ws/build/pal_robotiq_description -- -j20 -l20
[1.425s] DEBUG:colcon.colcon_core.event_handler.log_command:Invoking command in '/home/luca/topic-highlight/exam_ws/build/pal_robotiq_description': CMAKE_PREFIX_PATH=/opt/ros/humble /usr/bin/cmake --install /home/luca/topic-highlight/exam_ws/build/pal_robotiq_description
[1.426s] DEBUG:colcon.colcon_core.event_handler.log_command:Invoked command in '/home/luca/topic-highlight/exam_ws/build/pal_urdf_utils' returned '0': CMAKE_PREFIX_PATH=/opt/ros/humble /usr/bin/cmake --build /home/luca/topic-highlight/exam_ws/build/pal_urdf_utils -- -j20 -l20
[1.428s] DEBUG:colcon.colcon_core.event_handler.log_command:Invoking command in '/home/luca/topic-highlight/exam_ws/build/pal_urdf_utils': CMAKE_PREFIX_PATH=/opt/ros/humble /usr/bin/cmake --install /home/luca/topic-highlight/exam_ws/build/pal_urdf_utils
[1.429s] DEBUG:colcon.colcon_core.event_handler.log_command:Invoked command in '/home/luca/topic-highlight/exam_ws/build/pal_robotiq_controller_configuration' returned '0': CMAKE_PREFIX_PATH=/opt/ros/humble /usr/bin/cmake --build /home/luca/topic-highlight/exam_ws/build/pal_robotiq_controller_configuration -- -j20 -l20
[1.431s] DEBUG:colcon.colcon_core.event_handler.log_command:Invoking command in '/home/luca/topic-highlight/exam_ws/build/pal_robotiq_controller_configuration': CMAKE_PREFIX_PATH=/opt/ros/humble /usr/bin/cmake --install /home/luca/topic-highlight/exam_ws/build/pal_robotiq_controller_configuration
[1.441s] DEBUG:colcon.colcon_core.event_handler.log_command:Invoked command in '/home/luca/topic-highlight/exam_ws/build/pal_navigation_cfg_params' returned '0': CMAKE_PREFIX_PATH=/opt/ros/humble /usr/bin/cmake /home/luca/topic-highlight/exam_ws/src/pal_navigation_cfg_public/pal_navigation_cfg_params -DCMAKE_INSTALL_PREFIX=/home/luca/topic-highlight/exam_ws/install/pal_navigation_cfg_params
[1.442s] DEBUG:colcon.colcon_core.event_handler.log_command:Invoking command in '/home/luca/topic-highlight/exam_ws/build/pal_navigation_cfg_params': CMAKE_PREFIX_PATH=/opt/ros/humble /usr/bin/cmake --build /home/luca/topic-highlight/exam_ws/build/pal_navigation_cfg_params -- -j20 -l20
[1.443s] Level 1:colcon.colcon_core.environment:create_environment_scripts_only(pal_robotiq_controller_configuration)
[1.444s] Level 1:colcon.colcon_core.environment:checking '/home/luca/topic-highlight/exam_ws/install/pal_robotiq_controller_configuration' for CMake module files
[1.445s] Level 1:colcon.colcon_core.environment:checking '/home/luca/topic-highlight/exam_ws/install/pal_robotiq_controller_configuration' for CMake config files
[1.449s] Level 1:colcon.colcon_core.shell:create_environment_hook('pal_robotiq_controller_configuration', 'cmake_prefix_path')
[1.450s] INFO:colcon.colcon_core.shell:Creating environment hook '/home/luca/topic-highlight/exam_ws/install/pal_robotiq_controller_configuration/share/pal_robotiq_controller_configuration/hook/cmake_prefix_path.ps1'
[1.451s] INFO:colcon.colcon_core.shell:Creating environment descriptor '/home/luca/topic-highlight/exam_ws/install/pal_robotiq_controller_configuration/share/pal_robotiq_controller_configuration/hook/cmake_prefix_path.dsv'
[1.453s] INFO:colcon.colcon_core.shell:Creating environment hook '/home/luca/topic-highlight/exam_ws/install/pal_robotiq_controller_configuration/share/pal_robotiq_controller_configuration/hook/cmake_prefix_path.sh'
[1.455s] Level 1:colcon.colcon_core.environment:checking '/home/luca/topic-highlight/exam_ws/install/pal_robotiq_controller_configuration/bin'
[1.455s] Level 1:colcon.colcon_core.environment:checking '/home/luca/topic-highlight/exam_ws/install/pal_robotiq_controller_configuration/lib/pkgconfig/pal_robotiq_controller_configuration.pc'
[1.455s] Level 1:colcon.colcon_core.environment:checking '/home/luca/topic-highlight/exam_ws/install/pal_robotiq_controller_configuration/lib/python3.10/site-packages'
[1.455s] Level 1:colcon.colcon_core.environment:checking '/home/luca/topic-highlight/exam_ws/install/pal_robotiq_controller_configuration/bin'
[1.456s] INFO:colcon.colcon_core.shell:Creating package script '/home/luca/topic-highlight/exam_ws/install/pal_robotiq_controller_configuration/share/pal_robotiq_controller_configuration/package.ps1'
[1.456s] DEBUG:colcon.colcon_core.event_handler.log_command:Invoked command in '/home/luca/topic-highlight/exam_ws/build/pal_robotiq_controller_configuration' returned '0': CMAKE_PREFIX_PATH=/opt/ros/humble /usr/bin/cmake --install /home/luca/topic-highlight/exam_ws/build/pal_robotiq_controller_configuration
[1.458s] INFO:colcon.colcon_core.shell:Creating package descriptor '/home/luca/topic-highlight/exam_ws/install/pal_robotiq_controller_configuration/share/pal_robotiq_controller_configuration/package.dsv'
[1.459s] INFO:colcon.colcon_core.shell:Creating package script '/home/luca/topic-highlight/exam_ws/install/pal_robotiq_controller_configuration/share/pal_robotiq_controller_configuration/package.sh'
[1.461s] INFO:colcon.colcon_core.shell:Creating package script '/home/luca/topic-highlight/exam_ws/install/pal_robotiq_controller_configuration/share/pal_robotiq_controller_configuration/package.bash'
[1.462s] INFO:colcon.colcon_core.shell:Creating package script '/home/luca/topic-highlight/exam_ws/install/pal_robotiq_controller_configuration/share/pal_robotiq_controller_configuration/package.zsh'
[1.462s] Level 1:colcon.colcon_core.environment:create_file_with_runtime_dependencies(/home/luca/topic-highlight/exam_ws/install/pal_robotiq_controller_configuration/share/colcon-core/packages/pal_robotiq_controller_configuration)
[1.465s] Level 1:colcon.colcon_core.environment:create_environment_scripts_only(pal_robotiq_controller_configuration)
[1.465s] Level 1:colcon.colcon_core.environment:checking '/home/luca/topic-highlight/exam_ws/install/pal_robotiq_controller_configuration' for CMake module files
[1.466s] Level 1:colcon.colcon_core.environment:checking '/home/luca/topic-highlight/exam_ws/install/pal_robotiq_controller_configuration' for CMake config files
[1.466s] Level 1:colcon.colcon_core.shell:create_environment_hook('pal_robotiq_controller_configuration', 'cmake_prefix_path')
[1.467s] INFO:colcon.colcon_core.shell:Creating environment hook '/home/luca/topic-highlight/exam_ws/install/pal_robotiq_controller_configuration/share/pal_robotiq_controller_configuration/hook/cmake_prefix_path.ps1'
[1.467s] INFO:colcon.colcon_core.shell:Creating environment descriptor '/home/luca/topic-highlight/exam_ws/install/pal_robotiq_controller_configuration/share/pal_robotiq_controller_configuration/hook/cmake_prefix_path.dsv'
[1.468s] INFO:colcon.colcon_core.shell:Creating environment hook '/home/luca/topic-highlight/exam_ws/install/pal_robotiq_controller_configuration/share/pal_robotiq_controller_configuration/hook/cmake_prefix_path.sh'
[1.468s] Level 1:colcon.colcon_core.environment:checking '/home/luca/topic-highlight/exam_ws/install/pal_robotiq_controller_configuration/bin'
[1.468s] Level 1:colcon.colcon_core.environment:checking '/home/luca/topic-highlight/exam_ws/install/pal_robotiq_controller_configuration/lib/pkgconfig/pal_robotiq_controller_configuration.pc'
[1.469s] Level 1:colcon.colcon_core.environment:checking '/home/luca/topic-highlight/exam_ws/install/pal_robotiq_controller_configuration/lib/python3.10/site-packages'
[1.469s] Level 1:colcon.colcon_core.environment:checking '/home/luca/topic-highlight/exam_ws/install/pal_robotiq_controller_configuration/bin'
[1.469s] INFO:colcon.colcon_core.shell:Creating package script '/home/luca/topic-highlight/exam_ws/install/pal_robotiq_controller_configuration/share/pal_robotiq_controller_configuration/package.ps1'
[1.470s] INFO:colcon.colcon_core.shell:Creating package descriptor '/home/luca/topic-highlight/exam_ws/install/pal_robotiq_controller_configuration/share/pal_robotiq_controller_configuration/package.dsv'
[1.470s] INFO:colcon.colcon_core.shell:Creating package script '/home/luca/topic-highlight/exam_ws/install/pal_robotiq_controller_configuration/share/pal_robotiq_controller_configuration/package.sh'
[1.470s] INFO:colcon.colcon_core.shell:Creating package script '/home/luca/topic-highlight/exam_ws/install/pal_robotiq_controller_configuration/share/pal_robotiq_controller_configuration/package.bash'
[1.470s] INFO:colcon.colcon_core.shell:Creating package script '/home/luca/topic-highlight/exam_ws/install/pal_robotiq_controller_configuration/share/pal_robotiq_controller_configuration/package.zsh'
[1.471s] Level 1:colcon.colcon_core.environment:create_file_with_runtime_dependencies(/home/luca/topic-highlight/exam_ws/install/pal_robotiq_controller_configuration/share/colcon-core/packages/pal_robotiq_controller_configuration)
[1.471s] Level 1:colcon.colcon_core.environment:create_environment_scripts_only(pal_urdf_utils)
[1.471s] Level 1:colcon.colcon_core.environment:checking '/home/luca/topic-highlight/exam_ws/install/pal_urdf_utils' for CMake module files
[1.472s] Level 1:colcon.colcon_core.environment:checking '/home/luca/topic-highlight/exam_ws/install/pal_urdf_utils' for CMake config files
[1.472s] Level 1:colcon.colcon_core.shell:create_environment_hook('pal_urdf_utils', 'cmake_prefix_path')
[1.472s] INFO:colcon.colcon_core.shell:Creating environment hook '/home/luca/topic-highlight/exam_ws/install/pal_urdf_utils/share/pal_urdf_utils/hook/cmake_prefix_path.ps1'
[1.473s] DEBUG:colcon.colcon_core.event_handler.log_command:Invoked command in '/home/luca/topic-highlight/exam_ws/build/pal_urdf_utils' returned '0': CMAKE_PREFIX_PATH=/opt/ros/humble /usr/bin/cmake --install /home/luca/topic-highlight/exam_ws/build/pal_urdf_utils
[1.473s] INFO:colcon.colcon_core.shell:Creating environment descriptor '/home/luca/topic-highlight/exam_ws/install/pal_urdf_utils/share/pal_urdf_utils/hook/cmake_prefix_path.dsv'
[1.473s] INFO:colcon.colcon_core.shell:Creating environment hook '/home/luca/topic-highlight/exam_ws/install/pal_urdf_utils/share/pal_urdf_utils/hook/cmake_prefix_path.sh'
[1.473s] Level 1:colcon.colcon_core.environment:checking '/home/luca/topic-highlight/exam_ws/install/pal_urdf_utils/bin'
[1.473s] Level 1:colcon.colcon_core.environment:checking '/home/luca/topic-highlight/exam_ws/install/pal_urdf_utils/lib/pkgconfig/pal_urdf_utils.pc'
[1.474s] Level 1:colcon.colcon_core.environment:checking '/home/luca/topic-highlight/exam_ws/install/pal_urdf_utils/lib/python3.10/site-packages'
[1.474s] Level 1:colcon.colcon_core.environment:checking '/home/luca/topic-highlight/exam_ws/install/pal_urdf_utils/bin'
[1.474s] INFO:colcon.colcon_core.shell:Creating package script '/home/luca/topic-highlight/exam_ws/install/pal_urdf_utils/share/pal_urdf_utils/package.ps1'
[1.474s] INFO:colcon.colcon_core.shell:Creating package descriptor '/home/luca/topic-highlight/exam_ws/install/pal_urdf_utils/share/pal_urdf_utils/package.dsv'
[1.475s] INFO:colcon.colcon_core.shell:Creating package script '/home/luca/topic-highlight/exam_ws/install/pal_urdf_utils/share/pal_urdf_utils/package.sh'
[1.475s] INFO:colcon.colcon_core.shell:Creating package script '/home/luca/topic-highlight/exam_ws/install/pal_urdf_utils/share/pal_urdf_utils/package.bash'
[1.475s] INFO:colcon.colcon_core.shell:Creating package script '/home/luca/topic-highlight/exam_ws/install/pal_urdf_utils/share/pal_urdf_utils/package.zsh'
[1.475s] Level 1:colcon.colcon_core.environment:create_file_with_runtime_dependencies(/home/luca/topic-highlight/exam_ws/install/pal_urdf_utils/share/colcon-core/packages/pal_urdf_utils)
[1.476s] Level 1:colcon.colcon_core.environment:create_environment_scripts_only(pal_urdf_utils)
[1.476s] Level 1:colcon.colcon_core.environment:checking '/home/luca/topic-highlight/exam_ws/install/pal_urdf_utils' for CMake module files
[1.476s] Level 1:colcon.colcon_core.environment:checking '/home/luca/topic-highlight/exam_ws/install/pal_urdf_utils' for CMake config files
[1.476s] Level 1:colcon.colcon_core.shell:create_environment_hook('pal_urdf_utils', 'cmake_prefix_path')
[1.476s] INFO:colcon.colcon_core.shell:Creating environment hook '/home/luca/topic-highlight/exam_ws/install/pal_urdf_utils/share/pal_urdf_utils/hook/cmake_prefix_path.ps1'
[1.477s] INFO:colcon.colcon_core.shell:Creating environment descriptor '/home/luca/topic-highlight/exam_ws/install/pal_urdf_utils/share/pal_urdf_utils/hook/cmake_prefix_path.dsv'
[1.477s] INFO:colcon.colcon_core.shell:Creating environment hook '/home/luca/topic-highlight/exam_ws/install/pal_urdf_utils/share/pal_urdf_utils/hook/cmake_prefix_path.sh'
[1.477s] Level 1:colcon.colcon_core.environment:checking '/home/luca/topic-highlight/exam_ws/install/pal_urdf_utils/bin'
[1.477s] Level 1:colcon.colcon_core.environment:checking '/home/luca/topic-highlight/exam_ws/install/pal_urdf_utils/lib/pkgconfig/pal_urdf_utils.pc'
[1.478s] Level 1:colcon.colcon_core.environment:checking '/home/luca/topic-highlight/exam_ws/install/pal_urdf_utils/lib/python3.10/site-packages'
[1.478s] Level 1:colcon.colcon_core.environment:checking '/home/luca/topic-highlight/exam_ws/install/pal_urdf_utils/bin'
[1.478s] INFO:colcon.colcon_core.shell:Creating package script '/home/luca/topic-highlight/exam_ws/install/pal_urdf_utils/share/pal_urdf_utils/package.ps1'
[1.478s] INFO:colcon.colcon_core.shell:Creating package descriptor '/home/luca/topic-highlight/exam_ws/install/pal_urdf_utils/share/pal_urdf_utils/package.dsv'
[1.479s] INFO:colcon.colcon_core.shell:Creating package script '/home/luca/topic-highlight/exam_ws/install/pal_urdf_utils/share/pal_urdf_utils/package.sh'
[1.479s] INFO:colcon.colcon_core.shell:Creating package script '/home/luca/topic-highlight/exam_ws/install/pal_urdf_utils/share/pal_urdf_utils/package.bash'
[1.479s] INFO:colcon.colcon_core.shell:Creating package script '/home/luca/topic-highlight/exam_ws/install/pal_urdf_utils/share/pal_urdf_utils/package.zsh'
[1.479s] Level 1:colcon.colcon_core.environment:create_file_with_runtime_dependencies(/home/luca/topic-highlight/exam_ws/install/pal_urdf_utils/share/colcon-core/packages/pal_urdf_utils)
[1.480s] INFO:colcon.colcon_ros.task.ament_cmake.build:Building ROS package in '/home/luca/topic-highlight/exam_ws/src/pal_hey5/pal_hey5_description' with build type 'ament_cmake'
[1.480s] INFO:colcon.colcon_cmake.task.cmake.build:Building CMake package in '/home/luca/topic-highlight/exam_ws/src/pal_hey5/pal_hey5_description'
[1.480s] INFO:colcon.colcon_core.shell:Skip shell extension 'powershell' for command environment: Not usable outside of PowerShell
[1.480s] DEBUG:colcon.colcon_core.shell:Skip shell extension 'dsv' for command environment
[1.485s] DEBUG:colcon.colcon_core.event_handler.log_command:Invoked command in '/home/luca/topic-highlight/exam_ws/build/pmb2_laser_sensors' returned '0': CMAKE_PREFIX_PATH=/opt/ros/humble /usr/bin/cmake /home/luca/topic-highlight/exam_ws/src/pmb2_navigation/pmb2_laser_sensors -DCMAKE_INSTALL_PREFIX=/home/luca/topic-highlight/exam_ws/install/pmb2_laser_sensors
[1.486s] DEBUG:colcon.colcon_core.event_handler.log_command:Invoking command in '/home/luca/topic-highlight/exam_ws/build/pmb2_laser_sensors': CMAKE_PREFIX_PATH=/opt/ros/humble /usr/bin/cmake --build /home/luca/topic-highlight/exam_ws/build/pmb2_laser_sensors -- -j20 -l20
[1.487s] DEBUG:colcon.colcon_core.event_handler.log_command:Invoked command in '/home/luca/topic-highlight/exam_ws/build/pal_gripper_controller_configuration' returned '0': CMAKE_PREFIX_PATH=/opt/ros/humble /usr/bin/cmake --build /home/luca/topic-highlight/exam_ws/build/pal_gripper_controller_configuration -- -j20 -l20
[1.488s] DEBUG:colcon.colcon_core.event_handler.log_command:Invoking command in '/home/luca/topic-highlight/exam_ws/build/pal_gripper_controller_configuration': CMAKE_PREFIX_PATH=/opt/ros/humble /usr/bin/cmake --install /home/luca/topic-highlight/exam_ws/build/pal_gripper_controller_configuration
[1.489s] Level 1:colcon.colcon_core.environment:create_environment_scripts_only(pal_robotiq_description)
[1.489s] Level 1:colcon.colcon_core.environment:checking '/home/luca/topic-highlight/exam_ws/install/pal_robotiq_description' for CMake module files
[1.490s] DEBUG:colcon.colcon_core.event_handler.log_command:Invoked command in '/home/luca/topic-highlight/exam_ws/build/pal_robotiq_description' returned '0': CMAKE_PREFIX_PATH=/opt/ros/humble /usr/bin/cmake --install /home/luca/topic-highlight/exam_ws/build/pal_robotiq_description
[1.491s] Level 1:colcon.colcon_core.environment:checking '/home/luca/topic-highlight/exam_ws/install/pal_robotiq_description' for CMake config files
[1.491s] Level 1:colcon.colcon_core.shell:create_environment_hook('pal_robotiq_description', 'cmake_prefix_path')
[1.491s] INFO:colcon.colcon_core.shell:Creating environment hook '/home/luca/topic-highlight/exam_ws/install/pal_robotiq_description/share/pal_robotiq_description/hook/cmake_prefix_path.ps1'
[1.492s] INFO:colcon.colcon_core.shell:Creating environment descriptor '/home/luca/topic-highlight/exam_ws/install/pal_robotiq_description/share/pal_robotiq_description/hook/cmake_prefix_path.dsv'
[1.492s] INFO:colcon.colcon_core.shell:Creating environment hook '/home/luca/topic-highlight/exam_ws/install/pal_robotiq_description/share/pal_robotiq_description/hook/cmake_prefix_path.sh'
[1.492s] Level 1:colcon.colcon_core.environment:checking '/home/luca/topic-highlight/exam_ws/install/pal_robotiq_description/bin'
[1.492s] Level 1:colcon.colcon_core.environment:checking '/home/luca/topic-highlight/exam_ws/install/pal_robotiq_description/lib/pkgconfig/pal_robotiq_description.pc'
[1.493s] Level 1:colcon.colcon_core.environment:checking '/home/luca/topic-highlight/exam_ws/install/pal_robotiq_description/lib/python3.10/site-packages'
[1.493s] Level 1:colcon.colcon_core.environment:checking '/home/luca/topic-highlight/exam_ws/install/pal_robotiq_description/bin'
[1.493s] INFO:colcon.colcon_core.shell:Creating package script '/home/luca/topic-highlight/exam_ws/install/pal_robotiq_description/share/pal_robotiq_description/package.ps1'
[1.493s] INFO:colcon.colcon_core.shell:Creating package descriptor '/home/luca/topic-highlight/exam_ws/install/pal_robotiq_description/share/pal_robotiq_description/package.dsv'
[1.494s] INFO:colcon.colcon_core.shell:Creating package script '/home/luca/topic-highlight/exam_ws/install/pal_robotiq_description/share/pal_robotiq_description/package.sh'
[1.496s] INFO:colcon.colcon_core.shell:Creating package script '/home/luca/topic-highlight/exam_ws/install/pal_robotiq_description/share/pal_robotiq_description/package.bash'
[1.497s] INFO:colcon.colcon_core.shell:Creating package script '/home/luca/topic-highlight/exam_ws/install/pal_robotiq_description/share/pal_robotiq_description/package.zsh'
[1.498s] Level 1:colcon.colcon_core.environment:create_file_with_runtime_dependencies(/home/luca/topic-highlight/exam_ws/install/pal_robotiq_description/share/colcon-core/packages/pal_robotiq_description)
[1.499s] Level 1:colcon.colcon_core.environment:create_environment_scripts_only(pal_robotiq_description)
[1.499s] Level 1:colcon.colcon_core.environment:checking '/home/luca/topic-highlight/exam_ws/install/pal_robotiq_description' for CMake module files
[1.500s] Level 1:colcon.colcon_core.environment:checking '/home/luca/topic-highlight/exam_ws/install/pal_robotiq_description' for CMake config files
[1.500s] Level 1:colcon.colcon_core.shell:create_environment_hook('pal_robotiq_description', 'cmake_prefix_path')
[1.500s] INFO:colcon.colcon_core.shell:Creating environment hook '/home/luca/topic-highlight/exam_ws/install/pal_robotiq_description/share/pal_robotiq_description/hook/cmake_prefix_path.ps1'
[1.501s] INFO:colcon.colcon_core.shell:Creating environment descriptor '/home/luca/topic-highlight/exam_ws/install/pal_robotiq_description/share/pal_robotiq_description/hook/cmake_prefix_path.dsv'
[1.501s] INFO:colcon.colcon_core.shell:Creating environment hook '/home/luca/topic-highlight/exam_ws/install/pal_robotiq_description/share/pal_robotiq_description/hook/cmake_prefix_path.sh'
[1.502s] Level 1:colcon.colcon_core.environment:checking '/home/luca/topic-highlight/exam_ws/install/pal_robotiq_description/bin'
[1.502s] Level 1:colcon.colcon_core.environment:checking '/home/luca/topic-highlight/exam_ws/install/pal_robotiq_description/lib/pkgconfig/pal_robotiq_description.pc'
[1.503s] Level 1:colcon.colcon_core.environment:checking '/home/luca/topic-highlight/exam_ws/install/pal_robotiq_description/lib/python3.10/site-packages'
[1.503s] Level 1:colcon.colcon_core.environment:checking '/home/luca/topic-highlight/exam_ws/install/pal_robotiq_description/bin'
[1.503s] INFO:colcon.colcon_core.shell:Creating package script '/home/luca/topic-highlight/exam_ws/install/pal_robotiq_description/share/pal_robotiq_description/package.ps1'
[1.503s] INFO:colcon.colcon_core.shell:Creating package descriptor '/home/luca/topic-highlight/exam_ws/install/pal_robotiq_description/share/pal_robotiq_description/package.dsv'
[1.504s] INFO:colcon.colcon_core.shell:Creating package script '/home/luca/topic-highlight/exam_ws/install/pal_robotiq_description/share/pal_robotiq_description/package.sh'
[1.504s] INFO:colcon.colcon_core.shell:Creating package script '/home/luca/topic-highlight/exam_ws/install/pal_robotiq_description/share/pal_robotiq_description/package.bash'
[1.505s] INFO:colcon.colcon_core.shell:Creating package script '/home/luca/topic-highlight/exam_ws/install/pal_robotiq_description/share/pal_robotiq_description/package.zsh'
[1.506s] Level 1:colcon.colcon_core.environment:create_file_with_runtime_dependencies(/home/luca/topic-highlight/exam_ws/install/pal_robotiq_description/share/colcon-core/packages/pal_robotiq_description)
[1.508s] INFO:colcon.colcon_ros.task.ament_cmake.build:Building ROS package in '/home/luca/topic-highlight/exam_ws/src/pal_robotiq_gripper/pal_robotiq_gripper' with build type 'ament_cmake'
[1.508s] INFO:colcon.colcon_cmake.task.cmake.build:Building CMake package in '/home/luca/topic-highlight/exam_ws/src/pal_robotiq_gripper/pal_robotiq_gripper'
[1.509s] INFO:colcon.colcon_core.shell:Skip shell extension 'powershell' for command environment: Not usable outside of PowerShell
[1.509s] DEBUG:colcon.colcon_core.shell:Skip shell extension 'dsv' for command environment
[1.509s] DEBUG:colcon.colcon_core.event_handler.log_command:Invoked command in '/home/luca/topic-highlight/exam_ws/build/pal_navigation_cfg_params' returned '0': CMAKE_PREFIX_PATH=/opt/ros/humble /usr/bin/cmake --build /home/luca/topic-highlight/exam_ws/build/pal_navigation_cfg_params -- -j20 -l20
[1.510s] DEBUG:colcon.colcon_core.event_handler.log_command:Invoking command in '/home/luca/topic-highlight/exam_ws/build/pal_navigation_cfg_params': CMAKE_PREFIX_PATH=/opt/ros/humble /usr/bin/cmake --install /home/luca/topic-highlight/exam_ws/build/pal_navigation_cfg_params
[1.520s] Level 1:colcon.colcon_core.environment:create_environment_scripts_only(pal_gripper_controller_configuration)
[1.520s] Level 1:colcon.colcon_core.environment:checking '/home/luca/topic-highlight/exam_ws/install/pal_gripper_controller_configuration' for CMake module files
[1.521s] DEBUG:colcon.colcon_core.event_handler.log_command:Invoking command in '/home/luca/topic-highlight/exam_ws/build/pal_hey5_description': AMENT_PREFIX_PATH=/home/luca/topic-highlight/exam_ws/install/pal_urdf_utils:${AMENT_PREFIX_PATH} CMAKE_PREFIX_PATH=/home/luca/topic-highlight/exam_ws/install/pal_urdf_utils:/opt/ros/humble /usr/bin/cmake /home/luca/topic-highlight/exam_ws/src/pal_hey5/pal_hey5_description -DCMAKE_INSTALL_PREFIX=/home/luca/topic-highlight/exam_ws/install/pal_hey5_description
[1.521s] DEBUG:colcon.colcon_core.event_handler.log_command:Invoked command in '/home/luca/topic-highlight/exam_ws/build/pal_gripper_controller_configuration' returned '0': CMAKE_PREFIX_PATH=/opt/ros/humble /usr/bin/cmake --install /home/luca/topic-highlight/exam_ws/build/pal_gripper_controller_configuration
[1.521s] Level 1:colcon.colcon_core.environment:checking '/home/luca/topic-highlight/exam_ws/install/pal_gripper_controller_configuration' for CMake config files
[1.521s] Level 1:colcon.colcon_core.shell:create_environment_hook('pal_gripper_controller_configuration', 'cmake_prefix_path')
[1.522s] INFO:colcon.colcon_core.shell:Creating environment hook '/home/luca/topic-highlight/exam_ws/install/pal_gripper_controller_configuration/share/pal_gripper_controller_configuration/hook/cmake_prefix_path.ps1'
[1.522s] INFO:colcon.colcon_core.shell:Creating environment descriptor '/home/luca/topic-highlight/exam_ws/install/pal_gripper_controller_configuration/share/pal_gripper_controller_configuration/hook/cmake_prefix_path.dsv'
[1.523s] INFO:colcon.colcon_core.shell:Creating environment hook '/home/luca/topic-highlight/exam_ws/install/pal_gripper_controller_configuration/share/pal_gripper_controller_configuration/hook/cmake_prefix_path.sh'
[1.523s] Level 1:colcon.colcon_core.environment:checking '/home/luca/topic-highlight/exam_ws/install/pal_gripper_controller_configuration/bin'
[1.523s] Level 1:colcon.colcon_core.environment:checking '/home/luca/topic-highlight/exam_ws/install/pal_gripper_controller_configuration/lib/pkgconfig/pal_gripper_controller_configuration.pc'
[1.524s] Level 1:colcon.colcon_core.environment:checking '/home/luca/topic-highlight/exam_ws/install/pal_gripper_controller_configuration/lib/python3.10/site-packages'
[1.524s] Level 1:colcon.colcon_core.environment:checking '/home/luca/topic-highlight/exam_ws/install/pal_gripper_controller_configuration/bin'
[1.524s] INFO:colcon.colcon_core.shell:Creating package script '/home/luca/topic-highlight/exam_ws/install/pal_gripper_controller_configuration/share/pal_gripper_controller_configuration/package.ps1'
[1.525s] INFO:colcon.colcon_core.shell:Creating package descriptor '/home/luca/topic-highlight/exam_ws/install/pal_gripper_controller_configuration/share/pal_gripper_controller_configuration/package.dsv'
[1.525s] INFO:colcon.colcon_core.shell:Creating package script '/home/luca/topic-highlight/exam_ws/install/pal_gripper_controller_configuration/share/pal_gripper_controller_configuration/package.sh'
[1.525s] INFO:colcon.colcon_core.shell:Creating package script '/home/luca/topic-highlight/exam_ws/install/pal_gripper_controller_configuration/share/pal_gripper_controller_configuration/package.bash'
[1.526s] INFO:colcon.colcon_core.shell:Creating package script '/home/luca/topic-highlight/exam_ws/install/pal_gripper_controller_configuration/share/pal_gripper_controller_configuration/package.zsh'
[1.526s] Level 1:colcon.colcon_core.environment:create_file_with_runtime_dependencies(/home/luca/topic-highlight/exam_ws/install/pal_gripper_controller_configuration/share/colcon-core/packages/pal_gripper_controller_configuration)
[1.526s] Level 1:colcon.colcon_core.environment:create_environment_scripts_only(pal_gripper_controller_configuration)
[1.526s] Level 1:colcon.colcon_core.environment:checking '/home/luca/topic-highlight/exam_ws/install/pal_gripper_controller_configuration' for CMake module files
[1.527s] Level 1:colcon.colcon_core.environment:checking '/home/luca/topic-highlight/exam_ws/install/pal_gripper_controller_configuration' for CMake config files
[1.527s] Level 1:colcon.colcon_core.shell:create_environment_hook('pal_gripper_controller_configuration', 'cmake_prefix_path')
[1.527s] INFO:colcon.colcon_core.shell:Creating environment hook '/home/luca/topic-highlight/exam_ws/install/pal_gripper_controller_configuration/share/pal_gripper_controller_configuration/hook/cmake_prefix_path.ps1'
[1.527s] INFO:colcon.colcon_core.shell:Creating environment descriptor '/home/luca/topic-highlight/exam_ws/install/pal_gripper_controller_configuration/share/pal_gripper_controller_configuration/hook/cmake_prefix_path.dsv'
[1.528s] INFO:colcon.colcon_core.shell:Creating environment hook '/home/luca/topic-highlight/exam_ws/install/pal_gripper_controller_configuration/share/pal_gripper_controller_configuration/hook/cmake_prefix_path.sh'
[1.528s] Level 1:colcon.colcon_core.environment:checking '/home/luca/topic-highlight/exam_ws/install/pal_gripper_controller_configuration/bin'
[1.528s] Level 1:colcon.colcon_core.environment:checking '/home/luca/topic-highlight/exam_ws/install/pal_gripper_controller_configuration/lib/pkgconfig/pal_gripper_controller_configuration.pc'
[1.528s] Level 1:colcon.colcon_core.environment:checking '/home/luca/topic-highlight/exam_ws/install/pal_gripper_controller_configuration/lib/python3.10/site-packages'
[1.528s] Level 1:colcon.colcon_core.environment:checking '/home/luca/topic-highlight/exam_ws/install/pal_gripper_controller_configuration/bin'
[1.529s] INFO:colcon.colcon_core.shell:Creating package script '/home/luca/topic-highlight/exam_ws/install/pal_gripper_controller_configuration/share/pal_gripper_controller_configuration/package.ps1'
[1.529s] INFO:colcon.colcon_core.shell:Creating package descriptor '/home/luca/topic-highlight/exam_ws/install/pal_gripper_controller_configuration/share/pal_gripper_controller_configuration/package.dsv'
[1.529s] INFO:colcon.colcon_core.shell:Creating package script '/home/luca/topic-highlight/exam_ws/install/pal_gripper_controller_configuration/share/pal_gripper_controller_configuration/package.sh'
[1.530s] INFO:colcon.colcon_core.shell:Creating package script '/home/luca/topic-highlight/exam_ws/install/pal_gripper_controller_configuration/share/pal_gripper_controller_configuration/package.bash'
[1.530s] INFO:colcon.colcon_core.shell:Creating package script '/home/luca/topic-highlight/exam_ws/install/pal_gripper_controller_configuration/share/pal_gripper_controller_configuration/package.zsh'
[1.531s] Level 1:colcon.colcon_core.environment:create_file_with_runtime_dependencies(/home/luca/topic-highlight/exam_ws/install/pal_gripper_controller_configuration/share/colcon-core/packages/pal_gripper_controller_configuration)
[1.533s] DEBUG:colcon.colcon_core.event_handler.log_command:Invoked command in '/home/luca/topic-highlight/exam_ws/build/pmb2_laser_sensors' returned '0': CMAKE_PREFIX_PATH=/opt/ros/humble /usr/bin/cmake --build /home/luca/topic-highlight/exam_ws/build/pmb2_laser_sensors -- -j20 -l20
[1.536s] DEBUG:colcon.colcon_core.event_handler.log_command:Invoking command in '/home/luca/topic-highlight/exam_ws/build/pmb2_laser_sensors': CMAKE_PREFIX_PATH=/opt/ros/humble /usr/bin/cmake --install /home/luca/topic-highlight/exam_ws/build/pmb2_laser_sensors
[1.542s] Level 1:colcon.colcon_core.environment:create_environment_scripts_only(pal_navigation_cfg_params)
[1.542s] Level 1:colcon.colcon_core.environment:checking '/home/luca/topic-highlight/exam_ws/install/pal_navigation_cfg_params' for CMake module files
[1.543s] DEBUG:colcon.colcon_core.event_handler.log_command:Invoking command in '/home/luca/topic-highlight/exam_ws/build/pal_robotiq_gripper': AMENT_PREFIX_PATH=/home/luca/topic-highlight/exam_ws/install/pal_robotiq_description:/home/luca/topic-highlight/exam_ws/install/pal_robotiq_controller_configuration:${AMENT_PREFIX_PATH} CMAKE_PREFIX_PATH=/home/luca/topic-highlight/exam_ws/install/pal_robotiq_description:/home/luca/topic-highlight/exam_ws/install/pal_robotiq_controller_configuration:/opt/ros/humble /usr/bin/cmake /home/luca/topic-highlight/exam_ws/src/pal_robotiq_gripper/pal_robotiq_gripper -DCMAKE_INSTALL_PREFIX=/home/luca/topic-highlight/exam_ws/install/pal_robotiq_gripper
[1.544s] DEBUG:colcon.colcon_core.event_handler.log_command:Invoked command in '/home/luca/topic-highlight/exam_ws/build/pal_navigation_cfg_params' returned '0': CMAKE_PREFIX_PATH=/opt/ros/humble /usr/bin/cmake --install /home/luca/topic-highlight/exam_ws/build/pal_navigation_cfg_params
[1.544s] Level 1:colcon.colcon_core.environment:checking '/home/luca/topic-highlight/exam_ws/install/pal_navigation_cfg_params' for CMake config files
[1.545s] Level 1:colcon.colcon_core.shell:create_environment_hook('pal_navigation_cfg_params', 'cmake_prefix_path')
[1.545s] INFO:colcon.colcon_core.shell:Creating environment hook '/home/luca/topic-highlight/exam_ws/install/pal_navigation_cfg_params/share/pal_navigation_cfg_params/hook/cmake_prefix_path.ps1'
[1.546s] INFO:colcon.colcon_core.shell:Creating environment descriptor '/home/luca/topic-highlight/exam_ws/install/pal_navigation_cfg_params/share/pal_navigation_cfg_params/hook/cmake_prefix_path.dsv'
[1.548s] INFO:colcon.colcon_core.shell:Creating environment hook '/home/luca/topic-highlight/exam_ws/install/pal_navigation_cfg_params/share/pal_navigation_cfg_params/hook/cmake_prefix_path.sh'
[1.551s] Level 1:colcon.colcon_core.environment:checking '/home/luca/topic-highlight/exam_ws/install/pal_navigation_cfg_params/bin'
[1.551s] Level 1:colcon.colcon_core.environment:checking '/home/luca/topic-highlight/exam_ws/install/pal_navigation_cfg_params/lib/pkgconfig/pal_navigation_cfg_params.pc'
[1.551s] Level 1:colcon.colcon_core.environment:checking '/home/luca/topic-highlight/exam_ws/install/pal_navigation_cfg_params/lib/python3.10/site-packages'
[1.552s] Level 1:colcon.colcon_core.environment:checking '/home/luca/topic-highlight/exam_ws/install/pal_navigation_cfg_params/bin'
[1.552s] INFO:colcon.colcon_core.shell:Creating package script '/home/luca/topic-highlight/exam_ws/install/pal_navigation_cfg_params/share/pal_navigation_cfg_params/package.ps1'
[1.553s] INFO:colcon.colcon_core.shell:Creating package descriptor '/home/luca/topic-highlight/exam_ws/install/pal_navigation_cfg_params/share/pal_navigation_cfg_params/package.dsv'
[1.553s] INFO:colcon.colcon_core.shell:Creating package script '/home/luca/topic-highlight/exam_ws/install/pal_navigation_cfg_params/share/pal_navigation_cfg_params/package.sh'
[1.554s] INFO:colcon.colcon_core.shell:Creating package script '/home/luca/topic-highlight/exam_ws/install/pal_navigation_cfg_params/share/pal_navigation_cfg_params/package.bash'
[1.554s] INFO:colcon.colcon_core.shell:Creating package script '/home/luca/topic-highlight/exam_ws/install/pal_navigation_cfg_params/share/pal_navigation_cfg_params/package.zsh'
[1.555s] Level 1:colcon.colcon_core.environment:create_file_with_runtime_dependencies(/home/luca/topic-highlight/exam_ws/install/pal_navigation_cfg_params/share/colcon-core/packages/pal_navigation_cfg_params)
[1.555s] Level 1:colcon.colcon_core.environment:create_environment_scripts_only(pal_navigation_cfg_params)
[1.556s] Level 1:colcon.colcon_core.environment:checking '/home/luca/topic-highlight/exam_ws/install/pal_navigation_cfg_params' for CMake module files
[1.559s] Level 1:colcon.colcon_core.environment:checking '/home/luca/topic-highlight/exam_ws/install/pal_navigation_cfg_params' for CMake config files
[1.561s] Level 1:colcon.colcon_core.shell:create_environment_hook('pal_navigation_cfg_params', 'cmake_prefix_path')
[1.561s] INFO:colcon.colcon_core.shell:Creating environment hook '/home/luca/topic-highlight/exam_ws/install/pal_navigation_cfg_params/share/pal_navigation_cfg_params/hook/cmake_prefix_path.ps1'
[1.564s] INFO:colcon.colcon_core.shell:Creating environment descriptor '/home/luca/topic-highlight/exam_ws/install/pal_navigation_cfg_params/share/pal_navigation_cfg_params/hook/cmake_prefix_path.dsv'
[1.566s] INFO:colcon.colcon_core.shell:Creating environment hook '/home/luca/topic-highlight/exam_ws/install/pal_navigation_cfg_params/share/pal_navigation_cfg_params/hook/cmake_prefix_path.sh'
[1.567s] Level 1:colcon.colcon_core.environment:checking '/home/luca/topic-highlight/exam_ws/install/pal_navigation_cfg_params/bin'
[1.568s] Level 1:colcon.colcon_core.environment:checking '/home/luca/topic-highlight/exam_ws/install/pal_navigation_cfg_params/lib/pkgconfig/pal_navigation_cfg_params.pc'
[1.568s] Level 1:colcon.colcon_core.environment:checking '/home/luca/topic-highlight/exam_ws/install/pal_navigation_cfg_params/lib/python3.10/site-packages'
[1.568s] Level 1:colcon.colcon_core.environment:checking '/home/luca/topic-highlight/exam_ws/install/pal_navigation_cfg_params/bin'
[1.569s] INFO:colcon.colcon_core.shell:Creating package script '/home/luca/topic-highlight/exam_ws/install/pal_navigation_cfg_params/share/pal_navigation_cfg_params/package.ps1'
[1.570s] INFO:colcon.colcon_core.shell:Creating package descriptor '/home/luca/topic-highlight/exam_ws/install/pal_navigation_cfg_params/share/pal_navigation_cfg_params/package.dsv'
[1.571s] INFO:colcon.colcon_core.shell:Creating package script '/home/luca/topic-highlight/exam_ws/install/pal_navigation_cfg_params/share/pal_navigation_cfg_params/package.sh'
[1.571s] INFO:colcon.colcon_core.shell:Creating package script '/home/luca/topic-highlight/exam_ws/install/pal_navigation_cfg_params/share/pal_navigation_cfg_params/package.bash'
[1.572s] INFO:colcon.colcon_core.shell:Creating package script '/home/luca/topic-highlight/exam_ws/install/pal_navigation_cfg_params/share/pal_navigation_cfg_params/package.zsh'
[1.572s] Level 1:colcon.colcon_core.environment:create_file_with_runtime_dependencies(/home/luca/topic-highlight/exam_ws/install/pal_navigation_cfg_params/share/colcon-core/packages/pal_navigation_cfg_params)
[1.578s] Level 1:colcon.colcon_core.environment:create_environment_scripts_only(pmb2_laser_sensors)
[1.578s] Level 1:colcon.colcon_core.environment:checking '/home/luca/topic-highlight/exam_ws/install/pmb2_laser_sensors' for CMake module files
[1.579s] DEBUG:colcon.colcon_core.event_handler.log_command:Invoking command in '/home/luca/topic-highlight/exam_ws/src/yolo_tiago': PYTHONPATH=/home/luca/topic-highlight/exam_ws/build/yolo_tiago/prefix_override:/usr/lib/python3/dist-packages/colcon_core/task/python/colcon_distutils_commands:/home/luca/topic-highlight/exam_ws/install/yolo_tiago/lib/python3.10/site-packages:${PYTHONPATH} /usr/bin/python3 -W ignore:setup.py install is deprecated -W ignore:easy_install command is deprecated setup.py egg_info --egg-base ../../build/yolo_tiago build --build-base /home/luca/topic-highlight/exam_ws/build/yolo_tiago/build install --record /home/luca/topic-highlight/exam_ws/build/yolo_tiago/install.log --single-version-externally-managed install_data
[1.579s] DEBUG:colcon.colcon_core.event_handler.log_command:Invoked command in '/home/luca/topic-highlight/exam_ws/build/pmb2_laser_sensors' returned '0': CMAKE_PREFIX_PATH=/opt/ros/humble /usr/bin/cmake --install /home/luca/topic-highlight/exam_ws/build/pmb2_laser_sensors
[1.580s] Level 1:colcon.colcon_core.environment:checking '/home/luca/topic-highlight/exam_ws/install/pmb2_laser_sensors' for CMake config files
[1.580s] Level 1:colcon.colcon_core.shell:create_environment_hook('pmb2_laser_sensors', 'cmake_prefix_path')
[1.581s] INFO:colcon.colcon_core.shell:Creating environment hook '/home/luca/topic-highlight/exam_ws/install/pmb2_laser_sensors/share/pmb2_laser_sensors/hook/cmake_prefix_path.ps1'
[1.581s] INFO:colcon.colcon_core.shell:Creating environment descriptor '/home/luca/topic-highlight/exam_ws/install/pmb2_laser_sensors/share/pmb2_laser_sensors/hook/cmake_prefix_path.dsv'
[1.582s] INFO:colcon.colcon_core.shell:Creating environment hook '/home/luca/topic-highlight/exam_ws/install/pmb2_laser_sensors/share/pmb2_laser_sensors/hook/cmake_prefix_path.sh'
[1.582s] Level 1:colcon.colcon_core.environment:checking '/home/luca/topic-highlight/exam_ws/install/pmb2_laser_sensors/bin'
[1.582s] Level 1:colcon.colcon_core.environment:checking '/home/luca/topic-highlight/exam_ws/install/pmb2_laser_sensors/lib/pkgconfig/pmb2_laser_sensors.pc'
[1.583s] Level 1:colcon.colcon_core.environment:checking '/home/luca/topic-highlight/exam_ws/install/pmb2_laser_sensors/lib/python3.10/site-packages'
[1.583s] Level 1:colcon.colcon_core.environment:checking '/home/luca/topic-highlight/exam_ws/install/pmb2_laser_sensors/bin'
[1.583s] INFO:colcon.colcon_core.shell:Creating package script '/home/luca/topic-highlight/exam_ws/install/pmb2_laser_sensors/share/pmb2_laser_sensors/package.ps1'
[1.584s] INFO:colcon.colcon_core.shell:Creating package descriptor '/home/luca/topic-highlight/exam_ws/install/pmb2_laser_sensors/share/pmb2_laser_sensors/package.dsv'
[1.584s] INFO:colcon.colcon_core.shell:Creating package script '/home/luca/topic-highlight/exam_ws/install/pmb2_laser_sensors/share/pmb2_laser_sensors/package.sh'
[1.585s] INFO:colcon.colcon_core.shell:Creating package script '/home/luca/topic-highlight/exam_ws/install/pmb2_laser_sensors/share/pmb2_laser_sensors/package.bash'
[1.586s] INFO:colcon.colcon_core.shell:Creating package script '/home/luca/topic-highlight/exam_ws/install/pmb2_laser_sensors/share/pmb2_laser_sensors/package.zsh'
[1.586s] Level 1:colcon.colcon_core.environment:create_file_with_runtime_dependencies(/home/luca/topic-highlight/exam_ws/install/pmb2_laser_sensors/share/colcon-core/packages/pmb2_laser_sensors)
[1.587s] Level 1:colcon.colcon_core.environment:create_environment_scripts_only(pmb2_laser_sensors)
[1.587s] Level 1:colcon.colcon_core.environment:checking '/home/luca/topic-highlight/exam_ws/install/pmb2_laser_sensors' for CMake module files
[1.588s] Level 1:colcon.colcon_core.environment:checking '/home/luca/topic-highlight/exam_ws/install/pmb2_laser_sensors' for CMake config files
[1.588s] Level 1:colcon.colcon_core.shell:create_environment_hook('pmb2_laser_sensors', 'cmake_prefix_path')
[1.588s] INFO:colcon.colcon_core.shell:Creating environment hook '/home/luca/topic-highlight/exam_ws/install/pmb2_laser_sensors/share/pmb2_laser_sensors/hook/cmake_prefix_path.ps1'
[1.589s] INFO:colcon.colcon_core.shell:Creating environment descriptor '/home/luca/topic-highlight/exam_ws/install/pmb2_laser_sensors/share/pmb2_laser_sensors/hook/cmake_prefix_path.dsv'
[1.589s] INFO:colcon.colcon_core.shell:Creating environment hook '/home/luca/topic-highlight/exam_ws/install/pmb2_laser_sensors/share/pmb2_laser_sensors/hook/cmake_prefix_path.sh'
[1.590s] Level 1:colcon.colcon_core.environment:checking '/home/luca/topic-highlight/exam_ws/install/pmb2_laser_sensors/bin'
[1.590s] Level 1:colcon.colcon_core.environment:checking '/home/luca/topic-highlight/exam_ws/install/pmb2_laser_sensors/lib/pkgconfig/pmb2_laser_sensors.pc'
[1.590s] Level 1:colcon.colcon_core.environment:checking '/home/luca/topic-highlight/exam_ws/install/pmb2_laser_sensors/lib/python3.10/site-packages'
[1.591s] Level 1:colcon.colcon_core.environment:checking '/home/luca/topic-highlight/exam_ws/install/pmb2_laser_sensors/bin'
[1.591s] INFO:colcon.colcon_core.shell:Creating package script '/home/luca/topic-highlight/exam_ws/install/pmb2_laser_sensors/share/pmb2_laser_sensors/package.ps1'
[1.592s] INFO:colcon.colcon_core.shell:Creating package descriptor '/home/luca/topic-highlight/exam_ws/install/pmb2_laser_sensors/share/pmb2_laser_sensors/package.dsv'
[1.592s] INFO:colcon.colcon_core.shell:Creating package script '/home/luca/topic-highlight/exam_ws/install/pmb2_laser_sensors/share/pmb2_laser_sensors/package.sh'
[1.593s] INFO:colcon.colcon_core.shell:Creating package script '/home/luca/topic-highlight/exam_ws/install/pmb2_laser_sensors/share/pmb2_laser_sensors/package.bash'
[1.593s] INFO:colcon.colcon_core.shell:Creating package script '/home/luca/topic-highlight/exam_ws/install/pmb2_laser_sensors/share/pmb2_laser_sensors/package.zsh'
[1.594s] Level 1:colcon.colcon_core.environment:create_file_with_runtime_dependencies(/home/luca/topic-highlight/exam_ws/install/pmb2_laser_sensors/share/colcon-core/packages/pmb2_laser_sensors)
[1.594s] INFO:colcon.colcon_ros.task.ament_cmake.build:Building ROS package in '/home/luca/topic-highlight/exam_ws/src/pmb2_navigation/pmb2_2dnav' with build type 'ament_cmake'
[1.595s] INFO:colcon.colcon_cmake.task.cmake.build:Building CMake package in '/home/luca/topic-highlight/exam_ws/src/pmb2_navigation/pmb2_2dnav'
[1.595s] INFO:colcon.colcon_core.shell:Skip shell extension 'powershell' for command environment: Not usable outside of PowerShell
[1.595s] DEBUG:colcon.colcon_core.shell:Skip shell extension 'dsv' for command environment
[1.599s] INFO:colcon.colcon_ros.task.ament_cmake.build:Building ROS package in '/home/luca/topic-highlight/exam_ws/src/tiago_navigation/tiago_laser_sensors' with build type 'ament_cmake'
[1.599s] INFO:colcon.colcon_cmake.task.cmake.build:Building CMake package in '/home/luca/topic-highlight/exam_ws/src/tiago_navigation/tiago_laser_sensors'
[1.599s] INFO:colcon.colcon_core.shell:Skip shell extension 'powershell' for command environment: Not usable outside of PowerShell
[1.599s] DEBUG:colcon.colcon_core.shell:Skip shell extension 'dsv' for command environment
[1.603s] DEBUG:colcon.colcon_core.event_handler.log_command:Invoked command in '/home/luca/topic-highlight/exam_ws/build/pal_gazebo_worlds' returned '0': CMAKE_PREFIX_PATH=/opt/ros/humble /usr/bin/cmake /home/luca/topic-highlight/exam_ws/src/pal_gazebo_worlds -DCMAKE_INSTALL_PREFIX=/home/luca/topic-highlight/exam_ws/install/pal_gazebo_worlds
[1.605s] DEBUG:colcon.colcon_core.event_handler.log_command:Invoking command in '/home/luca/topic-highlight/exam_ws/build/pal_gazebo_worlds': CMAKE_PREFIX_PATH=/opt/ros/humble /usr/bin/cmake --build /home/luca/topic-highlight/exam_ws/build/pal_gazebo_worlds -- -j20 -l20
[1.610s] DEBUG:colcon.colcon_core.event_handler.log_command:Invoking command in '/home/luca/topic-highlight/exam_ws/build/pmb2_2dnav': AMENT_PREFIX_PATH=/home/luca/topic-highlight/exam_ws/install/pmb2_maps:/home/luca/topic-highlight/exam_ws/install/pmb2_laser_sensors:${AMENT_PREFIX_PATH} CMAKE_PREFIX_PATH=/home/luca/topic-highlight/exam_ws/install/pmb2_maps:/home/luca/topic-highlight/exam_ws/install/pmb2_laser_sensors:/opt/ros/humble /usr/bin/cmake /home/luca/topic-highlight/exam_ws/src/pmb2_navigation/pmb2_2dnav -DCMAKE_INSTALL_PREFIX=/home/luca/topic-highlight/exam_ws/install/pmb2_2dnav
[1.612s] DEBUG:colcon.colcon_core.event_handler.log_command:Invoking command in '/home/luca/topic-highlight/exam_ws/build/tiago_laser_sensors': AMENT_PREFIX_PATH=/home/luca/topic-highlight/exam_ws/install/pmb2_laser_sensors:${AMENT_PREFIX_PATH} CMAKE_PREFIX_PATH=/home/luca/topic-highlight/exam_ws/install/pmb2_laser_sensors:/opt/ros/humble /usr/bin/cmake /home/luca/topic-highlight/exam_ws/src/tiago_navigation/tiago_laser_sensors -DCMAKE_INSTALL_PREFIX=/home/luca/topic-highlight/exam_ws/install/tiago_laser_sensors
[1.641s] DEBUG:colcon.colcon_core.event_handler.log_command:Invoked command in '/home/luca/topic-highlight/exam_ws/build/pal_gazebo_worlds' returned '0': CMAKE_PREFIX_PATH=/opt/ros/humble /usr/bin/cmake --build /home/luca/topic-highlight/exam_ws/build/pal_gazebo_worlds -- -j20 -l20
[1.643s] DEBUG:colcon.colcon_core.event_handler.log_command:Invoking command in '/home/luca/topic-highlight/exam_ws/build/pal_gazebo_worlds': CMAKE_PREFIX_PATH=/opt/ros/humble /usr/bin/cmake --install /home/luca/topic-highlight/exam_ws/build/pal_gazebo_worlds
[1.709s] Level 1:colcon.colcon_core.environment:checking '/home/luca/topic-highlight/exam_ws/install/launch_pal' for CMake module files
[1.711s] DEBUG:colcon.colcon_core.event_handler.log_command:Invoked command in '/home/luca/topic-highlight/exam_ws/src/launch_pal' returned '0': PYTHONPATH=/home/luca/topic-highlight/exam_ws/build/launch_pal/prefix_override:/usr/lib/python3/dist-packages/colcon_core/task/python/colcon_distutils_commands:/home/luca/topic-highlight/exam_ws/install/launch_pal/lib/python3.10/site-packages:${PYTHONPATH} /usr/bin/python3 -W ignore:setup.py install is deprecated -W ignore:easy_install command is deprecated setup.py egg_info --egg-base ../../build/launch_pal build --build-base /home/luca/topic-highlight/exam_ws/build/launch_pal/build install --record /home/luca/topic-highlight/exam_ws/build/launch_pal/install.log --single-version-externally-managed install_data
[1.712s] Level 1:colcon.colcon_core.environment:checking '/home/luca/topic-highlight/exam_ws/install/launch_pal' for CMake config files
[1.717s] Level 1:colcon.colcon_core.environment:checking '/home/luca/topic-highlight/exam_ws/install/launch_pal/lib'
[1.718s] Level 1:colcon.colcon_core.environment:checking '/home/luca/topic-highlight/exam_ws/install/launch_pal/bin'
[1.718s] Level 1:colcon.colcon_core.environment:checking '/home/luca/topic-highlight/exam_ws/install/launch_pal/lib/pkgconfig/launch_pal.pc'
[1.719s] Level 1:colcon.colcon_core.environment:checking '/home/luca/topic-highlight/exam_ws/install/launch_pal/lib/python3.10/site-packages'
[1.719s] Level 1:colcon.colcon_core.shell:create_environment_hook('launch_pal', 'pythonpath')
[1.719s] INFO:colcon.colcon_core.shell:Creating environment hook '/home/luca/topic-highlight/exam_ws/install/launch_pal/share/launch_pal/hook/pythonpath.ps1'
[1.719s] INFO:colcon.colcon_core.shell:Creating environment descriptor '/home/luca/topic-highlight/exam_ws/install/launch_pal/share/launch_pal/hook/pythonpath.dsv'
[1.720s] INFO:colcon.colcon_core.shell:Creating environment hook '/home/luca/topic-highlight/exam_ws/install/launch_pal/share/launch_pal/hook/pythonpath.sh'
[1.720s] Level 1:colcon.colcon_core.environment:checking '/home/luca/topic-highlight/exam_ws/install/launch_pal/bin'
[1.720s] Level 1:colcon.colcon_core.environment:create_environment_scripts_only(launch_pal)
[1.720s] INFO:colcon.colcon_core.shell:Creating package script '/home/luca/topic-highlight/exam_ws/install/launch_pal/share/launch_pal/package.ps1'
[1.721s] INFO:colcon.colcon_core.shell:Creating package descriptor '/home/luca/topic-highlight/exam_ws/install/launch_pal/share/launch_pal/package.dsv'
[1.721s] INFO:colcon.colcon_core.shell:Creating package script '/home/luca/topic-highlight/exam_ws/install/launch_pal/share/launch_pal/package.sh'
[1.722s] INFO:colcon.colcon_core.shell:Creating package script '/home/luca/topic-highlight/exam_ws/install/launch_pal/share/launch_pal/package.bash'
[1.723s] INFO:colcon.colcon_core.shell:Creating package script '/home/luca/topic-highlight/exam_ws/install/launch_pal/share/launch_pal/package.zsh'
[1.725s] Level 1:colcon.colcon_core.environment:create_file_with_runtime_dependencies(/home/luca/topic-highlight/exam_ws/install/launch_pal/share/colcon-core/packages/launch_pal)
[1.726s] INFO:colcon.colcon_ros.task.ament_cmake.build:Building ROS package in '/home/luca/topic-highlight/exam_ws/src/pmb2_robot/pmb2_controller_configuration' with build type 'ament_cmake'
[1.726s] INFO:colcon.colcon_cmake.task.cmake.build:Building CMake package in '/home/luca/topic-highlight/exam_ws/src/pmb2_robot/pmb2_controller_configuration'
[1.727s] INFO:colcon.colcon_core.shell:Skip shell extension 'powershell' for command environment: Not usable outside of PowerShell
[1.727s] DEBUG:colcon.colcon_core.shell:Skip shell extension 'dsv' for command environment
[1.732s] INFO:colcon.colcon_ros.task.ament_cmake.build:Building ROS package in '/home/luca/topic-highlight/exam_ws/src/tiago_robot/tiago_controller_configuration' with build type 'ament_cmake'
[1.732s] INFO:colcon.colcon_cmake.task.cmake.build:Building CMake package in '/home/luca/topic-highlight/exam_ws/src/tiago_robot/tiago_controller_configuration'
[1.733s] INFO:colcon.colcon_core.shell:Skip shell extension 'powershell' for command environment: Not usable outside of PowerShell
[1.733s] DEBUG:colcon.colcon_core.shell:Skip shell extension 'dsv' for command environment
[1.739s] INFO:colcon.colcon_ros.task.ament_cmake.build:Building ROS package in '/home/luca/topic-highlight/exam_ws/src/tiago_navigation/tiago_2dnav' with build type 'ament_cmake'
[1.739s] INFO:colcon.colcon_cmake.task.cmake.build:Building CMake package in '/home/luca/topic-highlight/exam_ws/src/tiago_navigation/tiago_2dnav'
[1.740s] INFO:colcon.colcon_core.shell:Skip shell extension 'powershell' for command environment: Not usable outside of PowerShell
[1.740s] DEBUG:colcon.colcon_core.shell:Skip shell extension 'dsv' for command environment
[1.745s] INFO:colcon.colcon_ros.task.ament_cmake.build:Building ROS package in '/home/luca/topic-highlight/exam_ws/src/pal_navigation_cfg_public/pal_navigation_cfg_bringup' with build type 'ament_cmake'
[1.745s] INFO:colcon.colcon_cmake.task.cmake.build:Building CMake package in '/home/luca/topic-highlight/exam_ws/src/pal_navigation_cfg_public/pal_navigation_cfg_bringup'
[1.746s] INFO:colcon.colcon_core.shell:Skip shell extension 'powershell' for command environment: Not usable outside of PowerShell
[1.746s] DEBUG:colcon.colcon_core.shell:Skip shell extension 'dsv' for command environment
[1.760s] DEBUG:colcon.colcon_core.event_handler.log_command:Invoking command in '/home/luca/topic-highlight/exam_ws/build/pmb2_controller_configuration': AMENT_PREFIX_PATH=/home/luca/topic-highlight/exam_ws/install/launch_pal:${AMENT_PREFIX_PATH} CMAKE_PREFIX_PATH=/opt/ros/humble PYTHONPATH=/home/luca/topic-highlight/exam_ws/install/launch_pal/lib/python3.10/site-packages:${PYTHONPATH} /usr/bin/cmake /home/luca/topic-highlight/exam_ws/src/pmb2_robot/pmb2_controller_configuration -DCMAKE_INSTALL_PREFIX=/home/luca/topic-highlight/exam_ws/install/pmb2_controller_configuration
[1.764s] DEBUG:colcon.colcon_core.event_handler.log_command:Invoking command in '/home/luca/topic-highlight/exam_ws/build/tiago_controller_configuration': AMENT_PREFIX_PATH=/home/luca/topic-highlight/exam_ws/install/pal_robotiq_controller_configuration:/home/luca/topic-highlight/exam_ws/install/pal_hey5_controller_configuration:/home/luca/topic-highlight/exam_ws/install/pal_gripper_controller_configuration:/home/luca/topic-highlight/exam_ws/install/launch_pal:${AMENT_PREFIX_PATH} CMAKE_PREFIX_PATH=/home/luca/topic-highlight/exam_ws/install/pal_robotiq_controller_configuration:/home/luca/topic-highlight/exam_ws/install/pal_hey5_controller_configuration:/home/luca/topic-highlight/exam_ws/install/pal_gripper_controller_configuration:/opt/ros/humble PYTHONPATH=/home/luca/topic-highlight/exam_ws/install/launch_pal/lib/python3.10/site-packages:${PYTHONPATH} /usr/bin/cmake /home/luca/topic-highlight/exam_ws/src/tiago_robot/tiago_controller_configuration -DCMAKE_INSTALL_PREFIX=/home/luca/topic-highlight/exam_ws/install/tiago_controller_configuration
[1.770s] DEBUG:colcon.colcon_core.event_handler.log_command:Invoking command in '/home/luca/topic-highlight/exam_ws/build/tiago_2dnav': AMENT_PREFIX_PATH=/home/luca/topic-highlight/exam_ws/install/pmb2_maps:/home/luca/topic-highlight/exam_ws/install/launch_pal:${AMENT_PREFIX_PATH} CMAKE_PREFIX_PATH=/home/luca/topic-highlight/exam_ws/install/pmb2_maps:/opt/ros/humble PYTHONPATH=/home/luca/topic-highlight/exam_ws/install/launch_pal/lib/python3.10/site-packages:${PYTHONPATH} /usr/bin/cmake /home/luca/topic-highlight/exam_ws/src/tiago_navigation/tiago_2dnav -DCMAKE_INSTALL_PREFIX=/home/luca/topic-highlight/exam_ws/install/tiago_2dnav
[1.775s] DEBUG:colcon.colcon_core.event_handler.log_command:Invoking command in '/home/luca/topic-highlight/exam_ws/build/pal_navigation_cfg_bringup': AMENT_PREFIX_PATH=/home/luca/topic-highlight/exam_ws/install/pal_navigation_cfg_params:/home/luca/topic-highlight/exam_ws/install/launch_pal:${AMENT_PREFIX_PATH} CMAKE_PREFIX_PATH=/home/luca/topic-highlight/exam_ws/install/pal_navigation_cfg_params:/opt/ros/humble PYTHONPATH=/home/luca/topic-highlight/exam_ws/install/launch_pal/lib/python3.10/site-packages:${PYTHONPATH} /usr/bin/cmake /home/luca/topic-highlight/exam_ws/src/pal_navigation_cfg_public/pal_navigation_cfg_bringup -DCMAKE_INSTALL_PREFIX=/home/luca/topic-highlight/exam_ws/install/pal_navigation_cfg_bringup
[1.856s] DEBUG:colcon.colcon_core.event_handler.log_command:Invoked command in '/home/luca/topic-highlight/exam_ws/build/urdf_test' returned '0': CMAKE_PREFIX_PATH=/opt/ros/humble /usr/bin/cmake --build /home/luca/topic-highlight/exam_ws/build/urdf_test -- -j20 -l20
[1.856s] DEBUG:colcon.colcon_core.event_handler.log_command:Invoking command in '/home/luca/topic-highlight/exam_ws/build/urdf_test': CMAKE_PREFIX_PATH=/opt/ros/humble /usr/bin/cmake --install /home/luca/topic-highlight/exam_ws/build/urdf_test
[1.888s] Level 1:colcon.colcon_core.environment:create_environment_scripts_only(pal_gazebo_worlds)
[1.889s] Level 1:colcon.colcon_core.environment:checking '/home/luca/topic-highlight/exam_ws/install/pal_gazebo_worlds' for CMake module files
[1.891s] DEBUG:colcon.colcon_core.event_handler.log_command:Invoked command in '/home/luca/topic-highlight/exam_ws/build/pal_gazebo_worlds' returned '0': CMAKE_PREFIX_PATH=/opt/ros/humble /usr/bin/cmake --install /home/luca/topic-highlight/exam_ws/build/pal_gazebo_worlds
[1.891s] Level 1:colcon.colcon_core.environment:checking '/home/luca/topic-highlight/exam_ws/install/pal_gazebo_worlds' for CMake config files
[1.893s] Level 1:colcon.colcon_core.shell:create_environment_hook('pal_gazebo_worlds', 'cmake_prefix_path')
[1.893s] INFO:colcon.colcon_core.shell:Creating environment hook '/home/luca/topic-highlight/exam_ws/install/pal_gazebo_worlds/share/pal_gazebo_worlds/hook/cmake_prefix_path.ps1'
[1.894s] INFO:colcon.colcon_core.shell:Creating environment descriptor '/home/luca/topic-highlight/exam_ws/install/pal_gazebo_worlds/share/pal_gazebo_worlds/hook/cmake_prefix_path.dsv'
[1.894s] INFO:colcon.colcon_core.shell:Creating environment hook '/home/luca/topic-highlight/exam_ws/install/pal_gazebo_worlds/share/pal_gazebo_worlds/hook/cmake_prefix_path.sh'
[1.895s] Level 1:colcon.colcon_core.environment:checking '/home/luca/topic-highlight/exam_ws/install/pal_gazebo_worlds/bin'
[1.895s] Level 1:colcon.colcon_core.environment:checking '/home/luca/topic-highlight/exam_ws/install/pal_gazebo_worlds/lib/pkgconfig/pal_gazebo_worlds.pc'
[1.895s] Level 1:colcon.colcon_core.environment:checking '/home/luca/topic-highlight/exam_ws/install/pal_gazebo_worlds/lib/python3.10/site-packages'
[1.895s] Level 1:colcon.colcon_core.environment:checking '/home/luca/topic-highlight/exam_ws/install/pal_gazebo_worlds/bin'
[1.896s] INFO:colcon.colcon_core.shell:Creating package script '/home/luca/topic-highlight/exam_ws/install/pal_gazebo_worlds/share/pal_gazebo_worlds/package.ps1'
[1.896s] INFO:colcon.colcon_core.shell:Creating package descriptor '/home/luca/topic-highlight/exam_ws/install/pal_gazebo_worlds/share/pal_gazebo_worlds/package.dsv'
[1.897s] INFO:colcon.colcon_core.shell:Creating package script '/home/luca/topic-highlight/exam_ws/install/pal_gazebo_worlds/share/pal_gazebo_worlds/package.sh'
[1.898s] INFO:colcon.colcon_core.shell:Creating package script '/home/luca/topic-highlight/exam_ws/install/pal_gazebo_worlds/share/pal_gazebo_worlds/package.bash'
[1.898s] INFO:colcon.colcon_core.shell:Creating package script '/home/luca/topic-highlight/exam_ws/install/pal_gazebo_worlds/share/pal_gazebo_worlds/package.zsh'
[1.898s] Level 1:colcon.colcon_core.environment:create_file_with_runtime_dependencies(/home/luca/topic-highlight/exam_ws/install/pal_gazebo_worlds/share/colcon-core/packages/pal_gazebo_worlds)
[1.899s] Level 1:colcon.colcon_core.environment:create_environment_scripts_only(pal_gazebo_worlds)
[1.899s] Level 1:colcon.colcon_core.environment:checking '/home/luca/topic-highlight/exam_ws/install/pal_gazebo_worlds' for CMake module files
[1.899s] Level 1:colcon.colcon_core.environment:checking '/home/luca/topic-highlight/exam_ws/install/pal_gazebo_worlds' for CMake config files
[1.900s] Level 1:colcon.colcon_core.shell:create_environment_hook('pal_gazebo_worlds', 'cmake_prefix_path')
[1.900s] INFO:colcon.colcon_core.shell:Creating environment hook '/home/luca/topic-highlight/exam_ws/install/pal_gazebo_worlds/share/pal_gazebo_worlds/hook/cmake_prefix_path.ps1'
[1.900s] INFO:colcon.colcon_core.shell:Creating environment descriptor '/home/luca/topic-highlight/exam_ws/install/pal_gazebo_worlds/share/pal_gazebo_worlds/hook/cmake_prefix_path.dsv'
[1.900s] INFO:colcon.colcon_core.shell:Creating environment hook '/home/luca/topic-highlight/exam_ws/install/pal_gazebo_worlds/share/pal_gazebo_worlds/hook/cmake_prefix_path.sh'
[1.901s] Level 1:colcon.colcon_core.environment:checking '/home/luca/topic-highlight/exam_ws/install/pal_gazebo_worlds/bin'
[1.901s] Level 1:colcon.colcon_core.environment:checking '/home/luca/topic-highlight/exam_ws/install/pal_gazebo_worlds/lib/pkgconfig/pal_gazebo_worlds.pc'
[1.901s] Level 1:colcon.colcon_core.environment:checking '/home/luca/topic-highlight/exam_ws/install/pal_gazebo_worlds/lib/python3.10/site-packages'
[1.901s] Level 1:colcon.colcon_core.environment:checking '/home/luca/topic-highlight/exam_ws/install/pal_gazebo_worlds/bin'
[1.901s] INFO:colcon.colcon_core.shell:Creating package script '/home/luca/topic-highlight/exam_ws/install/pal_gazebo_worlds/share/pal_gazebo_worlds/package.ps1'
[1.902s] INFO:colcon.colcon_core.shell:Creating package descriptor '/home/luca/topic-highlight/exam_ws/install/pal_gazebo_worlds/share/pal_gazebo_worlds/package.dsv'
[1.903s] INFO:colcon.colcon_core.shell:Creating package script '/home/luca/topic-highlight/exam_ws/install/pal_gazebo_worlds/share/pal_gazebo_worlds/package.sh'
[1.904s] INFO:colcon.colcon_core.shell:Creating package script '/home/luca/topic-highlight/exam_ws/install/pal_gazebo_worlds/share/pal_gazebo_worlds/package.bash'
[1.904s] INFO:colcon.colcon_core.shell:Creating package script '/home/luca/topic-highlight/exam_ws/install/pal_gazebo_worlds/share/pal_gazebo_worlds/package.zsh'
[1.905s] Level 1:colcon.colcon_core.environment:create_file_with_runtime_dependencies(/home/luca/topic-highlight/exam_ws/install/pal_gazebo_worlds/share/colcon-core/packages/pal_gazebo_worlds)
[1.924s] Level 1:colcon.colcon_core.environment:create_environment_scripts_only(urdf_test)
[1.925s] Level 1:colcon.colcon_core.environment:checking '/home/luca/topic-highlight/exam_ws/install/urdf_test' for CMake module files
[1.926s] DEBUG:colcon.colcon_core.event_handler.log_command:Invoked command in '/home/luca/topic-highlight/exam_ws/build/urdf_test' returned '0': CMAKE_PREFIX_PATH=/opt/ros/humble /usr/bin/cmake --install /home/luca/topic-highlight/exam_ws/build/urdf_test
[1.926s] Level 1:colcon.colcon_core.environment:checking '/home/luca/topic-highlight/exam_ws/install/urdf_test' for CMake config files
[1.927s] Level 1:colcon.colcon_core.shell:create_environment_hook('urdf_test', 'cmake_prefix_path')
[1.927s] INFO:colcon.colcon_core.shell:Creating environment hook '/home/luca/topic-highlight/exam_ws/install/urdf_test/share/urdf_test/hook/cmake_prefix_path.ps1'
[1.928s] INFO:colcon.colcon_core.shell:Creating environment descriptor '/home/luca/topic-highlight/exam_ws/install/urdf_test/share/urdf_test/hook/cmake_prefix_path.dsv'
[1.928s] INFO:colcon.colcon_core.shell:Creating environment hook '/home/luca/topic-highlight/exam_ws/install/urdf_test/share/urdf_test/hook/cmake_prefix_path.sh'
[1.929s] Level 1:colcon.colcon_core.environment:checking '/home/luca/topic-highlight/exam_ws/install/urdf_test/lib'
[1.929s] Level 1:colcon.colcon_core.environment:checking '/home/luca/topic-highlight/exam_ws/install/urdf_test/bin'
[1.929s] Level 1:colcon.colcon_core.environment:checking '/home/luca/topic-highlight/exam_ws/install/urdf_test/lib/pkgconfig/urdf_test.pc'
[1.929s] Level 1:colcon.colcon_core.environment:checking '/home/luca/topic-highlight/exam_ws/install/urdf_test/lib/python3.10/site-packages'
[1.930s] Level 1:colcon.colcon_core.environment:checking '/home/luca/topic-highlight/exam_ws/install/urdf_test/bin'
[1.930s] INFO:colcon.colcon_core.shell:Creating package script '/home/luca/topic-highlight/exam_ws/install/urdf_test/share/urdf_test/package.ps1'
[1.931s] INFO:colcon.colcon_core.shell:Creating package descriptor '/home/luca/topic-highlight/exam_ws/install/urdf_test/share/urdf_test/package.dsv'
[1.931s] INFO:colcon.colcon_core.shell:Creating package script '/home/luca/topic-highlight/exam_ws/install/urdf_test/share/urdf_test/package.sh'
[1.932s] INFO:colcon.colcon_core.shell:Creating package script '/home/luca/topic-highlight/exam_ws/install/urdf_test/share/urdf_test/package.bash'
[1.932s] INFO:colcon.colcon_core.shell:Creating package script '/home/luca/topic-highlight/exam_ws/install/urdf_test/share/urdf_test/package.zsh'
[1.933s] Level 1:colcon.colcon_core.environment:create_file_with_runtime_dependencies(/home/luca/topic-highlight/exam_ws/install/urdf_test/share/colcon-core/packages/urdf_test)
[1.934s] Level 1:colcon.colcon_core.environment:create_environment_scripts_only(urdf_test)
[1.934s] Level 1:colcon.colcon_core.environment:checking '/home/luca/topic-highlight/exam_ws/install/urdf_test' for CMake module files
[1.934s] Level 1:colcon.colcon_core.environment:checking '/home/luca/topic-highlight/exam_ws/install/urdf_test' for CMake config files
[1.934s] Level 1:colcon.colcon_core.shell:create_environment_hook('urdf_test', 'cmake_prefix_path')
[1.935s] INFO:colcon.colcon_core.shell:Creating environment hook '/home/luca/topic-highlight/exam_ws/install/urdf_test/share/urdf_test/hook/cmake_prefix_path.ps1'
[1.935s] INFO:colcon.colcon_core.shell:Creating environment descriptor '/home/luca/topic-highlight/exam_ws/install/urdf_test/share/urdf_test/hook/cmake_prefix_path.dsv'
[1.935s] INFO:colcon.colcon_core.shell:Creating environment hook '/home/luca/topic-highlight/exam_ws/install/urdf_test/share/urdf_test/hook/cmake_prefix_path.sh'
[1.936s] Level 1:colcon.colcon_core.environment:checking '/home/luca/topic-highlight/exam_ws/install/urdf_test/lib'
[1.936s] Level 1:colcon.colcon_core.environment:checking '/home/luca/topic-highlight/exam_ws/install/urdf_test/bin'
[1.936s] Level 1:colcon.colcon_core.environment:checking '/home/luca/topic-highlight/exam_ws/install/urdf_test/lib/pkgconfig/urdf_test.pc'
[1.936s] Level 1:colcon.colcon_core.environment:checking '/home/luca/topic-highlight/exam_ws/install/urdf_test/lib/python3.10/site-packages'
[1.936s] Level 1:colcon.colcon_core.environment:checking '/home/luca/topic-highlight/exam_ws/install/urdf_test/bin'
[1.937s] INFO:colcon.colcon_core.shell:Creating package script '/home/luca/topic-highlight/exam_ws/install/urdf_test/share/urdf_test/package.ps1'
[1.938s] INFO:colcon.colcon_core.shell:Creating package descriptor '/home/luca/topic-highlight/exam_ws/install/urdf_test/share/urdf_test/package.dsv'
[1.938s] INFO:colcon.colcon_core.shell:Creating package script '/home/luca/topic-highlight/exam_ws/install/urdf_test/share/urdf_test/package.sh'
[1.939s] INFO:colcon.colcon_core.shell:Creating package script '/home/luca/topic-highlight/exam_ws/install/urdf_test/share/urdf_test/package.bash'
[1.939s] INFO:colcon.colcon_core.shell:Creating package script '/home/luca/topic-highlight/exam_ws/install/urdf_test/share/urdf_test/package.zsh'
[1.940s] Level 1:colcon.colcon_core.environment:create_file_with_runtime_dependencies(/home/luca/topic-highlight/exam_ws/install/urdf_test/share/colcon-core/packages/urdf_test)
[1.941s] INFO:colcon.colcon_ros.task.ament_cmake.build:Building ROS package in '/home/luca/topic-highlight/exam_ws/src/pal_gripper/pal_gripper_description' with build type 'ament_cmake'
[1.941s] INFO:colcon.colcon_cmake.task.cmake.build:Building CMake package in '/home/luca/topic-highlight/exam_ws/src/pal_gripper/pal_gripper_description'
[1.941s] INFO:colcon.colcon_core.shell:Skip shell extension 'powershell' for command environment: Not usable outside of PowerShell
[1.942s] DEBUG:colcon.colcon_core.shell:Skip shell extension 'dsv' for command environment
[1.956s] DEBUG:colcon.colcon_core.event_handler.log_command:Invoking command in '/home/luca/topic-highlight/exam_ws/build/pal_gripper_description': AMENT_PREFIX_PATH=/home/luca/topic-highlight/exam_ws/install/urdf_test:/home/luca/topic-highlight/exam_ws/install/pal_urdf_utils:${AMENT_PREFIX_PATH} CMAKE_PREFIX_PATH=/home/luca/topic-highlight/exam_ws/install/urdf_test:/home/luca/topic-highlight/exam_ws/install/pal_urdf_utils:/opt/ros/humble PYTHONPATH=/home/luca/topic-highlight/exam_ws/install/urdf_test/local/lib/python3.10/dist-packages:${PYTHONPATH} /usr/bin/cmake /home/luca/topic-highlight/exam_ws/src/pal_gripper/pal_gripper_description -DCMAKE_INSTALL_PREFIX=/home/luca/topic-highlight/exam_ws/install/pal_gripper_description
[2.154s] Level 1:colcon.colcon_core.environment:checking '/home/luca/topic-highlight/exam_ws/install/yolo_tiago' for CMake module files
[2.154s] DEBUG:colcon.colcon_core.event_handler.log_command:Invoked command in '/home/luca/topic-highlight/exam_ws/src/yolo_tiago' returned '0': PYTHONPATH=/home/luca/topic-highlight/exam_ws/build/yolo_tiago/prefix_override:/usr/lib/python3/dist-packages/colcon_core/task/python/colcon_distutils_commands:/home/luca/topic-highlight/exam_ws/install/yolo_tiago/lib/python3.10/site-packages:${PYTHONPATH} /usr/bin/python3 -W ignore:setup.py install is deprecated -W ignore:easy_install command is deprecated setup.py egg_info --egg-base ../../build/yolo_tiago build --build-base /home/luca/topic-highlight/exam_ws/build/yolo_tiago/build install --record /home/luca/topic-highlight/exam_ws/build/yolo_tiago/install.log --single-version-externally-managed install_data
[2.155s] Level 1:colcon.colcon_core.environment:checking '/home/luca/topic-highlight/exam_ws/install/yolo_tiago' for CMake config files
[2.156s] Level 1:colcon.colcon_core.environment:checking '/home/luca/topic-highlight/exam_ws/install/yolo_tiago/lib'
[2.156s] Level 1:colcon.colcon_core.environment:checking '/home/luca/topic-highlight/exam_ws/install/yolo_tiago/bin'
[2.156s] Level 1:colcon.colcon_core.environment:checking '/home/luca/topic-highlight/exam_ws/install/yolo_tiago/lib/pkgconfig/yolo_tiago.pc'
[2.156s] Level 1:colcon.colcon_core.environment:checking '/home/luca/topic-highlight/exam_ws/install/yolo_tiago/lib/python3.10/site-packages'
[2.156s] Level 1:colcon.colcon_core.shell:create_environment_hook('yolo_tiago', 'pythonpath')
[2.157s] INFO:colcon.colcon_core.shell:Creating environment hook '/home/luca/topic-highlight/exam_ws/install/yolo_tiago/share/yolo_tiago/hook/pythonpath.ps1'
[2.157s] INFO:colcon.colcon_core.shell:Creating environment descriptor '/home/luca/topic-highlight/exam_ws/install/yolo_tiago/share/yolo_tiago/hook/pythonpath.dsv'
[2.157s] INFO:colcon.colcon_core.shell:Creating environment hook '/home/luca/topic-highlight/exam_ws/install/yolo_tiago/share/yolo_tiago/hook/pythonpath.sh'
[2.158s] Level 1:colcon.colcon_core.environment:checking '/home/luca/topic-highlight/exam_ws/install/yolo_tiago/bin'
[2.158s] Level 1:colcon.colcon_core.environment:create_environment_scripts_only(yolo_tiago)
[2.158s] INFO:colcon.colcon_core.shell:Creating package script '/home/luca/topic-highlight/exam_ws/install/yolo_tiago/share/yolo_tiago/package.ps1'
[2.158s] INFO:colcon.colcon_core.shell:Creating package descriptor '/home/luca/topic-highlight/exam_ws/install/yolo_tiago/share/yolo_tiago/package.dsv'
[2.159s] INFO:colcon.colcon_core.shell:Creating package script '/home/luca/topic-highlight/exam_ws/install/yolo_tiago/share/yolo_tiago/package.sh'
[2.159s] INFO:colcon.colcon_core.shell:Creating package script '/home/luca/topic-highlight/exam_ws/install/yolo_tiago/share/yolo_tiago/package.bash'
[2.159s] INFO:colcon.colcon_core.shell:Creating package script '/home/luca/topic-highlight/exam_ws/install/yolo_tiago/share/yolo_tiago/package.zsh'
[2.159s] Level 1:colcon.colcon_core.environment:create_file_with_runtime_dependencies(/home/luca/topic-highlight/exam_ws/install/yolo_tiago/share/colcon-core/packages/yolo_tiago)
[2.296s] DEBUG:colcon.colcon_core.event_handler.log_command:Invoked command in '/home/luca/topic-highlight/exam_ws/build/pal_hey5_description' returned '0': AMENT_PREFIX_PATH=/home/luca/topic-highlight/exam_ws/install/pal_urdf_utils:${AMENT_PREFIX_PATH} CMAKE_PREFIX_PATH=/home/luca/topic-highlight/exam_ws/install/pal_urdf_utils:/opt/ros/humble /usr/bin/cmake /home/luca/topic-highlight/exam_ws/src/pal_hey5/pal_hey5_description -DCMAKE_INSTALL_PREFIX=/home/luca/topic-highlight/exam_ws/install/pal_hey5_description
[2.297s] DEBUG:colcon.colcon_core.event_handler.log_command:Invoking command in '/home/luca/topic-highlight/exam_ws/build/pal_hey5_description': AMENT_PREFIX_PATH=/home/luca/topic-highlight/exam_ws/install/pal_urdf_utils:${AMENT_PREFIX_PATH} CMAKE_PREFIX_PATH=/home/luca/topic-highlight/exam_ws/install/pal_urdf_utils:/opt/ros/humble /usr/bin/cmake --build /home/luca/topic-highlight/exam_ws/build/pal_hey5_description -- -j20 -l20
[2.333s] DEBUG:colcon.colcon_core.event_handler.log_command:Invoked command in '/home/luca/topic-highlight/exam_ws/build/pal_hey5_description' returned '0': AMENT_PREFIX_PATH=/home/luca/topic-highlight/exam_ws/install/pal_urdf_utils:${AMENT_PREFIX_PATH} CMAKE_PREFIX_PATH=/home/luca/topic-highlight/exam_ws/install/pal_urdf_utils:/opt/ros/humble /usr/bin/cmake --build /home/luca/topic-highlight/exam_ws/build/pal_hey5_description -- -j20 -l20
[2.335s] DEBUG:colcon.colcon_core.event_handler.log_command:Invoking command in '/home/luca/topic-highlight/exam_ws/build/pal_hey5_description': AMENT_PREFIX_PATH=/home/luca/topic-highlight/exam_ws/install/pal_urdf_utils:${AMENT_PREFIX_PATH} CMAKE_PREFIX_PATH=/home/luca/topic-highlight/exam_ws/install/pal_urdf_utils:/opt/ros/humble /usr/bin/cmake --install /home/luca/topic-highlight/exam_ws/build/pal_hey5_description
[2.354s] Level 1:colcon.colcon_core.environment:create_environment_scripts_only(pal_hey5_description)
[2.354s] Level 1:colcon.colcon_core.environment:checking '/home/luca/topic-highlight/exam_ws/install/pal_hey5_description' for CMake module files
[2.355s] DEBUG:colcon.colcon_core.event_handler.log_command:Invoked command in '/home/luca/topic-highlight/exam_ws/build/pal_hey5_description' returned '0': AMENT_PREFIX_PATH=/home/luca/topic-highlight/exam_ws/install/pal_urdf_utils:${AMENT_PREFIX_PATH} CMAKE_PREFIX_PATH=/home/luca/topic-highlight/exam_ws/install/pal_urdf_utils:/opt/ros/humble /usr/bin/cmake --install /home/luca/topic-highlight/exam_ws/build/pal_hey5_description
[2.356s] Level 1:colcon.colcon_core.environment:checking '/home/luca/topic-highlight/exam_ws/install/pal_hey5_description' for CMake config files
[2.356s] Level 1:colcon.colcon_core.shell:create_environment_hook('pal_hey5_description', 'cmake_prefix_path')
[2.356s] INFO:colcon.colcon_core.shell:Creating environment hook '/home/luca/topic-highlight/exam_ws/install/pal_hey5_description/share/pal_hey5_description/hook/cmake_prefix_path.ps1'
[2.357s] INFO:colcon.colcon_core.shell:Creating environment descriptor '/home/luca/topic-highlight/exam_ws/install/pal_hey5_description/share/pal_hey5_description/hook/cmake_prefix_path.dsv'
[2.357s] INFO:colcon.colcon_core.shell:Creating environment hook '/home/luca/topic-highlight/exam_ws/install/pal_hey5_description/share/pal_hey5_description/hook/cmake_prefix_path.sh'
[2.358s] Level 1:colcon.colcon_core.environment:checking '/home/luca/topic-highlight/exam_ws/install/pal_hey5_description/bin'
[2.358s] Level 1:colcon.colcon_core.environment:checking '/home/luca/topic-highlight/exam_ws/install/pal_hey5_description/lib/pkgconfig/pal_hey5_description.pc'
[2.358s] Level 1:colcon.colcon_core.environment:checking '/home/luca/topic-highlight/exam_ws/install/pal_hey5_description/lib/python3.10/site-packages'
[2.359s] Level 1:colcon.colcon_core.environment:checking '/home/luca/topic-highlight/exam_ws/install/pal_hey5_description/bin'
[2.359s] INFO:colcon.colcon_core.shell:Creating package script '/home/luca/topic-highlight/exam_ws/install/pal_hey5_description/share/pal_hey5_description/package.ps1'
[2.359s] INFO:colcon.colcon_core.shell:Creating package descriptor '/home/luca/topic-highlight/exam_ws/install/pal_hey5_description/share/pal_hey5_description/package.dsv'
[2.360s] INFO:colcon.colcon_core.shell:Creating package script '/home/luca/topic-highlight/exam_ws/install/pal_hey5_description/share/pal_hey5_description/package.sh'
[2.360s] INFO:colcon.colcon_core.shell:Creating package script '/home/luca/topic-highlight/exam_ws/install/pal_hey5_description/share/pal_hey5_description/package.bash'
[2.360s] INFO:colcon.colcon_core.shell:Creating package script '/home/luca/topic-highlight/exam_ws/install/pal_hey5_description/share/pal_hey5_description/package.zsh'
[2.360s] Level 1:colcon.colcon_core.environment:create_file_with_runtime_dependencies(/home/luca/topic-highlight/exam_ws/install/pal_hey5_description/share/colcon-core/packages/pal_hey5_description)
[2.361s] Level 1:colcon.colcon_core.environment:create_environment_scripts_only(pal_hey5_description)
[2.361s] Level 1:colcon.colcon_core.environment:checking '/home/luca/topic-highlight/exam_ws/install/pal_hey5_description' for CMake module files
[2.361s] Level 1:colcon.colcon_core.environment:checking '/home/luca/topic-highlight/exam_ws/install/pal_hey5_description' for CMake config files
[2.362s] Level 1:colcon.colcon_core.shell:create_environment_hook('pal_hey5_description', 'cmake_prefix_path')
[2.362s] INFO:colcon.colcon_core.shell:Creating environment hook '/home/luca/topic-highlight/exam_ws/install/pal_hey5_description/share/pal_hey5_description/hook/cmake_prefix_path.ps1'
[2.362s] INFO:colcon.colcon_core.shell:Creating environment descriptor '/home/luca/topic-highlight/exam_ws/install/pal_hey5_description/share/pal_hey5_description/hook/cmake_prefix_path.dsv'
[2.362s] INFO:colcon.colcon_core.shell:Creating environment hook '/home/luca/topic-highlight/exam_ws/install/pal_hey5_description/share/pal_hey5_description/hook/cmake_prefix_path.sh'
[2.363s] Level 1:colcon.colcon_core.environment:checking '/home/luca/topic-highlight/exam_ws/install/pal_hey5_description/bin'
[2.363s] Level 1:colcon.colcon_core.environment:checking '/home/luca/topic-highlight/exam_ws/install/pal_hey5_description/lib/pkgconfig/pal_hey5_description.pc'
[2.363s] Level 1:colcon.colcon_core.environment:checking '/home/luca/topic-highlight/exam_ws/install/pal_hey5_description/lib/python3.10/site-packages'
[2.363s] Level 1:colcon.colcon_core.environment:checking '/home/luca/topic-highlight/exam_ws/install/pal_hey5_description/bin'
[2.364s] INFO:colcon.colcon_core.shell:Creating package script '/home/luca/topic-highlight/exam_ws/install/pal_hey5_description/share/pal_hey5_description/package.ps1'
[2.364s] INFO:colcon.colcon_core.shell:Creating package descriptor '/home/luca/topic-highlight/exam_ws/install/pal_hey5_description/share/pal_hey5_description/package.dsv'
[2.364s] INFO:colcon.colcon_core.shell:Creating package script '/home/luca/topic-highlight/exam_ws/install/pal_hey5_description/share/pal_hey5_description/package.sh'
[2.365s] INFO:colcon.colcon_core.shell:Creating package script '/home/luca/topic-highlight/exam_ws/install/pal_hey5_description/share/pal_hey5_description/package.bash'
[2.365s] INFO:colcon.colcon_core.shell:Creating package script '/home/luca/topic-highlight/exam_ws/install/pal_hey5_description/share/pal_hey5_description/package.zsh'
[2.365s] Level 1:colcon.colcon_core.environment:create_file_with_runtime_dependencies(/home/luca/topic-highlight/exam_ws/install/pal_hey5_description/share/colcon-core/packages/pal_hey5_description)
[2.366s] INFO:colcon.colcon_ros.task.ament_cmake.build:Building ROS package in '/home/luca/topic-highlight/exam_ws/src/pal_hey5/pal_hey5' with build type 'ament_cmake'
[2.366s] INFO:colcon.colcon_cmake.task.cmake.build:Building CMake package in '/home/luca/topic-highlight/exam_ws/src/pal_hey5/pal_hey5'
[2.366s] INFO:colcon.colcon_core.shell:Skip shell extension 'powershell' for command environment: Not usable outside of PowerShell
[2.366s] DEBUG:colcon.colcon_core.shell:Skip shell extension 'dsv' for command environment
[2.378s] DEBUG:colcon.colcon_core.event_handler.log_command:Invoking command in '/home/luca/topic-highlight/exam_ws/build/pal_hey5': AMENT_PREFIX_PATH=/home/luca/topic-highlight/exam_ws/install/pal_hey5_description:/home/luca/topic-highlight/exam_ws/install/pal_urdf_utils:/home/luca/topic-highlight/exam_ws/install/pal_hey5_controller_configuration:${AMENT_PREFIX_PATH} CMAKE_PREFIX_PATH=/home/luca/topic-highlight/exam_ws/install/pal_hey5_description:/home/luca/topic-highlight/exam_ws/install/pal_urdf_utils:/home/luca/topic-highlight/exam_ws/install/pal_hey5_controller_configuration:/opt/ros/humble /usr/bin/cmake /home/luca/topic-highlight/exam_ws/src/pal_hey5/pal_hey5 -DCMAKE_INSTALL_PREFIX=/home/luca/topic-highlight/exam_ws/install/pal_hey5
[2.427s] DEBUG:colcon.colcon_core.event_handler.log_command:Invoked command in '/home/luca/topic-highlight/exam_ws/build/play_motion2_msgs' returned '0': CMAKE_PREFIX_PATH=/opt/ros/humble /usr/bin/cmake /home/luca/topic-highlight/exam_ws/src/play_motion2/play_motion2_msgs -DCMAKE_INSTALL_PREFIX=/home/luca/topic-highlight/exam_ws/install/play_motion2_msgs
[2.429s] DEBUG:colcon.colcon_core.event_handler.log_command:Invoking command in '/home/luca/topic-highlight/exam_ws/build/play_motion2_msgs': CMAKE_PREFIX_PATH=/opt/ros/humble /usr/bin/cmake --build /home/luca/topic-highlight/exam_ws/build/play_motion2_msgs -- -j20 -l20
[2.524s] DEBUG:colcon.colcon_core.event_handler.log_command:Invoked command in '/home/luca/topic-highlight/exam_ws/build/tiago_laser_sensors' returned '0': AMENT_PREFIX_PATH=/home/luca/topic-highlight/exam_ws/install/pmb2_laser_sensors:${AMENT_PREFIX_PATH} CMAKE_PREFIX_PATH=/home/luca/topic-highlight/exam_ws/install/pmb2_laser_sensors:/opt/ros/humble /usr/bin/cmake /home/luca/topic-highlight/exam_ws/src/tiago_navigation/tiago_laser_sensors -DCMAKE_INSTALL_PREFIX=/home/luca/topic-highlight/exam_ws/install/tiago_laser_sensors
[2.525s] DEBUG:colcon.colcon_core.event_handler.log_command:Invoking command in '/home/luca/topic-highlight/exam_ws/build/tiago_laser_sensors': AMENT_PREFIX_PATH=/home/luca/topic-highlight/exam_ws/install/pmb2_laser_sensors:${AMENT_PREFIX_PATH} CMAKE_PREFIX_PATH=/home/luca/topic-highlight/exam_ws/install/pmb2_laser_sensors:/opt/ros/humble /usr/bin/cmake --build /home/luca/topic-highlight/exam_ws/build/tiago_laser_sensors -- -j20 -l20
[2.556s] DEBUG:colcon.colcon_core.event_handler.log_command:Invoked command in '/home/luca/topic-highlight/exam_ws/build/tiago_laser_sensors' returned '0': AMENT_PREFIX_PATH=/home/luca/topic-highlight/exam_ws/install/pmb2_laser_sensors:${AMENT_PREFIX_PATH} CMAKE_PREFIX_PATH=/home/luca/topic-highlight/exam_ws/install/pmb2_laser_sensors:/opt/ros/humble /usr/bin/cmake --build /home/luca/topic-highlight/exam_ws/build/tiago_laser_sensors -- -j20 -l20
[2.558s] DEBUG:colcon.colcon_core.event_handler.log_command:Invoking command in '/home/luca/topic-highlight/exam_ws/build/tiago_laser_sensors': AMENT_PREFIX_PATH=/home/luca/topic-highlight/exam_ws/install/pmb2_laser_sensors:${AMENT_PREFIX_PATH} CMAKE_PREFIX_PATH=/home/luca/topic-highlight/exam_ws/install/pmb2_laser_sensors:/opt/ros/humble /usr/bin/cmake --install /home/luca/topic-highlight/exam_ws/build/tiago_laser_sensors
[2.567s] Level 1:colcon.colcon_core.environment:create_environment_scripts_only(tiago_laser_sensors)
[2.567s] Level 1:colcon.colcon_core.environment:checking '/home/luca/topic-highlight/exam_ws/install/tiago_laser_sensors' for CMake module files
[2.568s] DEBUG:colcon.colcon_core.event_handler.log_command:Invoked command in '/home/luca/topic-highlight/exam_ws/build/tiago_laser_sensors' returned '0': AMENT_PREFIX_PATH=/home/luca/topic-highlight/exam_ws/install/pmb2_laser_sensors:${AMENT_PREFIX_PATH} CMAKE_PREFIX_PATH=/home/luca/topic-highlight/exam_ws/install/pmb2_laser_sensors:/opt/ros/humble /usr/bin/cmake --install /home/luca/topic-highlight/exam_ws/build/tiago_laser_sensors
[2.568s] Level 1:colcon.colcon_core.environment:checking '/home/luca/topic-highlight/exam_ws/install/tiago_laser_sensors' for CMake config files
[2.569s] Level 1:colcon.colcon_core.shell:create_environment_hook('tiago_laser_sensors', 'cmake_prefix_path')
[2.569s] INFO:colcon.colcon_core.shell:Creating environment hook '/home/luca/topic-highlight/exam_ws/install/tiago_laser_sensors/share/tiago_laser_sensors/hook/cmake_prefix_path.ps1'
[2.569s] INFO:colcon.colcon_core.shell:Creating environment descriptor '/home/luca/topic-highlight/exam_ws/install/tiago_laser_sensors/share/tiago_laser_sensors/hook/cmake_prefix_path.dsv'
[2.569s] INFO:colcon.colcon_core.shell:Creating environment hook '/home/luca/topic-highlight/exam_ws/install/tiago_laser_sensors/share/tiago_laser_sensors/hook/cmake_prefix_path.sh'
[2.570s] Level 1:colcon.colcon_core.environment:checking '/home/luca/topic-highlight/exam_ws/install/tiago_laser_sensors/bin'
[2.570s] Level 1:colcon.colcon_core.environment:checking '/home/luca/topic-highlight/exam_ws/install/tiago_laser_sensors/lib/pkgconfig/tiago_laser_sensors.pc'
[2.570s] Level 1:colcon.colcon_core.environment:checking '/home/luca/topic-highlight/exam_ws/install/tiago_laser_sensors/lib/python3.10/site-packages'
[2.570s] Level 1:colcon.colcon_core.environment:checking '/home/luca/topic-highlight/exam_ws/install/tiago_laser_sensors/bin'
[2.571s] INFO:colcon.colcon_core.shell:Creating package script '/home/luca/topic-highlight/exam_ws/install/tiago_laser_sensors/share/tiago_laser_sensors/package.ps1'
[2.571s] INFO:colcon.colcon_core.shell:Creating package descriptor '/home/luca/topic-highlight/exam_ws/install/tiago_laser_sensors/share/tiago_laser_sensors/package.dsv'
[2.572s] INFO:colcon.colcon_core.shell:Creating package script '/home/luca/topic-highlight/exam_ws/install/tiago_laser_sensors/share/tiago_laser_sensors/package.sh'
[2.572s] INFO:colcon.colcon_core.shell:Creating package script '/home/luca/topic-highlight/exam_ws/install/tiago_laser_sensors/share/tiago_laser_sensors/package.bash'
[2.573s] INFO:colcon.colcon_core.shell:Creating package script '/home/luca/topic-highlight/exam_ws/install/tiago_laser_sensors/share/tiago_laser_sensors/package.zsh'
[2.574s] Level 1:colcon.colcon_core.environment:create_file_with_runtime_dependencies(/home/luca/topic-highlight/exam_ws/install/tiago_laser_sensors/share/colcon-core/packages/tiago_laser_sensors)
[2.574s] Level 1:colcon.colcon_core.environment:create_environment_scripts_only(tiago_laser_sensors)
[2.575s] Level 1:colcon.colcon_core.environment:checking '/home/luca/topic-highlight/exam_ws/install/tiago_laser_sensors' for CMake module files
[2.577s] Level 1:colcon.colcon_core.environment:checking '/home/luca/topic-highlight/exam_ws/install/tiago_laser_sensors' for CMake config files
[2.578s] Level 1:colcon.colcon_core.shell:create_environment_hook('tiago_laser_sensors', 'cmake_prefix_path')
[2.578s] INFO:colcon.colcon_core.shell:Creating environment hook '/home/luca/topic-highlight/exam_ws/install/tiago_laser_sensors/share/tiago_laser_sensors/hook/cmake_prefix_path.ps1'
[2.579s] INFO:colcon.colcon_core.shell:Creating environment descriptor '/home/luca/topic-highlight/exam_ws/install/tiago_laser_sensors/share/tiago_laser_sensors/hook/cmake_prefix_path.dsv'
[2.580s] INFO:colcon.colcon_core.shell:Creating environment hook '/home/luca/topic-highlight/exam_ws/install/tiago_laser_sensors/share/tiago_laser_sensors/hook/cmake_prefix_path.sh'
[2.581s] Level 1:colcon.colcon_core.environment:checking '/home/luca/topic-highlight/exam_ws/install/tiago_laser_sensors/bin'
[2.581s] Level 1:colcon.colcon_core.environment:checking '/home/luca/topic-highlight/exam_ws/install/tiago_laser_sensors/lib/pkgconfig/tiago_laser_sensors.pc'
[2.581s] Level 1:colcon.colcon_core.environment:checking '/home/luca/topic-highlight/exam_ws/install/tiago_laser_sensors/lib/python3.10/site-packages'
[2.582s] Level 1:colcon.colcon_core.environment:checking '/home/luca/topic-highlight/exam_ws/install/tiago_laser_sensors/bin'
[2.582s] INFO:colcon.colcon_core.shell:Creating package script '/home/luca/topic-highlight/exam_ws/install/tiago_laser_sensors/share/tiago_laser_sensors/package.ps1'
[2.583s] INFO:colcon.colcon_core.shell:Creating package descriptor '/home/luca/topic-highlight/exam_ws/install/tiago_laser_sensors/share/tiago_laser_sensors/package.dsv'
[2.583s] INFO:colcon.colcon_core.shell:Creating package script '/home/luca/topic-highlight/exam_ws/install/tiago_laser_sensors/share/tiago_laser_sensors/package.sh'
[2.584s] INFO:colcon.colcon_core.shell:Creating package script '/home/luca/topic-highlight/exam_ws/install/tiago_laser_sensors/share/tiago_laser_sensors/package.bash'
[2.584s] INFO:colcon.colcon_core.shell:Creating package script '/home/luca/topic-highlight/exam_ws/install/tiago_laser_sensors/share/tiago_laser_sensors/package.zsh'
[2.584s] Level 1:colcon.colcon_core.environment:create_file_with_runtime_dependencies(/home/luca/topic-highlight/exam_ws/install/tiago_laser_sensors/share/colcon-core/packages/tiago_laser_sensors)
[2.588s] DEBUG:colcon.colcon_core.event_handler.log_command:Invoked command in '/home/luca/topic-highlight/exam_ws/build/pmb2_2dnav' returned '0': AMENT_PREFIX_PATH=/home/luca/topic-highlight/exam_ws/install/pmb2_maps:/home/luca/topic-highlight/exam_ws/install/pmb2_laser_sensors:${AMENT_PREFIX_PATH} CMAKE_PREFIX_PATH=/home/luca/topic-highlight/exam_ws/install/pmb2_maps:/home/luca/topic-highlight/exam_ws/install/pmb2_laser_sensors:/opt/ros/humble /usr/bin/cmake /home/luca/topic-highlight/exam_ws/src/pmb2_navigation/pmb2_2dnav -DCMAKE_INSTALL_PREFIX=/home/luca/topic-highlight/exam_ws/install/pmb2_2dnav
[2.590s] DEBUG:colcon.colcon_core.event_handler.log_command:Invoking command in '/home/luca/topic-highlight/exam_ws/build/pmb2_2dnav': AMENT_PREFIX_PATH=/home/luca/topic-highlight/exam_ws/install/pmb2_maps:/home/luca/topic-highlight/exam_ws/install/pmb2_laser_sensors:${AMENT_PREFIX_PATH} CMAKE_PREFIX_PATH=/home/luca/topic-highlight/exam_ws/install/pmb2_maps:/home/luca/topic-highlight/exam_ws/install/pmb2_laser_sensors:/opt/ros/humble /usr/bin/cmake --build /home/luca/topic-highlight/exam_ws/build/pmb2_2dnav -- -j20 -l20
[2.591s] DEBUG:colcon.colcon_core.event_handler.log_command:Invoked command in '/home/luca/topic-highlight/exam_ws/build/pmb2_controller_configuration' returned '0': AMENT_PREFIX_PATH=/home/luca/topic-highlight/exam_ws/install/launch_pal:${AMENT_PREFIX_PATH} CMAKE_PREFIX_PATH=/opt/ros/humble PYTHONPATH=/home/luca/topic-highlight/exam_ws/install/launch_pal/lib/python3.10/site-packages:${PYTHONPATH} /usr/bin/cmake /home/luca/topic-highlight/exam_ws/src/pmb2_robot/pmb2_controller_configuration -DCMAKE_INSTALL_PREFIX=/home/luca/topic-highlight/exam_ws/install/pmb2_controller_configuration
[2.593s] DEBUG:colcon.colcon_core.event_handler.log_command:Invoking command in '/home/luca/topic-highlight/exam_ws/build/pmb2_controller_configuration': AMENT_PREFIX_PATH=/home/luca/topic-highlight/exam_ws/install/launch_pal:${AMENT_PREFIX_PATH} CMAKE_PREFIX_PATH=/opt/ros/humble PYTHONPATH=/home/luca/topic-highlight/exam_ws/install/launch_pal/lib/python3.10/site-packages:${PYTHONPATH} /usr/bin/cmake --build /home/luca/topic-highlight/exam_ws/build/pmb2_controller_configuration -- -j20 -l20
[2.613s] DEBUG:colcon.colcon_core.event_handler.log_command:Invoked command in '/home/luca/topic-highlight/exam_ws/build/tiago_2dnav' returned '0': AMENT_PREFIX_PATH=/home/luca/topic-highlight/exam_ws/install/pmb2_maps:/home/luca/topic-highlight/exam_ws/install/launch_pal:${AMENT_PREFIX_PATH} CMAKE_PREFIX_PATH=/home/luca/topic-highlight/exam_ws/install/pmb2_maps:/opt/ros/humble PYTHONPATH=/home/luca/topic-highlight/exam_ws/install/launch_pal/lib/python3.10/site-packages:${PYTHONPATH} /usr/bin/cmake /home/luca/topic-highlight/exam_ws/src/tiago_navigation/tiago_2dnav -DCMAKE_INSTALL_PREFIX=/home/luca/topic-highlight/exam_ws/install/tiago_2dnav
[2.615s] DEBUG:colcon.colcon_core.event_handler.log_command:Invoking command in '/home/luca/topic-highlight/exam_ws/build/tiago_2dnav': AMENT_PREFIX_PATH=/home/luca/topic-highlight/exam_ws/install/pmb2_maps:/home/luca/topic-highlight/exam_ws/install/launch_pal:${AMENT_PREFIX_PATH} CMAKE_PREFIX_PATH=/home/luca/topic-highlight/exam_ws/install/pmb2_maps:/opt/ros/humble PYTHONPATH=/home/luca/topic-highlight/exam_ws/install/launch_pal/lib/python3.10/site-packages:${PYTHONPATH} /usr/bin/cmake --build /home/luca/topic-highlight/exam_ws/build/tiago_2dnav -- -j20 -l20
[2.623s] DEBUG:colcon.colcon_core.event_handler.log_command:Invoked command in '/home/luca/topic-highlight/exam_ws/build/pmb2_controller_configuration' returned '0': AMENT_PREFIX_PATH=/home/luca/topic-highlight/exam_ws/install/launch_pal:${AMENT_PREFIX_PATH} CMAKE_PREFIX_PATH=/opt/ros/humble PYTHONPATH=/home/luca/topic-highlight/exam_ws/install/launch_pal/lib/python3.10/site-packages:${PYTHONPATH} /usr/bin/cmake --build /home/luca/topic-highlight/exam_ws/build/pmb2_controller_configuration -- -j20 -l20
[2.625s] DEBUG:colcon.colcon_core.event_handler.log_command:Invoking command in '/home/luca/topic-highlight/exam_ws/build/pmb2_controller_configuration': AMENT_PREFIX_PATH=/home/luca/topic-highlight/exam_ws/install/launch_pal:${AMENT_PREFIX_PATH} CMAKE_PREFIX_PATH=/opt/ros/humble PYTHONPATH=/home/luca/topic-highlight/exam_ws/install/launch_pal/lib/python3.10/site-packages:${PYTHONPATH} /usr/bin/cmake --install /home/luca/topic-highlight/exam_ws/build/pmb2_controller_configuration
[2.627s] DEBUG:colcon.colcon_core.event_handler.log_command:Invoked command in '/home/luca/topic-highlight/exam_ws/build/pmb2_2dnav' returned '0': AMENT_PREFIX_PATH=/home/luca/topic-highlight/exam_ws/install/pmb2_maps:/home/luca/topic-highlight/exam_ws/install/pmb2_laser_sensors:${AMENT_PREFIX_PATH} CMAKE_PREFIX_PATH=/home/luca/topic-highlight/exam_ws/install/pmb2_maps:/home/luca/topic-highlight/exam_ws/install/pmb2_laser_sensors:/opt/ros/humble /usr/bin/cmake --build /home/luca/topic-highlight/exam_ws/build/pmb2_2dnav -- -j20 -l20
[2.629s] DEBUG:colcon.colcon_core.event_handler.log_command:Invoking command in '/home/luca/topic-highlight/exam_ws/build/pmb2_2dnav': AMENT_PREFIX_PATH=/home/luca/topic-highlight/exam_ws/install/pmb2_maps:/home/luca/topic-highlight/exam_ws/install/pmb2_laser_sensors:${AMENT_PREFIX_PATH} CMAKE_PREFIX_PATH=/home/luca/topic-highlight/exam_ws/install/pmb2_maps:/home/luca/topic-highlight/exam_ws/install/pmb2_laser_sensors:/opt/ros/humble /usr/bin/cmake --install /home/luca/topic-highlight/exam_ws/build/pmb2_2dnav
[2.638s] Level 1:colcon.colcon_core.environment:create_environment_scripts_only(pmb2_controller_configuration)
[2.639s] DEBUG:colcon.colcon_core.event_handler.log_command:Invoked command in '/home/luca/topic-highlight/exam_ws/build/pmb2_controller_configuration' returned '0': AMENT_PREFIX_PATH=/home/luca/topic-highlight/exam_ws/install/launch_pal:${AMENT_PREFIX_PATH} CMAKE_PREFIX_PATH=/opt/ros/humble PYTHONPATH=/home/luca/topic-highlight/exam_ws/install/launch_pal/lib/python3.10/site-packages:${PYTHONPATH} /usr/bin/cmake --install /home/luca/topic-highlight/exam_ws/build/pmb2_controller_configuration
[2.639s] Level 1:colcon.colcon_core.environment:checking '/home/luca/topic-highlight/exam_ws/install/pmb2_controller_configuration' for CMake module files
[2.640s] Level 1:colcon.colcon_core.environment:checking '/home/luca/topic-highlight/exam_ws/install/pmb2_controller_configuration' for CMake config files
[2.640s] Level 1:colcon.colcon_core.shell:create_environment_hook('pmb2_controller_configuration', 'cmake_prefix_path')
[2.640s] INFO:colcon.colcon_core.shell:Creating environment hook '/home/luca/topic-highlight/exam_ws/install/pmb2_controller_configuration/share/pmb2_controller_configuration/hook/cmake_prefix_path.ps1'
[2.641s] INFO:colcon.colcon_core.shell:Creating environment descriptor '/home/luca/topic-highlight/exam_ws/install/pmb2_controller_configuration/share/pmb2_controller_configuration/hook/cmake_prefix_path.dsv'
[2.641s] INFO:colcon.colcon_core.shell:Creating environment hook '/home/luca/topic-highlight/exam_ws/install/pmb2_controller_configuration/share/pmb2_controller_configuration/hook/cmake_prefix_path.sh'
[2.641s] Level 1:colcon.colcon_core.environment:checking '/home/luca/topic-highlight/exam_ws/install/pmb2_controller_configuration/bin'
[2.641s] Level 1:colcon.colcon_core.environment:checking '/home/luca/topic-highlight/exam_ws/install/pmb2_controller_configuration/lib/pkgconfig/pmb2_controller_configuration.pc'
[2.642s] Level 1:colcon.colcon_core.environment:checking '/home/luca/topic-highlight/exam_ws/install/pmb2_controller_configuration/lib/python3.10/site-packages'
[2.642s] Level 1:colcon.colcon_core.environment:checking '/home/luca/topic-highlight/exam_ws/install/pmb2_controller_configuration/bin'
[2.642s] INFO:colcon.colcon_core.shell:Creating package script '/home/luca/topic-highlight/exam_ws/install/pmb2_controller_configuration/share/pmb2_controller_configuration/package.ps1'
[2.642s] INFO:colcon.colcon_core.shell:Creating package descriptor '/home/luca/topic-highlight/exam_ws/install/pmb2_controller_configuration/share/pmb2_controller_configuration/package.dsv'
[2.643s] INFO:colcon.colcon_core.shell:Creating package script '/home/luca/topic-highlight/exam_ws/install/pmb2_controller_configuration/share/pmb2_controller_configuration/package.sh'
[2.643s] INFO:colcon.colcon_core.shell:Creating package script '/home/luca/topic-highlight/exam_ws/install/pmb2_controller_configuration/share/pmb2_controller_configuration/package.bash'
[2.643s] INFO:colcon.colcon_core.shell:Creating package script '/home/luca/topic-highlight/exam_ws/install/pmb2_controller_configuration/share/pmb2_controller_configuration/package.zsh'
[2.643s] Level 1:colcon.colcon_core.environment:create_file_with_runtime_dependencies(/home/luca/topic-highlight/exam_ws/install/pmb2_controller_configuration/share/colcon-core/packages/pmb2_controller_configuration)
[2.644s] Level 1:colcon.colcon_core.environment:create_environment_scripts_only(pmb2_controller_configuration)
[2.644s] Level 1:colcon.colcon_core.environment:checking '/home/luca/topic-highlight/exam_ws/install/pmb2_controller_configuration' for CMake module files
[2.644s] Level 1:colcon.colcon_core.environment:checking '/home/luca/topic-highlight/exam_ws/install/pmb2_controller_configuration' for CMake config files
[2.644s] Level 1:colcon.colcon_core.shell:create_environment_hook('pmb2_controller_configuration', 'cmake_prefix_path')
[2.645s] INFO:colcon.colcon_core.shell:Creating environment hook '/home/luca/topic-highlight/exam_ws/install/pmb2_controller_configuration/share/pmb2_controller_configuration/hook/cmake_prefix_path.ps1'
[2.645s] INFO:colcon.colcon_core.shell:Creating environment descriptor '/home/luca/topic-highlight/exam_ws/install/pmb2_controller_configuration/share/pmb2_controller_configuration/hook/cmake_prefix_path.dsv'
[2.645s] INFO:colcon.colcon_core.shell:Creating environment hook '/home/luca/topic-highlight/exam_ws/install/pmb2_controller_configuration/share/pmb2_controller_configuration/hook/cmake_prefix_path.sh'
[2.646s] Level 1:colcon.colcon_core.environment:checking '/home/luca/topic-highlight/exam_ws/install/pmb2_controller_configuration/bin'
[2.646s] Level 1:colcon.colcon_core.environment:checking '/home/luca/topic-highlight/exam_ws/install/pmb2_controller_configuration/lib/pkgconfig/pmb2_controller_configuration.pc'
[2.646s] Level 1:colcon.colcon_core.environment:checking '/home/luca/topic-highlight/exam_ws/install/pmb2_controller_configuration/lib/python3.10/site-packages'
[2.646s] Level 1:colcon.colcon_core.environment:checking '/home/luca/topic-highlight/exam_ws/install/pmb2_controller_configuration/bin'
[2.647s] INFO:colcon.colcon_core.shell:Creating package script '/home/luca/topic-highlight/exam_ws/install/pmb2_controller_configuration/share/pmb2_controller_configuration/package.ps1'
[2.647s] INFO:colcon.colcon_core.shell:Creating package descriptor '/home/luca/topic-highlight/exam_ws/install/pmb2_controller_configuration/share/pmb2_controller_configuration/package.dsv'
[2.647s] INFO:colcon.colcon_core.shell:Creating package script '/home/luca/topic-highlight/exam_ws/install/pmb2_controller_configuration/share/pmb2_controller_configuration/package.sh'
[2.648s] INFO:colcon.colcon_core.shell:Creating package script '/home/luca/topic-highlight/exam_ws/install/pmb2_controller_configuration/share/pmb2_controller_configuration/package.bash'
[2.648s] INFO:colcon.colcon_core.shell:Creating package script '/home/luca/topic-highlight/exam_ws/install/pmb2_controller_configuration/share/pmb2_controller_configuration/package.zsh'
[2.649s] Level 1:colcon.colcon_core.environment:create_file_with_runtime_dependencies(/home/luca/topic-highlight/exam_ws/install/pmb2_controller_configuration/share/colcon-core/packages/pmb2_controller_configuration)
[2.650s] INFO:colcon.colcon_ros.task.ament_cmake.build:Building ROS package in '/home/luca/topic-highlight/exam_ws/src/pmb2_robot/pmb2_description' with build type 'ament_cmake'
[2.650s] INFO:colcon.colcon_cmake.task.cmake.build:Building CMake package in '/home/luca/topic-highlight/exam_ws/src/pmb2_robot/pmb2_description'
[2.650s] INFO:colcon.colcon_core.shell:Skip shell extension 'powershell' for command environment: Not usable outside of PowerShell
[2.650s] DEBUG:colcon.colcon_core.shell:Skip shell extension 'dsv' for command environment
[2.654s] Level 1:colcon.colcon_core.environment:create_environment_scripts_only(pmb2_2dnav)
[2.655s] Level 1:colcon.colcon_core.environment:checking '/home/luca/topic-highlight/exam_ws/install/pmb2_2dnav' for CMake module files
[2.655s] DEBUG:colcon.colcon_core.event_handler.log_command:Invoked command in '/home/luca/topic-highlight/exam_ws/build/pmb2_2dnav' returned '0': AMENT_PREFIX_PATH=/home/luca/topic-highlight/exam_ws/install/pmb2_maps:/home/luca/topic-highlight/exam_ws/install/pmb2_laser_sensors:${AMENT_PREFIX_PATH} CMAKE_PREFIX_PATH=/home/luca/topic-highlight/exam_ws/install/pmb2_maps:/home/luca/topic-highlight/exam_ws/install/pmb2_laser_sensors:/opt/ros/humble /usr/bin/cmake --install /home/luca/topic-highlight/exam_ws/build/pmb2_2dnav
[2.656s] Level 1:colcon.colcon_core.environment:checking '/home/luca/topic-highlight/exam_ws/install/pmb2_2dnav' for CMake config files
[2.657s] Level 1:colcon.colcon_core.shell:create_environment_hook('pmb2_2dnav', 'cmake_prefix_path')
[2.657s] INFO:colcon.colcon_core.shell:Creating environment hook '/home/luca/topic-highlight/exam_ws/install/pmb2_2dnav/share/pmb2_2dnav/hook/cmake_prefix_path.ps1'
[2.658s] INFO:colcon.colcon_core.shell:Creating environment descriptor '/home/luca/topic-highlight/exam_ws/install/pmb2_2dnav/share/pmb2_2dnav/hook/cmake_prefix_path.dsv'
[2.659s] INFO:colcon.colcon_core.shell:Creating environment hook '/home/luca/topic-highlight/exam_ws/install/pmb2_2dnav/share/pmb2_2dnav/hook/cmake_prefix_path.sh'
[2.660s] Level 1:colcon.colcon_core.environment:checking '/home/luca/topic-highlight/exam_ws/install/pmb2_2dnav/bin'
[2.660s] Level 1:colcon.colcon_core.environment:checking '/home/luca/topic-highlight/exam_ws/install/pmb2_2dnav/lib/pkgconfig/pmb2_2dnav.pc'
[2.660s] Level 1:colcon.colcon_core.environment:checking '/home/luca/topic-highlight/exam_ws/install/pmb2_2dnav/lib/python3.10/site-packages'
[2.660s] Level 1:colcon.colcon_core.environment:checking '/home/luca/topic-highlight/exam_ws/install/pmb2_2dnav/bin'
[2.661s] INFO:colcon.colcon_core.shell:Creating package script '/home/luca/topic-highlight/exam_ws/install/pmb2_2dnav/share/pmb2_2dnav/package.ps1'
[2.662s] INFO:colcon.colcon_core.shell:Creating package descriptor '/home/luca/topic-highlight/exam_ws/install/pmb2_2dnav/share/pmb2_2dnav/package.dsv'
[2.662s] INFO:colcon.colcon_core.shell:Creating package script '/home/luca/topic-highlight/exam_ws/install/pmb2_2dnav/share/pmb2_2dnav/package.sh'
[2.663s] INFO:colcon.colcon_core.shell:Creating package script '/home/luca/topic-highlight/exam_ws/install/pmb2_2dnav/share/pmb2_2dnav/package.bash'
[2.663s] INFO:colcon.colcon_core.shell:Creating package script '/home/luca/topic-highlight/exam_ws/install/pmb2_2dnav/share/pmb2_2dnav/package.zsh'
[2.664s] Level 1:colcon.colcon_core.environment:create_file_with_runtime_dependencies(/home/luca/topic-highlight/exam_ws/install/pmb2_2dnav/share/colcon-core/packages/pmb2_2dnav)
[2.665s] Level 1:colcon.colcon_core.environment:create_environment_scripts_only(pmb2_2dnav)
[2.665s] Level 1:colcon.colcon_core.environment:checking '/home/luca/topic-highlight/exam_ws/install/pmb2_2dnav' for CMake module files
[2.665s] Level 1:colcon.colcon_core.environment:checking '/home/luca/topic-highlight/exam_ws/install/pmb2_2dnav' for CMake config files
[2.666s] Level 1:colcon.colcon_core.shell:create_environment_hook('pmb2_2dnav', 'cmake_prefix_path')
[2.666s] INFO:colcon.colcon_core.shell:Creating environment hook '/home/luca/topic-highlight/exam_ws/install/pmb2_2dnav/share/pmb2_2dnav/hook/cmake_prefix_path.ps1'
[2.667s] INFO:colcon.colcon_core.shell:Creating environment descriptor '/home/luca/topic-highlight/exam_ws/install/pmb2_2dnav/share/pmb2_2dnav/hook/cmake_prefix_path.dsv'
[2.668s] INFO:colcon.colcon_core.shell:Creating environment hook '/home/luca/topic-highlight/exam_ws/install/pmb2_2dnav/share/pmb2_2dnav/hook/cmake_prefix_path.sh'
[2.668s] Level 1:colcon.colcon_core.environment:checking '/home/luca/topic-highlight/exam_ws/install/pmb2_2dnav/bin'
[2.668s] Level 1:colcon.colcon_core.environment:checking '/home/luca/topic-highlight/exam_ws/install/pmb2_2dnav/lib/pkgconfig/pmb2_2dnav.pc'
[2.668s] Level 1:colcon.colcon_core.environment:checking '/home/luca/topic-highlight/exam_ws/install/pmb2_2dnav/lib/python3.10/site-packages'
[2.668s] Level 1:colcon.colcon_core.environment:checking '/home/luca/topic-highlight/exam_ws/install/pmb2_2dnav/bin'
[2.669s] INFO:colcon.colcon_core.shell:Creating package script '/home/luca/topic-highlight/exam_ws/install/pmb2_2dnav/share/pmb2_2dnav/package.ps1'
[2.669s] INFO:colcon.colcon_core.shell:Creating package descriptor '/home/luca/topic-highlight/exam_ws/install/pmb2_2dnav/share/pmb2_2dnav/package.dsv'
[2.669s] INFO:colcon.colcon_core.shell:Creating package script '/home/luca/topic-highlight/exam_ws/install/pmb2_2dnav/share/pmb2_2dnav/package.sh'
[2.670s] INFO:colcon.colcon_core.shell:Creating package script '/home/luca/topic-highlight/exam_ws/install/pmb2_2dnav/share/pmb2_2dnav/package.bash'
[2.671s] INFO:colcon.colcon_core.shell:Creating package script '/home/luca/topic-highlight/exam_ws/install/pmb2_2dnav/share/pmb2_2dnav/package.zsh'
[2.672s] Level 1:colcon.colcon_core.environment:create_file_with_runtime_dependencies(/home/luca/topic-highlight/exam_ws/install/pmb2_2dnav/share/colcon-core/packages/pmb2_2dnav)
[2.673s] INFO:colcon.colcon_ros.task.ament_cmake.build:Building ROS package in '/home/luca/topic-highlight/exam_ws/src/pmb2_navigation/pmb2_navigation' with build type 'ament_cmake'
[2.673s] INFO:colcon.colcon_cmake.task.cmake.build:Building CMake package in '/home/luca/topic-highlight/exam_ws/src/pmb2_navigation/pmb2_navigation'
[2.673s] INFO:colcon.colcon_core.shell:Skip shell extension 'powershell' for command environment: Not usable outside of PowerShell
[2.673s] DEBUG:colcon.colcon_core.shell:Skip shell extension 'dsv' for command environment
[2.678s] DEBUG:colcon.colcon_core.event_handler.log_command:Invoked command in '/home/luca/topic-highlight/exam_ws/build/tiago_2dnav' returned '0': AMENT_PREFIX_PATH=/home/luca/topic-highlight/exam_ws/install/pmb2_maps:/home/luca/topic-highlight/exam_ws/install/launch_pal:${AMENT_PREFIX_PATH} CMAKE_PREFIX_PATH=/home/luca/topic-highlight/exam_ws/install/pmb2_maps:/opt/ros/humble PYTHONPATH=/home/luca/topic-highlight/exam_ws/install/launch_pal/lib/python3.10/site-packages:${PYTHONPATH} /usr/bin/cmake --build /home/luca/topic-highlight/exam_ws/build/tiago_2dnav -- -j20 -l20
[2.679s] DEBUG:colcon.colcon_core.event_handler.log_command:Invoking command in '/home/luca/topic-highlight/exam_ws/build/tiago_2dnav': AMENT_PREFIX_PATH=/home/luca/topic-highlight/exam_ws/install/pmb2_maps:/home/luca/topic-highlight/exam_ws/install/launch_pal:${AMENT_PREFIX_PATH} CMAKE_PREFIX_PATH=/home/luca/topic-highlight/exam_ws/install/pmb2_maps:/opt/ros/humble PYTHONPATH=/home/luca/topic-highlight/exam_ws/install/launch_pal/lib/python3.10/site-packages:${PYTHONPATH} /usr/bin/cmake --install /home/luca/topic-highlight/exam_ws/build/tiago_2dnav
[2.682s] DEBUG:colcon.colcon_core.event_handler.log_command:Invoking command in '/home/luca/topic-highlight/exam_ws/build/pmb2_description': AMENT_PREFIX_PATH=/home/luca/topic-highlight/exam_ws/install/pmb2_controller_configuration:/home/luca/topic-highlight/exam_ws/install/urdf_test:/home/luca/topic-highlight/exam_ws/install/pal_urdf_utils:/home/luca/topic-highlight/exam_ws/install/launch_pal:${AMENT_PREFIX_PATH} CMAKE_PREFIX_PATH=/home/luca/topic-highlight/exam_ws/install/pmb2_controller_configuration:/home/luca/topic-highlight/exam_ws/install/urdf_test:/home/luca/topic-highlight/exam_ws/install/pal_urdf_utils:/opt/ros/humble PYTHONPATH=/home/luca/topic-highlight/exam_ws/install/urdf_test/local/lib/python3.10/dist-packages:/home/luca/topic-highlight/exam_ws/install/launch_pal/lib/python3.10/site-packages:${PYTHONPATH} /usr/bin/cmake /home/luca/topic-highlight/exam_ws/src/pmb2_robot/pmb2_description -DCMAKE_INSTALL_PREFIX=/home/luca/topic-highlight/exam_ws/install/pmb2_description
[2.683s] DEBUG:colcon.colcon_core.event_handler.log_command:Invoked command in '/home/luca/topic-highlight/exam_ws/build/pal_navigation_cfg_bringup' returned '0': AMENT_PREFIX_PATH=/home/luca/topic-highlight/exam_ws/install/pal_navigation_cfg_params:/home/luca/topic-highlight/exam_ws/install/launch_pal:${AMENT_PREFIX_PATH} CMAKE_PREFIX_PATH=/home/luca/topic-highlight/exam_ws/install/pal_navigation_cfg_params:/opt/ros/humble PYTHONPATH=/home/luca/topic-highlight/exam_ws/install/launch_pal/lib/python3.10/site-packages:${PYTHONPATH} /usr/bin/cmake /home/luca/topic-highlight/exam_ws/src/pal_navigation_cfg_public/pal_navigation_cfg_bringup -DCMAKE_INSTALL_PREFIX=/home/luca/topic-highlight/exam_ws/install/pal_navigation_cfg_bringup
[2.685s] DEBUG:colcon.colcon_core.event_handler.log_command:Invoking command in '/home/luca/topic-highlight/exam_ws/build/pal_navigation_cfg_bringup': AMENT_PREFIX_PATH=/home/luca/topic-highlight/exam_ws/install/pal_navigation_cfg_params:/home/luca/topic-highlight/exam_ws/install/launch_pal:${AMENT_PREFIX_PATH} CMAKE_PREFIX_PATH=/home/luca/topic-highlight/exam_ws/install/pal_navigation_cfg_params:/opt/ros/humble PYTHONPATH=/home/luca/topic-highlight/exam_ws/install/launch_pal/lib/python3.10/site-packages:${PYTHONPATH} /usr/bin/cmake --build /home/luca/topic-highlight/exam_ws/build/pal_navigation_cfg_bringup -- -j20 -l20
[2.689s] DEBUG:colcon.colcon_core.event_handler.log_command:Invoking command in '/home/luca/topic-highlight/exam_ws/build/pmb2_navigation': AMENT_PREFIX_PATH=/home/luca/topic-highlight/exam_ws/install/pmb2_2dnav:/home/luca/topic-highlight/exam_ws/install/pmb2_maps:/home/luca/topic-highlight/exam_ws/install/pmb2_laser_sensors:${AMENT_PREFIX_PATH} CMAKE_PREFIX_PATH=/home/luca/topic-highlight/exam_ws/install/pmb2_2dnav:/home/luca/topic-highlight/exam_ws/install/pmb2_maps:/home/luca/topic-highlight/exam_ws/install/pmb2_laser_sensors:/opt/ros/humble /usr/bin/cmake /home/luca/topic-highlight/exam_ws/src/pmb2_navigation/pmb2_navigation -DCMAKE_INSTALL_PREFIX=/home/luca/topic-highlight/exam_ws/install/pmb2_navigation
[2.697s] Level 1:colcon.colcon_core.environment:create_environment_scripts_only(tiago_2dnav)
[2.698s] Level 1:colcon.colcon_core.environment:checking '/home/luca/topic-highlight/exam_ws/install/tiago_2dnav' for CMake module files
[2.699s] DEBUG:colcon.colcon_core.event_handler.log_command:Invoked command in '/home/luca/topic-highlight/exam_ws/build/tiago_2dnav' returned '0': AMENT_PREFIX_PATH=/home/luca/topic-highlight/exam_ws/install/pmb2_maps:/home/luca/topic-highlight/exam_ws/install/launch_pal:${AMENT_PREFIX_PATH} CMAKE_PREFIX_PATH=/home/luca/topic-highlight/exam_ws/install/pmb2_maps:/opt/ros/humble PYTHONPATH=/home/luca/topic-highlight/exam_ws/install/launch_pal/lib/python3.10/site-packages:${PYTHONPATH} /usr/bin/cmake --install /home/luca/topic-highlight/exam_ws/build/tiago_2dnav
[2.699s] Level 1:colcon.colcon_core.environment:checking '/home/luca/topic-highlight/exam_ws/install/tiago_2dnav' for CMake config files
[2.699s] Level 1:colcon.colcon_core.shell:create_environment_hook('tiago_2dnav', 'cmake_prefix_path')
[2.699s] INFO:colcon.colcon_core.shell:Creating environment hook '/home/luca/topic-highlight/exam_ws/install/tiago_2dnav/share/tiago_2dnav/hook/cmake_prefix_path.ps1'
[2.700s] INFO:colcon.colcon_core.shell:Creating environment descriptor '/home/luca/topic-highlight/exam_ws/install/tiago_2dnav/share/tiago_2dnav/hook/cmake_prefix_path.dsv'
[2.700s] INFO:colcon.colcon_core.shell:Creating environment hook '/home/luca/topic-highlight/exam_ws/install/tiago_2dnav/share/tiago_2dnav/hook/cmake_prefix_path.sh'
[2.701s] Level 1:colcon.colcon_core.environment:checking '/home/luca/topic-highlight/exam_ws/install/tiago_2dnav/bin'
[2.701s] Level 1:colcon.colcon_core.environment:checking '/home/luca/topic-highlight/exam_ws/install/tiago_2dnav/lib/pkgconfig/tiago_2dnav.pc'
[2.702s] Level 1:colcon.colcon_core.environment:checking '/home/luca/topic-highlight/exam_ws/install/tiago_2dnav/lib/python3.10/site-packages'
[2.702s] Level 1:colcon.colcon_core.environment:checking '/home/luca/topic-highlight/exam_ws/install/tiago_2dnav/bin'
[2.702s] INFO:colcon.colcon_core.shell:Creating package script '/home/luca/topic-highlight/exam_ws/install/tiago_2dnav/share/tiago_2dnav/package.ps1'
[2.703s] INFO:colcon.colcon_core.shell:Creating package descriptor '/home/luca/topic-highlight/exam_ws/install/tiago_2dnav/share/tiago_2dnav/package.dsv'
[2.704s] INFO:colcon.colcon_core.shell:Creating package script '/home/luca/topic-highlight/exam_ws/install/tiago_2dnav/share/tiago_2dnav/package.sh'
[2.705s] INFO:colcon.colcon_core.shell:Creating package script '/home/luca/topic-highlight/exam_ws/install/tiago_2dnav/share/tiago_2dnav/package.bash'
[2.705s] INFO:colcon.colcon_core.shell:Creating package script '/home/luca/topic-highlight/exam_ws/install/tiago_2dnav/share/tiago_2dnav/package.zsh'
[2.705s] Level 1:colcon.colcon_core.environment:create_file_with_runtime_dependencies(/home/luca/topic-highlight/exam_ws/install/tiago_2dnav/share/colcon-core/packages/tiago_2dnav)
[2.706s] Level 1:colcon.colcon_core.environment:create_environment_scripts_only(tiago_2dnav)
[2.706s] Level 1:colcon.colcon_core.environment:checking '/home/luca/topic-highlight/exam_ws/install/tiago_2dnav' for CMake module files
[2.706s] Level 1:colcon.colcon_core.environment:checking '/home/luca/topic-highlight/exam_ws/install/tiago_2dnav' for CMake config files
[2.707s] Level 1:colcon.colcon_core.shell:create_environment_hook('tiago_2dnav', 'cmake_prefix_path')
[2.707s] INFO:colcon.colcon_core.shell:Creating environment hook '/home/luca/topic-highlight/exam_ws/install/tiago_2dnav/share/tiago_2dnav/hook/cmake_prefix_path.ps1'
[2.707s] INFO:colcon.colcon_core.shell:Creating environment descriptor '/home/luca/topic-highlight/exam_ws/install/tiago_2dnav/share/tiago_2dnav/hook/cmake_prefix_path.dsv'
[2.707s] INFO:colcon.colcon_core.shell:Creating environment hook '/home/luca/topic-highlight/exam_ws/install/tiago_2dnav/share/tiago_2dnav/hook/cmake_prefix_path.sh'
[2.708s] Level 1:colcon.colcon_core.environment:checking '/home/luca/topic-highlight/exam_ws/install/tiago_2dnav/bin'
[2.708s] Level 1:colcon.colcon_core.environment:checking '/home/luca/topic-highlight/exam_ws/install/tiago_2dnav/lib/pkgconfig/tiago_2dnav.pc'
[2.708s] Level 1:colcon.colcon_core.environment:checking '/home/luca/topic-highlight/exam_ws/install/tiago_2dnav/lib/python3.10/site-packages'
[2.708s] Level 1:colcon.colcon_core.environment:checking '/home/luca/topic-highlight/exam_ws/install/tiago_2dnav/bin'
[2.709s] INFO:colcon.colcon_core.shell:Creating package script '/home/luca/topic-highlight/exam_ws/install/tiago_2dnav/share/tiago_2dnav/package.ps1'
[2.709s] INFO:colcon.colcon_core.shell:Creating package descriptor '/home/luca/topic-highlight/exam_ws/install/tiago_2dnav/share/tiago_2dnav/package.dsv'
[2.709s] INFO:colcon.colcon_core.shell:Creating package script '/home/luca/topic-highlight/exam_ws/install/tiago_2dnav/share/tiago_2dnav/package.sh'
[2.710s] INFO:colcon.colcon_core.shell:Creating package script '/home/luca/topic-highlight/exam_ws/install/tiago_2dnav/share/tiago_2dnav/package.bash'
[2.710s] INFO:colcon.colcon_core.shell:Creating package script '/home/luca/topic-highlight/exam_ws/install/tiago_2dnav/share/tiago_2dnav/package.zsh'
[2.711s] Level 1:colcon.colcon_core.environment:create_file_with_runtime_dependencies(/home/luca/topic-highlight/exam_ws/install/tiago_2dnav/share/colcon-core/packages/tiago_2dnav)
[2.711s] INFO:colcon.colcon_ros.task.ament_cmake.build:Building ROS package in '/home/luca/topic-highlight/exam_ws/src/tiago_navigation/tiago_navigation' with build type 'ament_cmake'
[2.711s] INFO:colcon.colcon_cmake.task.cmake.build:Building CMake package in '/home/luca/topic-highlight/exam_ws/src/tiago_navigation/tiago_navigation'
[2.711s] INFO:colcon.colcon_core.shell:Skip shell extension 'powershell' for command environment: Not usable outside of PowerShell
[2.711s] DEBUG:colcon.colcon_core.shell:Skip shell extension 'dsv' for command environment
[2.718s] DEBUG:colcon.colcon_core.event_handler.log_command:Invoked command in '/home/luca/topic-highlight/exam_ws/build/pal_navigation_cfg_bringup' returned '0': AMENT_PREFIX_PATH=/home/luca/topic-highlight/exam_ws/install/pal_navigation_cfg_params:/home/luca/topic-highlight/exam_ws/install/launch_pal:${AMENT_PREFIX_PATH} CMAKE_PREFIX_PATH=/home/luca/topic-highlight/exam_ws/install/pal_navigation_cfg_params:/opt/ros/humble PYTHONPATH=/home/luca/topic-highlight/exam_ws/install/launch_pal/lib/python3.10/site-packages:${PYTHONPATH} /usr/bin/cmake --build /home/luca/topic-highlight/exam_ws/build/pal_navigation_cfg_bringup -- -j20 -l20
[2.719s] DEBUG:colcon.colcon_core.event_handler.log_command:Invoking command in '/home/luca/topic-highlight/exam_ws/build/pal_navigation_cfg_bringup': AMENT_PREFIX_PATH=/home/luca/topic-highlight/exam_ws/install/pal_navigation_cfg_params:/home/luca/topic-highlight/exam_ws/install/launch_pal:${AMENT_PREFIX_PATH} CMAKE_PREFIX_PATH=/home/luca/topic-highlight/exam_ws/install/pal_navigation_cfg_params:/opt/ros/humble PYTHONPATH=/home/luca/topic-highlight/exam_ws/install/launch_pal/lib/python3.10/site-packages:${PYTHONPATH} /usr/bin/cmake --install /home/luca/topic-highlight/exam_ws/build/pal_navigation_cfg_bringup
[2.723s] DEBUG:colcon.colcon_core.event_handler.log_command:Invoking command in '/home/luca/topic-highlight/exam_ws/build/tiago_navigation': AMENT_PREFIX_PATH=/home/luca/topic-highlight/exam_ws/install/tiago_laser_sensors:/home/luca/topic-highlight/exam_ws/install/tiago_2dnav:/home/luca/topic-highlight/exam_ws/install/pmb2_maps:/home/luca/topic-highlight/exam_ws/install/pmb2_laser_sensors:/home/luca/topic-highlight/exam_ws/install/launch_pal:${AMENT_PREFIX_PATH} CMAKE_PREFIX_PATH=/home/luca/topic-highlight/exam_ws/install/tiago_laser_sensors:/home/luca/topic-highlight/exam_ws/install/tiago_2dnav:/home/luca/topic-highlight/exam_ws/install/pmb2_maps:/home/luca/topic-highlight/exam_ws/install/pmb2_laser_sensors:/opt/ros/humble PYTHONPATH=/home/luca/topic-highlight/exam_ws/install/launch_pal/lib/python3.10/site-packages:${PYTHONPATH} /usr/bin/cmake /home/luca/topic-highlight/exam_ws/src/tiago_navigation/tiago_navigation -DCMAKE_INSTALL_PREFIX=/home/luca/topic-highlight/exam_ws/install/tiago_navigation
[2.733s] Level 1:colcon.colcon_core.environment:create_environment_scripts_only(pal_navigation_cfg_bringup)
[2.733s] Level 1:colcon.colcon_core.environment:checking '/home/luca/topic-highlight/exam_ws/install/pal_navigation_cfg_bringup' for CMake module files
[2.734s] DEBUG:colcon.colcon_core.event_handler.log_command:Invoked command in '/home/luca/topic-highlight/exam_ws/build/pal_navigation_cfg_bringup' returned '0': AMENT_PREFIX_PATH=/home/luca/topic-highlight/exam_ws/install/pal_navigation_cfg_params:/home/luca/topic-highlight/exam_ws/install/launch_pal:${AMENT_PREFIX_PATH} CMAKE_PREFIX_PATH=/home/luca/topic-highlight/exam_ws/install/pal_navigation_cfg_params:/opt/ros/humble PYTHONPATH=/home/luca/topic-highlight/exam_ws/install/launch_pal/lib/python3.10/site-packages:${PYTHONPATH} /usr/bin/cmake --install /home/luca/topic-highlight/exam_ws/build/pal_navigation_cfg_bringup
[2.735s] Level 1:colcon.colcon_core.environment:checking '/home/luca/topic-highlight/exam_ws/install/pal_navigation_cfg_bringup' for CMake config files
[2.735s] Level 1:colcon.colcon_core.shell:create_environment_hook('pal_navigation_cfg_bringup', 'cmake_prefix_path')
[2.736s] INFO:colcon.colcon_core.shell:Creating environment hook '/home/luca/topic-highlight/exam_ws/install/pal_navigation_cfg_bringup/share/pal_navigation_cfg_bringup/hook/cmake_prefix_path.ps1'
[2.736s] INFO:colcon.colcon_core.shell:Creating environment descriptor '/home/luca/topic-highlight/exam_ws/install/pal_navigation_cfg_bringup/share/pal_navigation_cfg_bringup/hook/cmake_prefix_path.dsv'
[2.737s] INFO:colcon.colcon_core.shell:Creating environment hook '/home/luca/topic-highlight/exam_ws/install/pal_navigation_cfg_bringup/share/pal_navigation_cfg_bringup/hook/cmake_prefix_path.sh'
[2.738s] Level 1:colcon.colcon_core.environment:checking '/home/luca/topic-highlight/exam_ws/install/pal_navigation_cfg_bringup/bin'
[2.739s] Level 1:colcon.colcon_core.environment:checking '/home/luca/topic-highlight/exam_ws/install/pal_navigation_cfg_bringup/lib/pkgconfig/pal_navigation_cfg_bringup.pc'
[2.739s] Level 1:colcon.colcon_core.environment:checking '/home/luca/topic-highlight/exam_ws/install/pal_navigation_cfg_bringup/lib/python3.10/site-packages'
[2.740s] Level 1:colcon.colcon_core.environment:checking '/home/luca/topic-highlight/exam_ws/install/pal_navigation_cfg_bringup/bin'
[2.740s] INFO:colcon.colcon_core.shell:Creating package script '/home/luca/topic-highlight/exam_ws/install/pal_navigation_cfg_bringup/share/pal_navigation_cfg_bringup/package.ps1'
[2.741s] INFO:colcon.colcon_core.shell:Creating package descriptor '/home/luca/topic-highlight/exam_ws/install/pal_navigation_cfg_bringup/share/pal_navigation_cfg_bringup/package.dsv'
[2.742s] INFO:colcon.colcon_core.shell:Creating package script '/home/luca/topic-highlight/exam_ws/install/pal_navigation_cfg_bringup/share/pal_navigation_cfg_bringup/package.sh'
[2.742s] INFO:colcon.colcon_core.shell:Creating package script '/home/luca/topic-highlight/exam_ws/install/pal_navigation_cfg_bringup/share/pal_navigation_cfg_bringup/package.bash'
[2.743s] INFO:colcon.colcon_core.shell:Creating package script '/home/luca/topic-highlight/exam_ws/install/pal_navigation_cfg_bringup/share/pal_navigation_cfg_bringup/package.zsh'
[2.743s] Level 1:colcon.colcon_core.environment:create_file_with_runtime_dependencies(/home/luca/topic-highlight/exam_ws/install/pal_navigation_cfg_bringup/share/colcon-core/packages/pal_navigation_cfg_bringup)
[2.744s] Level 1:colcon.colcon_core.environment:create_environment_scripts_only(pal_navigation_cfg_bringup)
[2.745s] Level 1:colcon.colcon_core.environment:checking '/home/luca/topic-highlight/exam_ws/install/pal_navigation_cfg_bringup' for CMake module files
[2.745s] Level 1:colcon.colcon_core.environment:checking '/home/luca/topic-highlight/exam_ws/install/pal_navigation_cfg_bringup' for CMake config files
[2.746s] Level 1:colcon.colcon_core.shell:create_environment_hook('pal_navigation_cfg_bringup', 'cmake_prefix_path')
[2.747s] INFO:colcon.colcon_core.shell:Creating environment hook '/home/luca/topic-highlight/exam_ws/install/pal_navigation_cfg_bringup/share/pal_navigation_cfg_bringup/hook/cmake_prefix_path.ps1'
[2.748s] INFO:colcon.colcon_core.shell:Creating environment descriptor '/home/luca/topic-highlight/exam_ws/install/pal_navigation_cfg_bringup/share/pal_navigation_cfg_bringup/hook/cmake_prefix_path.dsv'
[2.749s] INFO:colcon.colcon_core.shell:Creating environment hook '/home/luca/topic-highlight/exam_ws/install/pal_navigation_cfg_bringup/share/pal_navigation_cfg_bringup/hook/cmake_prefix_path.sh'
[2.749s] Level 1:colcon.colcon_core.environment:checking '/home/luca/topic-highlight/exam_ws/install/pal_navigation_cfg_bringup/bin'
[2.749s] Level 1:colcon.colcon_core.environment:checking '/home/luca/topic-highlight/exam_ws/install/pal_navigation_cfg_bringup/lib/pkgconfig/pal_navigation_cfg_bringup.pc'
[2.749s] Level 1:colcon.colcon_core.environment:checking '/home/luca/topic-highlight/exam_ws/install/pal_navigation_cfg_bringup/lib/python3.10/site-packages'
[2.749s] Level 1:colcon.colcon_core.environment:checking '/home/luca/topic-highlight/exam_ws/install/pal_navigation_cfg_bringup/bin'
[2.750s] INFO:colcon.colcon_core.shell:Creating package script '/home/luca/topic-highlight/exam_ws/install/pal_navigation_cfg_bringup/share/pal_navigation_cfg_bringup/package.ps1'
[2.750s] INFO:colcon.colcon_core.shell:Creating package descriptor '/home/luca/topic-highlight/exam_ws/install/pal_navigation_cfg_bringup/share/pal_navigation_cfg_bringup/package.dsv'
[2.751s] INFO:colcon.colcon_core.shell:Creating package script '/home/luca/topic-highlight/exam_ws/install/pal_navigation_cfg_bringup/share/pal_navigation_cfg_bringup/package.sh'
[2.752s] INFO:colcon.colcon_core.shell:Creating package script '/home/luca/topic-highlight/exam_ws/install/pal_navigation_cfg_bringup/share/pal_navigation_cfg_bringup/package.bash'
[2.753s] INFO:colcon.colcon_core.shell:Creating package script '/home/luca/topic-highlight/exam_ws/install/pal_navigation_cfg_bringup/share/pal_navigation_cfg_bringup/package.zsh'
[2.754s] Level 1:colcon.colcon_core.environment:create_file_with_runtime_dependencies(/home/luca/topic-highlight/exam_ws/install/pal_navigation_cfg_bringup/share/colcon-core/packages/pal_navigation_cfg_bringup)
[2.754s] INFO:colcon.colcon_ros.task.ament_cmake.build:Building ROS package in '/home/luca/topic-highlight/exam_ws/src/pal_navigation_cfg_public/pal_navigation_cfg_public' with build type 'ament_cmake'
[2.755s] INFO:colcon.colcon_cmake.task.cmake.build:Building CMake package in '/home/luca/topic-highlight/exam_ws/src/pal_navigation_cfg_public/pal_navigation_cfg_public'
[2.755s] INFO:colcon.colcon_core.shell:Skip shell extension 'powershell' for command environment: Not usable outside of PowerShell
[2.755s] DEBUG:colcon.colcon_core.shell:Skip shell extension 'dsv' for command environment
[2.759s] DEBUG:colcon.colcon_core.event_handler.log_command:Invoked command in '/home/luca/topic-highlight/exam_ws/build/tiago_controller_configuration' returned '0': AMENT_PREFIX_PATH=/home/luca/topic-highlight/exam_ws/install/pal_robotiq_controller_configuration:/home/luca/topic-highlight/exam_ws/install/pal_hey5_controller_configuration:/home/luca/topic-highlight/exam_ws/install/pal_gripper_controller_configuration:/home/luca/topic-highlight/exam_ws/install/launch_pal:${AMENT_PREFIX_PATH} CMAKE_PREFIX_PATH=/home/luca/topic-highlight/exam_ws/install/pal_robotiq_controller_configuration:/home/luca/topic-highlight/exam_ws/install/pal_hey5_controller_configuration:/home/luca/topic-highlight/exam_ws/install/pal_gripper_controller_configuration:/opt/ros/humble PYTHONPATH=/home/luca/topic-highlight/exam_ws/install/launch_pal/lib/python3.10/site-packages:${PYTHONPATH} /usr/bin/cmake /home/luca/topic-highlight/exam_ws/src/tiago_robot/tiago_controller_configuration -DCMAKE_INSTALL_PREFIX=/home/luca/topic-highlight/exam_ws/install/tiago_controller_configuration
[2.762s] DEBUG:colcon.colcon_core.event_handler.log_command:Invoking command in '/home/luca/topic-highlight/exam_ws/build/tiago_controller_configuration': AMENT_PREFIX_PATH=/home/luca/topic-highlight/exam_ws/install/pal_robotiq_controller_configuration:/home/luca/topic-highlight/exam_ws/install/pal_hey5_controller_configuration:/home/luca/topic-highlight/exam_ws/install/pal_gripper_controller_configuration:/home/luca/topic-highlight/exam_ws/install/launch_pal:${AMENT_PREFIX_PATH} CMAKE_PREFIX_PATH=/home/luca/topic-highlight/exam_ws/install/pal_robotiq_controller_configuration:/home/luca/topic-highlight/exam_ws/install/pal_hey5_controller_configuration:/home/luca/topic-highlight/exam_ws/install/pal_gripper_controller_configuration:/opt/ros/humble PYTHONPATH=/home/luca/topic-highlight/exam_ws/install/launch_pal/lib/python3.10/site-packages:${PYTHONPATH} /usr/bin/cmake --build /home/luca/topic-highlight/exam_ws/build/tiago_controller_configuration -- -j20 -l20
[2.766s] DEBUG:colcon.colcon_core.event_handler.log_command:Invoking command in '/home/luca/topic-highlight/exam_ws/build/pal_navigation_cfg': AMENT_PREFIX_PATH=/home/luca/topic-highlight/exam_ws/install/pal_navigation_cfg_bringup:/home/luca/topic-highlight/exam_ws/install/pal_navigation_cfg_params:/home/luca/topic-highlight/exam_ws/install/launch_pal:${AMENT_PREFIX_PATH} CMAKE_PREFIX_PATH=/home/luca/topic-highlight/exam_ws/install/pal_navigation_cfg_bringup:/home/luca/topic-highlight/exam_ws/install/pal_navigation_cfg_params:/opt/ros/humble PYTHONPATH=/home/luca/topic-highlight/exam_ws/install/launch_pal/lib/python3.10/site-packages:${PYTHONPATH} /usr/bin/cmake /home/luca/topic-highlight/exam_ws/src/pal_navigation_cfg_public/pal_navigation_cfg_public -DCMAKE_INSTALL_PREFIX=/home/luca/topic-highlight/exam_ws/install/pal_navigation_cfg
[2.786s] DEBUG:colcon.colcon_core.event_handler.log_command:Invoked command in '/home/luca/topic-highlight/exam_ws/build/pal_gripper_description' returned '0': AMENT_PREFIX_PATH=/home/luca/topic-highlight/exam_ws/install/urdf_test:/home/luca/topic-highlight/exam_ws/install/pal_urdf_utils:${AMENT_PREFIX_PATH} CMAKE_PREFIX_PATH=/home/luca/topic-highlight/exam_ws/install/urdf_test:/home/luca/topic-highlight/exam_ws/install/pal_urdf_utils:/opt/ros/humble PYTHONPATH=/home/luca/topic-highlight/exam_ws/install/urdf_test/local/lib/python3.10/dist-packages:${PYTHONPATH} /usr/bin/cmake /home/luca/topic-highlight/exam_ws/src/pal_gripper/pal_gripper_description -DCMAKE_INSTALL_PREFIX=/home/luca/topic-highlight/exam_ws/install/pal_gripper_description
[2.788s] DEBUG:colcon.colcon_core.event_handler.log_command:Invoking command in '/home/luca/topic-highlight/exam_ws/build/pal_gripper_description': AMENT_PREFIX_PATH=/home/luca/topic-highlight/exam_ws/install/urdf_test:/home/luca/topic-highlight/exam_ws/install/pal_urdf_utils:${AMENT_PREFIX_PATH} CMAKE_PREFIX_PATH=/home/luca/topic-highlight/exam_ws/install/urdf_test:/home/luca/topic-highlight/exam_ws/install/pal_urdf_utils:/opt/ros/humble PYTHONPATH=/home/luca/topic-highlight/exam_ws/install/urdf_test/local/lib/python3.10/dist-packages:${PYTHONPATH} /usr/bin/cmake --build /home/luca/topic-highlight/exam_ws/build/pal_gripper_description -- -j20 -l20
[2.806s] DEBUG:colcon.colcon_core.event_handler.log_command:Invoked command in '/home/luca/topic-highlight/exam_ws/build/tiago_controller_configuration' returned '0': AMENT_PREFIX_PATH=/home/luca/topic-highlight/exam_ws/install/pal_robotiq_controller_configuration:/home/luca/topic-highlight/exam_ws/install/pal_hey5_controller_configuration:/home/luca/topic-highlight/exam_ws/install/pal_gripper_controller_configuration:/home/luca/topic-highlight/exam_ws/install/launch_pal:${AMENT_PREFIX_PATH} CMAKE_PREFIX_PATH=/home/luca/topic-highlight/exam_ws/install/pal_robotiq_controller_configuration:/home/luca/topic-highlight/exam_ws/install/pal_hey5_controller_configuration:/home/luca/topic-highlight/exam_ws/install/pal_gripper_controller_configuration:/opt/ros/humble PYTHONPATH=/home/luca/topic-highlight/exam_ws/install/launch_pal/lib/python3.10/site-packages:${PYTHONPATH} /usr/bin/cmake --build /home/luca/topic-highlight/exam_ws/build/tiago_controller_configuration -- -j20 -l20
[2.808s] DEBUG:colcon.colcon_core.event_handler.log_command:Invoking command in '/home/luca/topic-highlight/exam_ws/build/tiago_controller_configuration': AMENT_PREFIX_PATH=/home/luca/topic-highlight/exam_ws/install/pal_robotiq_controller_configuration:/home/luca/topic-highlight/exam_ws/install/pal_hey5_controller_configuration:/home/luca/topic-highlight/exam_ws/install/pal_gripper_controller_configuration:/home/luca/topic-highlight/exam_ws/install/launch_pal:${AMENT_PREFIX_PATH} CMAKE_PREFIX_PATH=/home/luca/topic-highlight/exam_ws/install/pal_robotiq_controller_configuration:/home/luca/topic-highlight/exam_ws/install/pal_hey5_controller_configuration:/home/luca/topic-highlight/exam_ws/install/pal_gripper_controller_configuration:/opt/ros/humble PYTHONPATH=/home/luca/topic-highlight/exam_ws/install/launch_pal/lib/python3.10/site-packages:${PYTHONPATH} /usr/bin/cmake --install /home/luca/topic-highlight/exam_ws/build/tiago_controller_configuration
[2.825s] DEBUG:colcon.colcon_core.event_handler.log_command:Invoked command in '/home/luca/topic-highlight/exam_ws/build/pal_gripper_description' returned '0': AMENT_PREFIX_PATH=/home/luca/topic-highlight/exam_ws/install/urdf_test:/home/luca/topic-highlight/exam_ws/install/pal_urdf_utils:${AMENT_PREFIX_PATH} CMAKE_PREFIX_PATH=/home/luca/topic-highlight/exam_ws/install/urdf_test:/home/luca/topic-highlight/exam_ws/install/pal_urdf_utils:/opt/ros/humble PYTHONPATH=/home/luca/topic-highlight/exam_ws/install/urdf_test/local/lib/python3.10/dist-packages:${PYTHONPATH} /usr/bin/cmake --build /home/luca/topic-highlight/exam_ws/build/pal_gripper_description -- -j20 -l20
[2.827s] DEBUG:colcon.colcon_core.event_handler.log_command:Invoking command in '/home/luca/topic-highlight/exam_ws/build/pal_gripper_description': AMENT_PREFIX_PATH=/home/luca/topic-highlight/exam_ws/install/urdf_test:/home/luca/topic-highlight/exam_ws/install/pal_urdf_utils:${AMENT_PREFIX_PATH} CMAKE_PREFIX_PATH=/home/luca/topic-highlight/exam_ws/install/urdf_test:/home/luca/topic-highlight/exam_ws/install/pal_urdf_utils:/opt/ros/humble PYTHONPATH=/home/luca/topic-highlight/exam_ws/install/urdf_test/local/lib/python3.10/dist-packages:${PYTHONPATH} /usr/bin/cmake --install /home/luca/topic-highlight/exam_ws/build/pal_gripper_description
[2.828s] Level 1:colcon.colcon_core.environment:create_environment_scripts_only(tiago_controller_configuration)
[2.828s] DEBUG:colcon.colcon_core.event_handler.log_command:Invoked command in '/home/luca/topic-highlight/exam_ws/build/tiago_controller_configuration' returned '0': AMENT_PREFIX_PATH=/home/luca/topic-highlight/exam_ws/install/pal_robotiq_controller_configuration:/home/luca/topic-highlight/exam_ws/install/pal_hey5_controller_configuration:/home/luca/topic-highlight/exam_ws/install/pal_gripper_controller_configuration:/home/luca/topic-highlight/exam_ws/install/launch_pal:${AMENT_PREFIX_PATH} CMAKE_PREFIX_PATH=/home/luca/topic-highlight/exam_ws/install/pal_robotiq_controller_configuration:/home/luca/topic-highlight/exam_ws/install/pal_hey5_controller_configuration:/home/luca/topic-highlight/exam_ws/install/pal_gripper_controller_configuration:/opt/ros/humble PYTHONPATH=/home/luca/topic-highlight/exam_ws/install/launch_pal/lib/python3.10/site-packages:${PYTHONPATH} /usr/bin/cmake --install /home/luca/topic-highlight/exam_ws/build/tiago_controller_configuration
[2.829s] Level 1:colcon.colcon_core.environment:checking '/home/luca/topic-highlight/exam_ws/install/tiago_controller_configuration' for CMake module files
[2.830s] Level 1:colcon.colcon_core.environment:checking '/home/luca/topic-highlight/exam_ws/install/tiago_controller_configuration' for CMake config files
[2.830s] Level 1:colcon.colcon_core.shell:create_environment_hook('tiago_controller_configuration', 'cmake_prefix_path')
[2.830s] INFO:colcon.colcon_core.shell:Creating environment hook '/home/luca/topic-highlight/exam_ws/install/tiago_controller_configuration/share/tiago_controller_configuration/hook/cmake_prefix_path.ps1'
[2.831s] INFO:colcon.colcon_core.shell:Creating environment descriptor '/home/luca/topic-highlight/exam_ws/install/tiago_controller_configuration/share/tiago_controller_configuration/hook/cmake_prefix_path.dsv'
[2.831s] INFO:colcon.colcon_core.shell:Creating environment hook '/home/luca/topic-highlight/exam_ws/install/tiago_controller_configuration/share/tiago_controller_configuration/hook/cmake_prefix_path.sh'
[2.832s] Level 1:colcon.colcon_core.environment:checking '/home/luca/topic-highlight/exam_ws/install/tiago_controller_configuration/bin'
[2.832s] Level 1:colcon.colcon_core.environment:checking '/home/luca/topic-highlight/exam_ws/install/tiago_controller_configuration/lib/pkgconfig/tiago_controller_configuration.pc'
[2.832s] Level 1:colcon.colcon_core.environment:checking '/home/luca/topic-highlight/exam_ws/install/tiago_controller_configuration/lib/python3.10/site-packages'
[2.833s] Level 1:colcon.colcon_core.environment:checking '/home/luca/topic-highlight/exam_ws/install/tiago_controller_configuration/bin'
[2.833s] INFO:colcon.colcon_core.shell:Creating package script '/home/luca/topic-highlight/exam_ws/install/tiago_controller_configuration/share/tiago_controller_configuration/package.ps1'
[2.834s] INFO:colcon.colcon_core.shell:Creating package descriptor '/home/luca/topic-highlight/exam_ws/install/tiago_controller_configuration/share/tiago_controller_configuration/package.dsv'
[2.834s] INFO:colcon.colcon_core.shell:Creating package script '/home/luca/topic-highlight/exam_ws/install/tiago_controller_configuration/share/tiago_controller_configuration/package.sh'
[2.835s] INFO:colcon.colcon_core.shell:Creating package script '/home/luca/topic-highlight/exam_ws/install/tiago_controller_configuration/share/tiago_controller_configuration/package.bash'
[2.837s] INFO:colcon.colcon_core.shell:Creating package script '/home/luca/topic-highlight/exam_ws/install/tiago_controller_configuration/share/tiago_controller_configuration/package.zsh'
[2.840s] Level 1:colcon.colcon_core.environment:create_file_with_runtime_dependencies(/home/luca/topic-highlight/exam_ws/install/tiago_controller_configuration/share/colcon-core/packages/tiago_controller_configuration)
[2.842s] Level 1:colcon.colcon_core.environment:create_environment_scripts_only(tiago_controller_configuration)
[2.843s] Level 1:colcon.colcon_core.environment:checking '/home/luca/topic-highlight/exam_ws/install/tiago_controller_configuration' for CMake module files
[2.844s] Level 1:colcon.colcon_core.environment:checking '/home/luca/topic-highlight/exam_ws/install/tiago_controller_configuration' for CMake config files
[2.845s] Level 1:colcon.colcon_core.shell:create_environment_hook('tiago_controller_configuration', 'cmake_prefix_path')
[2.845s] INFO:colcon.colcon_core.shell:Creating environment hook '/home/luca/topic-highlight/exam_ws/install/tiago_controller_configuration/share/tiago_controller_configuration/hook/cmake_prefix_path.ps1'
[2.846s] INFO:colcon.colcon_core.shell:Creating environment descriptor '/home/luca/topic-highlight/exam_ws/install/tiago_controller_configuration/share/tiago_controller_configuration/hook/cmake_prefix_path.dsv'
[2.846s] INFO:colcon.colcon_core.shell:Creating environment hook '/home/luca/topic-highlight/exam_ws/install/tiago_controller_configuration/share/tiago_controller_configuration/hook/cmake_prefix_path.sh'
[2.847s] Level 1:colcon.colcon_core.environment:checking '/home/luca/topic-highlight/exam_ws/install/tiago_controller_configuration/bin'
[2.847s] Level 1:colcon.colcon_core.environment:checking '/home/luca/topic-highlight/exam_ws/install/tiago_controller_configuration/lib/pkgconfig/tiago_controller_configuration.pc'
[2.847s] Level 1:colcon.colcon_core.environment:checking '/home/luca/topic-highlight/exam_ws/install/tiago_controller_configuration/lib/python3.10/site-packages'
[2.848s] Level 1:colcon.colcon_core.environment:checking '/home/luca/topic-highlight/exam_ws/install/tiago_controller_configuration/bin'
[2.848s] INFO:colcon.colcon_core.shell:Creating package script '/home/luca/topic-highlight/exam_ws/install/tiago_controller_configuration/share/tiago_controller_configuration/package.ps1'
[2.849s] INFO:colcon.colcon_core.shell:Creating package descriptor '/home/luca/topic-highlight/exam_ws/install/tiago_controller_configuration/share/tiago_controller_configuration/package.dsv'
[2.850s] INFO:colcon.colcon_core.shell:Creating package script '/home/luca/topic-highlight/exam_ws/install/tiago_controller_configuration/share/tiago_controller_configuration/package.sh'
[2.850s] INFO:colcon.colcon_core.shell:Creating package script '/home/luca/topic-highlight/exam_ws/install/tiago_controller_configuration/share/tiago_controller_configuration/package.bash'
[2.851s] INFO:colcon.colcon_core.shell:Creating package script '/home/luca/topic-highlight/exam_ws/install/tiago_controller_configuration/share/tiago_controller_configuration/package.zsh'
[2.851s] Level 1:colcon.colcon_core.environment:create_file_with_runtime_dependencies(/home/luca/topic-highlight/exam_ws/install/tiago_controller_configuration/share/colcon-core/packages/tiago_controller_configuration)
[2.853s] Level 1:colcon.colcon_core.environment:create_environment_scripts_only(pal_gripper_description)
[2.854s] Level 1:colcon.colcon_core.environment:checking '/home/luca/topic-highlight/exam_ws/install/pal_gripper_description' for CMake module files
[2.855s] DEBUG:colcon.colcon_core.event_handler.log_command:Invoked command in '/home/luca/topic-highlight/exam_ws/build/pal_gripper_description' returned '0': AMENT_PREFIX_PATH=/home/luca/topic-highlight/exam_ws/install/urdf_test:/home/luca/topic-highlight/exam_ws/install/pal_urdf_utils:${AMENT_PREFIX_PATH} CMAKE_PREFIX_PATH=/home/luca/topic-highlight/exam_ws/install/urdf_test:/home/luca/topic-highlight/exam_ws/install/pal_urdf_utils:/opt/ros/humble PYTHONPATH=/home/luca/topic-highlight/exam_ws/install/urdf_test/local/lib/python3.10/dist-packages:${PYTHONPATH} /usr/bin/cmake --install /home/luca/topic-highlight/exam_ws/build/pal_gripper_description
[2.856s] Level 1:colcon.colcon_core.environment:checking '/home/luca/topic-highlight/exam_ws/install/pal_gripper_description' for CMake config files
[2.856s] Level 1:colcon.colcon_core.shell:create_environment_hook('pal_gripper_description', 'cmake_prefix_path')
[2.856s] INFO:colcon.colcon_core.shell:Creating environment hook '/home/luca/topic-highlight/exam_ws/install/pal_gripper_description/share/pal_gripper_description/hook/cmake_prefix_path.ps1'
[2.857s] INFO:colcon.colcon_core.shell:Creating environment descriptor '/home/luca/topic-highlight/exam_ws/install/pal_gripper_description/share/pal_gripper_description/hook/cmake_prefix_path.dsv'
[2.857s] INFO:colcon.colcon_core.shell:Creating environment hook '/home/luca/topic-highlight/exam_ws/install/pal_gripper_description/share/pal_gripper_description/hook/cmake_prefix_path.sh'
[2.857s] Level 1:colcon.colcon_core.environment:checking '/home/luca/topic-highlight/exam_ws/install/pal_gripper_description/bin'
[2.857s] Level 1:colcon.colcon_core.environment:checking '/home/luca/topic-highlight/exam_ws/install/pal_gripper_description/lib/pkgconfig/pal_gripper_description.pc'
[2.858s] Level 1:colcon.colcon_core.environment:checking '/home/luca/topic-highlight/exam_ws/install/pal_gripper_description/lib/python3.10/site-packages'
[2.858s] Level 1:colcon.colcon_core.environment:checking '/home/luca/topic-highlight/exam_ws/install/pal_gripper_description/bin'
[2.858s] INFO:colcon.colcon_core.shell:Creating package script '/home/luca/topic-highlight/exam_ws/install/pal_gripper_description/share/pal_gripper_description/package.ps1'
[2.859s] INFO:colcon.colcon_core.shell:Creating package descriptor '/home/luca/topic-highlight/exam_ws/install/pal_gripper_description/share/pal_gripper_description/package.dsv'
[2.859s] INFO:colcon.colcon_core.shell:Creating package script '/home/luca/topic-highlight/exam_ws/install/pal_gripper_description/share/pal_gripper_description/package.sh'
[2.860s] INFO:colcon.colcon_core.shell:Creating package script '/home/luca/topic-highlight/exam_ws/install/pal_gripper_description/share/pal_gripper_description/package.bash'
[2.861s] INFO:colcon.colcon_core.shell:Creating package script '/home/luca/topic-highlight/exam_ws/install/pal_gripper_description/share/pal_gripper_description/package.zsh'
[2.861s] Level 1:colcon.colcon_core.environment:create_file_with_runtime_dependencies(/home/luca/topic-highlight/exam_ws/install/pal_gripper_description/share/colcon-core/packages/pal_gripper_description)
[2.862s] Level 1:colcon.colcon_core.environment:create_environment_scripts_only(pal_gripper_description)
[2.863s] Level 1:colcon.colcon_core.environment:checking '/home/luca/topic-highlight/exam_ws/install/pal_gripper_description' for CMake module files
[2.863s] Level 1:colcon.colcon_core.environment:checking '/home/luca/topic-highlight/exam_ws/install/pal_gripper_description' for CMake config files
[2.864s] Level 1:colcon.colcon_core.shell:create_environment_hook('pal_gripper_description', 'cmake_prefix_path')
[2.864s] INFO:colcon.colcon_core.shell:Creating environment hook '/home/luca/topic-highlight/exam_ws/install/pal_gripper_description/share/pal_gripper_description/hook/cmake_prefix_path.ps1'
[2.865s] INFO:colcon.colcon_core.shell:Creating environment descriptor '/home/luca/topic-highlight/exam_ws/install/pal_gripper_description/share/pal_gripper_description/hook/cmake_prefix_path.dsv'
[2.865s] INFO:colcon.colcon_core.shell:Creating environment hook '/home/luca/topic-highlight/exam_ws/install/pal_gripper_description/share/pal_gripper_description/hook/cmake_prefix_path.sh'
[2.866s] Level 1:colcon.colcon_core.environment:checking '/home/luca/topic-highlight/exam_ws/install/pal_gripper_description/bin'
[2.866s] Level 1:colcon.colcon_core.environment:checking '/home/luca/topic-highlight/exam_ws/install/pal_gripper_description/lib/pkgconfig/pal_gripper_description.pc'
[2.866s] Level 1:colcon.colcon_core.environment:checking '/home/luca/topic-highlight/exam_ws/install/pal_gripper_description/lib/python3.10/site-packages'
[2.867s] Level 1:colcon.colcon_core.environment:checking '/home/luca/topic-highlight/exam_ws/install/pal_gripper_description/bin'
[2.867s] INFO:colcon.colcon_core.shell:Creating package script '/home/luca/topic-highlight/exam_ws/install/pal_gripper_description/share/pal_gripper_description/package.ps1'
[2.868s] INFO:colcon.colcon_core.shell:Creating package descriptor '/home/luca/topic-highlight/exam_ws/install/pal_gripper_description/share/pal_gripper_description/package.dsv'
[2.869s] INFO:colcon.colcon_core.shell:Creating package script '/home/luca/topic-highlight/exam_ws/install/pal_gripper_description/share/pal_gripper_description/package.sh'
[2.870s] INFO:colcon.colcon_core.shell:Creating package script '/home/luca/topic-highlight/exam_ws/install/pal_gripper_description/share/pal_gripper_description/package.bash'
[2.870s] INFO:colcon.colcon_core.shell:Creating package script '/home/luca/topic-highlight/exam_ws/install/pal_gripper_description/share/pal_gripper_description/package.zsh'
[2.871s] Level 1:colcon.colcon_core.environment:create_file_with_runtime_dependencies(/home/luca/topic-highlight/exam_ws/install/pal_gripper_description/share/colcon-core/packages/pal_gripper_description)
[2.871s] INFO:colcon.colcon_ros.task.ament_cmake.build:Building ROS package in '/home/luca/topic-highlight/exam_ws/src/pal_gripper/pal_gripper' with build type 'ament_cmake'
[2.872s] INFO:colcon.colcon_cmake.task.cmake.build:Building CMake package in '/home/luca/topic-highlight/exam_ws/src/pal_gripper/pal_gripper'
[2.872s] INFO:colcon.colcon_core.shell:Skip shell extension 'powershell' for command environment: Not usable outside of PowerShell
[2.872s] DEBUG:colcon.colcon_core.shell:Skip shell extension 'dsv' for command environment
[2.884s] DEBUG:colcon.colcon_core.event_handler.log_command:Invoking command in '/home/luca/topic-highlight/exam_ws/build/pal_gripper': AMENT_PREFIX_PATH=/home/luca/topic-highlight/exam_ws/install/pal_gripper_description:/home/luca/topic-highlight/exam_ws/install/urdf_test:/home/luca/topic-highlight/exam_ws/install/pal_urdf_utils:/home/luca/topic-highlight/exam_ws/install/pal_gripper_controller_configuration:${AMENT_PREFIX_PATH} CMAKE_PREFIX_PATH=/home/luca/topic-highlight/exam_ws/install/pal_gripper_description:/home/luca/topic-highlight/exam_ws/install/urdf_test:/home/luca/topic-highlight/exam_ws/install/pal_urdf_utils:/home/luca/topic-highlight/exam_ws/install/pal_gripper_controller_configuration:/opt/ros/humble PYTHONPATH=/home/luca/topic-highlight/exam_ws/install/urdf_test/local/lib/python3.10/dist-packages:${PYTHONPATH} /usr/bin/cmake /home/luca/topic-highlight/exam_ws/src/pal_gripper/pal_gripper -DCMAKE_INSTALL_PREFIX=/home/luca/topic-highlight/exam_ws/install/pal_gripper
[2.994s] DEBUG:colcon.colcon_core.event_handler.log_command:Invoked command in '/home/luca/topic-highlight/exam_ws/build/pal_robotiq_gripper' returned '0': AMENT_PREFIX_PATH=/home/luca/topic-highlight/exam_ws/install/pal_robotiq_description:/home/luca/topic-highlight/exam_ws/install/pal_robotiq_controller_configuration:${AMENT_PREFIX_PATH} CMAKE_PREFIX_PATH=/home/luca/topic-highlight/exam_ws/install/pal_robotiq_description:/home/luca/topic-highlight/exam_ws/install/pal_robotiq_controller_configuration:/opt/ros/humble /usr/bin/cmake /home/luca/topic-highlight/exam_ws/src/pal_robotiq_gripper/pal_robotiq_gripper -DCMAKE_INSTALL_PREFIX=/home/luca/topic-highlight/exam_ws/install/pal_robotiq_gripper
[2.996s] DEBUG:colcon.colcon_core.event_handler.log_command:Invoking command in '/home/luca/topic-highlight/exam_ws/build/pal_robotiq_gripper': AMENT_PREFIX_PATH=/home/luca/topic-highlight/exam_ws/install/pal_robotiq_description:/home/luca/topic-highlight/exam_ws/install/pal_robotiq_controller_configuration:${AMENT_PREFIX_PATH} CMAKE_PREFIX_PATH=/home/luca/topic-highlight/exam_ws/install/pal_robotiq_description:/home/luca/topic-highlight/exam_ws/install/pal_robotiq_controller_configuration:/opt/ros/humble /usr/bin/cmake --build /home/luca/topic-highlight/exam_ws/build/pal_robotiq_gripper -- -j20 -l20
[3.031s] DEBUG:colcon.colcon_core.event_handler.log_command:Invoked command in '/home/luca/topic-highlight/exam_ws/build/pal_robotiq_gripper' returned '0': AMENT_PREFIX_PATH=/home/luca/topic-highlight/exam_ws/install/pal_robotiq_description:/home/luca/topic-highlight/exam_ws/install/pal_robotiq_controller_configuration:${AMENT_PREFIX_PATH} CMAKE_PREFIX_PATH=/home/luca/topic-highlight/exam_ws/install/pal_robotiq_description:/home/luca/topic-highlight/exam_ws/install/pal_robotiq_controller_configuration:/opt/ros/humble /usr/bin/cmake --build /home/luca/topic-highlight/exam_ws/build/pal_robotiq_gripper -- -j20 -l20
[3.032s] DEBUG:colcon.colcon_core.event_handler.log_command:Invoking command in '/home/luca/topic-highlight/exam_ws/build/pal_robotiq_gripper': AMENT_PREFIX_PATH=/home/luca/topic-highlight/exam_ws/install/pal_robotiq_description:/home/luca/topic-highlight/exam_ws/install/pal_robotiq_controller_configuration:${AMENT_PREFIX_PATH} CMAKE_PREFIX_PATH=/home/luca/topic-highlight/exam_ws/install/pal_robotiq_description:/home/luca/topic-highlight/exam_ws/install/pal_robotiq_controller_configuration:/opt/ros/humble /usr/bin/cmake --install /home/luca/topic-highlight/exam_ws/build/pal_robotiq_gripper
[3.041s] Level 1:colcon.colcon_core.environment:create_environment_scripts_only(pal_robotiq_gripper)
[3.042s] Level 1:colcon.colcon_core.environment:checking '/home/luca/topic-highlight/exam_ws/install/pal_robotiq_gripper' for CMake module files
[3.042s] DEBUG:colcon.colcon_core.event_handler.log_command:Invoked command in '/home/luca/topic-highlight/exam_ws/build/pal_robotiq_gripper' returned '0': AMENT_PREFIX_PATH=/home/luca/topic-highlight/exam_ws/install/pal_robotiq_description:/home/luca/topic-highlight/exam_ws/install/pal_robotiq_controller_configuration:${AMENT_PREFIX_PATH} CMAKE_PREFIX_PATH=/home/luca/topic-highlight/exam_ws/install/pal_robotiq_description:/home/luca/topic-highlight/exam_ws/install/pal_robotiq_controller_configuration:/opt/ros/humble /usr/bin/cmake --install /home/luca/topic-highlight/exam_ws/build/pal_robotiq_gripper
[3.042s] Level 1:colcon.colcon_core.environment:checking '/home/luca/topic-highlight/exam_ws/install/pal_robotiq_gripper' for CMake config files
[3.043s] Level 1:colcon.colcon_core.shell:create_environment_hook('pal_robotiq_gripper', 'cmake_prefix_path')
[3.043s] INFO:colcon.colcon_core.shell:Creating environment hook '/home/luca/topic-highlight/exam_ws/install/pal_robotiq_gripper/share/pal_robotiq_gripper/hook/cmake_prefix_path.ps1'
[3.043s] INFO:colcon.colcon_core.shell:Creating environment descriptor '/home/luca/topic-highlight/exam_ws/install/pal_robotiq_gripper/share/pal_robotiq_gripper/hook/cmake_prefix_path.dsv'
[3.043s] INFO:colcon.colcon_core.shell:Creating environment hook '/home/luca/topic-highlight/exam_ws/install/pal_robotiq_gripper/share/pal_robotiq_gripper/hook/cmake_prefix_path.sh'
[3.044s] Level 1:colcon.colcon_core.environment:checking '/home/luca/topic-highlight/exam_ws/install/pal_robotiq_gripper/bin'
[3.044s] Level 1:colcon.colcon_core.environment:checking '/home/luca/topic-highlight/exam_ws/install/pal_robotiq_gripper/lib/pkgconfig/pal_robotiq_gripper.pc'
[3.044s] Level 1:colcon.colcon_core.environment:checking '/home/luca/topic-highlight/exam_ws/install/pal_robotiq_gripper/lib/python3.10/site-packages'
[3.045s] Level 1:colcon.colcon_core.environment:checking '/home/luca/topic-highlight/exam_ws/install/pal_robotiq_gripper/bin'
[3.045s] INFO:colcon.colcon_core.shell:Creating package script '/home/luca/topic-highlight/exam_ws/install/pal_robotiq_gripper/share/pal_robotiq_gripper/package.ps1'
[3.046s] INFO:colcon.colcon_core.shell:Creating package descriptor '/home/luca/topic-highlight/exam_ws/install/pal_robotiq_gripper/share/pal_robotiq_gripper/package.dsv'
[3.046s] INFO:colcon.colcon_core.shell:Creating package script '/home/luca/topic-highlight/exam_ws/install/pal_robotiq_gripper/share/pal_robotiq_gripper/package.sh'
[3.047s] INFO:colcon.colcon_core.shell:Creating package script '/home/luca/topic-highlight/exam_ws/install/pal_robotiq_gripper/share/pal_robotiq_gripper/package.bash'
[3.047s] INFO:colcon.colcon_core.shell:Creating package script '/home/luca/topic-highlight/exam_ws/install/pal_robotiq_gripper/share/pal_robotiq_gripper/package.zsh'
[3.048s] Level 1:colcon.colcon_core.environment:create_file_with_runtime_dependencies(/home/luca/topic-highlight/exam_ws/install/pal_robotiq_gripper/share/colcon-core/packages/pal_robotiq_gripper)
[3.048s] Level 1:colcon.colcon_core.environment:create_environment_scripts_only(pal_robotiq_gripper)
[3.049s] Level 1:colcon.colcon_core.environment:checking '/home/luca/topic-highlight/exam_ws/install/pal_robotiq_gripper' for CMake module files
[3.049s] Level 1:colcon.colcon_core.environment:checking '/home/luca/topic-highlight/exam_ws/install/pal_robotiq_gripper' for CMake config files
[3.050s] Level 1:colcon.colcon_core.shell:create_environment_hook('pal_robotiq_gripper', 'cmake_prefix_path')
[3.050s] INFO:colcon.colcon_core.shell:Creating environment hook '/home/luca/topic-highlight/exam_ws/install/pal_robotiq_gripper/share/pal_robotiq_gripper/hook/cmake_prefix_path.ps1'
[3.050s] INFO:colcon.colcon_core.shell:Creating environment descriptor '/home/luca/topic-highlight/exam_ws/install/pal_robotiq_gripper/share/pal_robotiq_gripper/hook/cmake_prefix_path.dsv'
[3.051s] INFO:colcon.colcon_core.shell:Creating environment hook '/home/luca/topic-highlight/exam_ws/install/pal_robotiq_gripper/share/pal_robotiq_gripper/hook/cmake_prefix_path.sh'
[3.052s] Level 1:colcon.colcon_core.environment:checking '/home/luca/topic-highlight/exam_ws/install/pal_robotiq_gripper/bin'
[3.052s] Level 1:colcon.colcon_core.environment:checking '/home/luca/topic-highlight/exam_ws/install/pal_robotiq_gripper/lib/pkgconfig/pal_robotiq_gripper.pc'
[3.052s] Level 1:colcon.colcon_core.environment:checking '/home/luca/topic-highlight/exam_ws/install/pal_robotiq_gripper/lib/python3.10/site-packages'
[3.052s] Level 1:colcon.colcon_core.environment:checking '/home/luca/topic-highlight/exam_ws/install/pal_robotiq_gripper/bin'
[3.053s] INFO:colcon.colcon_core.shell:Creating package script '/home/luca/topic-highlight/exam_ws/install/pal_robotiq_gripper/share/pal_robotiq_gripper/package.ps1'
[3.053s] INFO:colcon.colcon_core.shell:Creating package descriptor '/home/luca/topic-highlight/exam_ws/install/pal_robotiq_gripper/share/pal_robotiq_gripper/package.dsv'
[3.054s] INFO:colcon.colcon_core.shell:Creating package script '/home/luca/topic-highlight/exam_ws/install/pal_robotiq_gripper/share/pal_robotiq_gripper/package.sh'
[3.054s] INFO:colcon.colcon_core.shell:Creating package script '/home/luca/topic-highlight/exam_ws/install/pal_robotiq_gripper/share/pal_robotiq_gripper/package.bash'
[3.055s] INFO:colcon.colcon_core.shell:Creating package script '/home/luca/topic-highlight/exam_ws/install/pal_robotiq_gripper/share/pal_robotiq_gripper/package.zsh'
[3.056s] Level 1:colcon.colcon_core.environment:create_file_with_runtime_dependencies(/home/luca/topic-highlight/exam_ws/install/pal_robotiq_gripper/share/colcon-core/packages/pal_robotiq_gripper)
[3.154s] DEBUG:colcon.colcon_core.event_handler.log_command:Invoked command in '/home/luca/topic-highlight/exam_ws/build/pal_hey5' returned '0': AMENT_PREFIX_PATH=/home/luca/topic-highlight/exam_ws/install/pal_hey5_description:/home/luca/topic-highlight/exam_ws/install/pal_urdf_utils:/home/luca/topic-highlight/exam_ws/install/pal_hey5_controller_configuration:${AMENT_PREFIX_PATH} CMAKE_PREFIX_PATH=/home/luca/topic-highlight/exam_ws/install/pal_hey5_description:/home/luca/topic-highlight/exam_ws/install/pal_urdf_utils:/home/luca/topic-highlight/exam_ws/install/pal_hey5_controller_configuration:/opt/ros/humble /usr/bin/cmake /home/luca/topic-highlight/exam_ws/src/pal_hey5/pal_hey5 -DCMAKE_INSTALL_PREFIX=/home/luca/topic-highlight/exam_ws/install/pal_hey5
[3.156s] DEBUG:colcon.colcon_core.event_handler.log_command:Invoking command in '/home/luca/topic-highlight/exam_ws/build/pal_hey5': AMENT_PREFIX_PATH=/home/luca/topic-highlight/exam_ws/install/pal_hey5_description:/home/luca/topic-highlight/exam_ws/install/pal_urdf_utils:/home/luca/topic-highlight/exam_ws/install/pal_hey5_controller_configuration:${AMENT_PREFIX_PATH} CMAKE_PREFIX_PATH=/home/luca/topic-highlight/exam_ws/install/pal_hey5_description:/home/luca/topic-highlight/exam_ws/install/pal_urdf_utils:/home/luca/topic-highlight/exam_ws/install/pal_hey5_controller_configuration:/opt/ros/humble /usr/bin/cmake --build /home/luca/topic-highlight/exam_ws/build/pal_hey5 -- -j20 -l20
[3.198s] DEBUG:colcon.colcon_core.event_handler.log_command:Invoked command in '/home/luca/topic-highlight/exam_ws/build/pal_hey5' returned '0': AMENT_PREFIX_PATH=/home/luca/topic-highlight/exam_ws/install/pal_hey5_description:/home/luca/topic-highlight/exam_ws/install/pal_urdf_utils:/home/luca/topic-highlight/exam_ws/install/pal_hey5_controller_configuration:${AMENT_PREFIX_PATH} CMAKE_PREFIX_PATH=/home/luca/topic-highlight/exam_ws/install/pal_hey5_description:/home/luca/topic-highlight/exam_ws/install/pal_urdf_utils:/home/luca/topic-highlight/exam_ws/install/pal_hey5_controller_configuration:/opt/ros/humble /usr/bin/cmake --build /home/luca/topic-highlight/exam_ws/build/pal_hey5 -- -j20 -l20
[3.200s] DEBUG:colcon.colcon_core.event_handler.log_command:Invoking command in '/home/luca/topic-highlight/exam_ws/build/pal_hey5': AMENT_PREFIX_PATH=/home/luca/topic-highlight/exam_ws/install/pal_hey5_description:/home/luca/topic-highlight/exam_ws/install/pal_urdf_utils:/home/luca/topic-highlight/exam_ws/install/pal_hey5_controller_configuration:${AMENT_PREFIX_PATH} CMAKE_PREFIX_PATH=/home/luca/topic-highlight/exam_ws/install/pal_hey5_description:/home/luca/topic-highlight/exam_ws/install/pal_urdf_utils:/home/luca/topic-highlight/exam_ws/install/pal_hey5_controller_configuration:/opt/ros/humble /usr/bin/cmake --install /home/luca/topic-highlight/exam_ws/build/pal_hey5
[3.214s] Level 1:colcon.colcon_core.environment:create_environment_scripts_only(pal_hey5)
[3.214s] Level 1:colcon.colcon_core.environment:checking '/home/luca/topic-highlight/exam_ws/install/pal_hey5' for CMake module files
[3.215s] DEBUG:colcon.colcon_core.event_handler.log_command:Invoked command in '/home/luca/topic-highlight/exam_ws/build/pal_hey5' returned '0': AMENT_PREFIX_PATH=/home/luca/topic-highlight/exam_ws/install/pal_hey5_description:/home/luca/topic-highlight/exam_ws/install/pal_urdf_utils:/home/luca/topic-highlight/exam_ws/install/pal_hey5_controller_configuration:${AMENT_PREFIX_PATH} CMAKE_PREFIX_PATH=/home/luca/topic-highlight/exam_ws/install/pal_hey5_description:/home/luca/topic-highlight/exam_ws/install/pal_urdf_utils:/home/luca/topic-highlight/exam_ws/install/pal_hey5_controller_configuration:/opt/ros/humble /usr/bin/cmake --install /home/luca/topic-highlight/exam_ws/build/pal_hey5
[3.216s] Level 1:colcon.colcon_core.environment:checking '/home/luca/topic-highlight/exam_ws/install/pal_hey5' for CMake config files
[3.216s] Level 1:colcon.colcon_core.shell:create_environment_hook('pal_hey5', 'cmake_prefix_path')
[3.216s] INFO:colcon.colcon_core.shell:Creating environment hook '/home/luca/topic-highlight/exam_ws/install/pal_hey5/share/pal_hey5/hook/cmake_prefix_path.ps1'
[3.217s] INFO:colcon.colcon_core.shell:Creating environment descriptor '/home/luca/topic-highlight/exam_ws/install/pal_hey5/share/pal_hey5/hook/cmake_prefix_path.dsv'
[3.217s] INFO:colcon.colcon_core.shell:Creating environment hook '/home/luca/topic-highlight/exam_ws/install/pal_hey5/share/pal_hey5/hook/cmake_prefix_path.sh'
[3.217s] Level 1:colcon.colcon_core.environment:checking '/home/luca/topic-highlight/exam_ws/install/pal_hey5/bin'
[3.217s] Level 1:colcon.colcon_core.environment:checking '/home/luca/topic-highlight/exam_ws/install/pal_hey5/lib/pkgconfig/pal_hey5.pc'
[3.217s] Level 1:colcon.colcon_core.environment:checking '/home/luca/topic-highlight/exam_ws/install/pal_hey5/lib/python3.10/site-packages'
[3.218s] Level 1:colcon.colcon_core.environment:checking '/home/luca/topic-highlight/exam_ws/install/pal_hey5/bin'
[3.218s] INFO:colcon.colcon_core.shell:Creating package script '/home/luca/topic-highlight/exam_ws/install/pal_hey5/share/pal_hey5/package.ps1'
[3.218s] INFO:colcon.colcon_core.shell:Creating package descriptor '/home/luca/topic-highlight/exam_ws/install/pal_hey5/share/pal_hey5/package.dsv'
[3.219s] INFO:colcon.colcon_core.shell:Creating package script '/home/luca/topic-highlight/exam_ws/install/pal_hey5/share/pal_hey5/package.sh'
[3.219s] INFO:colcon.colcon_core.shell:Creating package script '/home/luca/topic-highlight/exam_ws/install/pal_hey5/share/pal_hey5/package.bash'
[3.219s] INFO:colcon.colcon_core.shell:Creating package script '/home/luca/topic-highlight/exam_ws/install/pal_hey5/share/pal_hey5/package.zsh'
[3.219s] Level 1:colcon.colcon_core.environment:create_file_with_runtime_dependencies(/home/luca/topic-highlight/exam_ws/install/pal_hey5/share/colcon-core/packages/pal_hey5)
[3.220s] Level 1:colcon.colcon_core.environment:create_environment_scripts_only(pal_hey5)
[3.220s] Level 1:colcon.colcon_core.environment:checking '/home/luca/topic-highlight/exam_ws/install/pal_hey5' for CMake module files
[3.220s] Level 1:colcon.colcon_core.environment:checking '/home/luca/topic-highlight/exam_ws/install/pal_hey5' for CMake config files
[3.220s] Level 1:colcon.colcon_core.shell:create_environment_hook('pal_hey5', 'cmake_prefix_path')
[3.221s] INFO:colcon.colcon_core.shell:Creating environment hook '/home/luca/topic-highlight/exam_ws/install/pal_hey5/share/pal_hey5/hook/cmake_prefix_path.ps1'
[3.221s] INFO:colcon.colcon_core.shell:Creating environment descriptor '/home/luca/topic-highlight/exam_ws/install/pal_hey5/share/pal_hey5/hook/cmake_prefix_path.dsv'
[3.221s] INFO:colcon.colcon_core.shell:Creating environment hook '/home/luca/topic-highlight/exam_ws/install/pal_hey5/share/pal_hey5/hook/cmake_prefix_path.sh'
[3.222s] Level 1:colcon.colcon_core.environment:checking '/home/luca/topic-highlight/exam_ws/install/pal_hey5/bin'
[3.222s] Level 1:colcon.colcon_core.environment:checking '/home/luca/topic-highlight/exam_ws/install/pal_hey5/lib/pkgconfig/pal_hey5.pc'
[3.222s] Level 1:colcon.colcon_core.environment:checking '/home/luca/topic-highlight/exam_ws/install/pal_hey5/lib/python3.10/site-packages'
[3.222s] Level 1:colcon.colcon_core.environment:checking '/home/luca/topic-highlight/exam_ws/install/pal_hey5/bin'
[3.222s] INFO:colcon.colcon_core.shell:Creating package script '/home/luca/topic-highlight/exam_ws/install/pal_hey5/share/pal_hey5/package.ps1'
[3.223s] INFO:colcon.colcon_core.shell:Creating package descriptor '/home/luca/topic-highlight/exam_ws/install/pal_hey5/share/pal_hey5/package.dsv'
[3.223s] INFO:colcon.colcon_core.shell:Creating package script '/home/luca/topic-highlight/exam_ws/install/pal_hey5/share/pal_hey5/package.sh'
[3.223s] INFO:colcon.colcon_core.shell:Creating package script '/home/luca/topic-highlight/exam_ws/install/pal_hey5/share/pal_hey5/package.bash'
[3.224s] INFO:colcon.colcon_core.shell:Creating package script '/home/luca/topic-highlight/exam_ws/install/pal_hey5/share/pal_hey5/package.zsh'
[3.224s] Level 1:colcon.colcon_core.environment:create_file_with_runtime_dependencies(/home/luca/topic-highlight/exam_ws/install/pal_hey5/share/colcon-core/packages/pal_hey5)
[3.520s] DEBUG:colcon.colcon_core.event_handler.log_command:Invoked command in '/home/luca/topic-highlight/exam_ws/build/pmb2_navigation' returned '0': AMENT_PREFIX_PATH=/home/luca/topic-highlight/exam_ws/install/pmb2_2dnav:/home/luca/topic-highlight/exam_ws/install/pmb2_maps:/home/luca/topic-highlight/exam_ws/install/pmb2_laser_sensors:${AMENT_PREFIX_PATH} CMAKE_PREFIX_PATH=/home/luca/topic-highlight/exam_ws/install/pmb2_2dnav:/home/luca/topic-highlight/exam_ws/install/pmb2_maps:/home/luca/topic-highlight/exam_ws/install/pmb2_laser_sensors:/opt/ros/humble /usr/bin/cmake /home/luca/topic-highlight/exam_ws/src/pmb2_navigation/pmb2_navigation -DCMAKE_INSTALL_PREFIX=/home/luca/topic-highlight/exam_ws/install/pmb2_navigation
[3.523s] DEBUG:colcon.colcon_core.event_handler.log_command:Invoking command in '/home/luca/topic-highlight/exam_ws/build/pmb2_navigation': AMENT_PREFIX_PATH=/home/luca/topic-highlight/exam_ws/install/pmb2_2dnav:/home/luca/topic-highlight/exam_ws/install/pmb2_maps:/home/luca/topic-highlight/exam_ws/install/pmb2_laser_sensors:${AMENT_PREFIX_PATH} CMAKE_PREFIX_PATH=/home/luca/topic-highlight/exam_ws/install/pmb2_2dnav:/home/luca/topic-highlight/exam_ws/install/pmb2_maps:/home/luca/topic-highlight/exam_ws/install/pmb2_laser_sensors:/opt/ros/humble /usr/bin/cmake --build /home/luca/topic-highlight/exam_ws/build/pmb2_navigation -- -j20 -l20
[3.562s] DEBUG:colcon.colcon_core.event_handler.log_command:Invoked command in '/home/luca/topic-highlight/exam_ws/build/pmb2_navigation' returned '0': AMENT_PREFIX_PATH=/home/luca/topic-highlight/exam_ws/install/pmb2_2dnav:/home/luca/topic-highlight/exam_ws/install/pmb2_maps:/home/luca/topic-highlight/exam_ws/install/pmb2_laser_sensors:${AMENT_PREFIX_PATH} CMAKE_PREFIX_PATH=/home/luca/topic-highlight/exam_ws/install/pmb2_2dnav:/home/luca/topic-highlight/exam_ws/install/pmb2_maps:/home/luca/topic-highlight/exam_ws/install/pmb2_laser_sensors:/opt/ros/humble /usr/bin/cmake --build /home/luca/topic-highlight/exam_ws/build/pmb2_navigation -- -j20 -l20
[3.563s] DEBUG:colcon.colcon_core.event_handler.log_command:Invoking command in '/home/luca/topic-highlight/exam_ws/build/pmb2_navigation': AMENT_PREFIX_PATH=/home/luca/topic-highlight/exam_ws/install/pmb2_2dnav:/home/luca/topic-highlight/exam_ws/install/pmb2_maps:/home/luca/topic-highlight/exam_ws/install/pmb2_laser_sensors:${AMENT_PREFIX_PATH} CMAKE_PREFIX_PATH=/home/luca/topic-highlight/exam_ws/install/pmb2_2dnav:/home/luca/topic-highlight/exam_ws/install/pmb2_maps:/home/luca/topic-highlight/exam_ws/install/pmb2_laser_sensors:/opt/ros/humble /usr/bin/cmake --install /home/luca/topic-highlight/exam_ws/build/pmb2_navigation
[3.571s] Level 1:colcon.colcon_core.environment:create_environment_scripts_only(pmb2_navigation)
[3.572s] Level 1:colcon.colcon_core.environment:checking '/home/luca/topic-highlight/exam_ws/install/pmb2_navigation' for CMake module files
[3.572s] DEBUG:colcon.colcon_core.event_handler.log_command:Invoked command in '/home/luca/topic-highlight/exam_ws/build/pmb2_navigation' returned '0': AMENT_PREFIX_PATH=/home/luca/topic-highlight/exam_ws/install/pmb2_2dnav:/home/luca/topic-highlight/exam_ws/install/pmb2_maps:/home/luca/topic-highlight/exam_ws/install/pmb2_laser_sensors:${AMENT_PREFIX_PATH} CMAKE_PREFIX_PATH=/home/luca/topic-highlight/exam_ws/install/pmb2_2dnav:/home/luca/topic-highlight/exam_ws/install/pmb2_maps:/home/luca/topic-highlight/exam_ws/install/pmb2_laser_sensors:/opt/ros/humble /usr/bin/cmake --install /home/luca/topic-highlight/exam_ws/build/pmb2_navigation
[3.573s] Level 1:colcon.colcon_core.environment:checking '/home/luca/topic-highlight/exam_ws/install/pmb2_navigation' for CMake config files
[3.573s] Level 1:colcon.colcon_core.shell:create_environment_hook('pmb2_navigation', 'cmake_prefix_path')
[3.573s] INFO:colcon.colcon_core.shell:Creating environment hook '/home/luca/topic-highlight/exam_ws/install/pmb2_navigation/share/pmb2_navigation/hook/cmake_prefix_path.ps1'
[3.573s] INFO:colcon.colcon_core.shell:Creating environment descriptor '/home/luca/topic-highlight/exam_ws/install/pmb2_navigation/share/pmb2_navigation/hook/cmake_prefix_path.dsv'
[3.574s] INFO:colcon.colcon_core.shell:Creating environment hook '/home/luca/topic-highlight/exam_ws/install/pmb2_navigation/share/pmb2_navigation/hook/cmake_prefix_path.sh'
[3.574s] Level 1:colcon.colcon_core.environment:checking '/home/luca/topic-highlight/exam_ws/install/pmb2_navigation/bin'
[3.574s] Level 1:colcon.colcon_core.environment:checking '/home/luca/topic-highlight/exam_ws/install/pmb2_navigation/lib/pkgconfig/pmb2_navigation.pc'
[3.574s] Level 1:colcon.colcon_core.environment:checking '/home/luca/topic-highlight/exam_ws/install/pmb2_navigation/lib/python3.10/site-packages'
[3.575s] Level 1:colcon.colcon_core.environment:checking '/home/luca/topic-highlight/exam_ws/install/pmb2_navigation/bin'
[3.575s] INFO:colcon.colcon_core.shell:Creating package script '/home/luca/topic-highlight/exam_ws/install/pmb2_navigation/share/pmb2_navigation/package.ps1'
[3.575s] INFO:colcon.colcon_core.shell:Creating package descriptor '/home/luca/topic-highlight/exam_ws/install/pmb2_navigation/share/pmb2_navigation/package.dsv'
[3.575s] INFO:colcon.colcon_core.shell:Creating package script '/home/luca/topic-highlight/exam_ws/install/pmb2_navigation/share/pmb2_navigation/package.sh'
[3.576s] INFO:colcon.colcon_core.shell:Creating package script '/home/luca/topic-highlight/exam_ws/install/pmb2_navigation/share/pmb2_navigation/package.bash'
[3.576s] INFO:colcon.colcon_core.shell:Creating package script '/home/luca/topic-highlight/exam_ws/install/pmb2_navigation/share/pmb2_navigation/package.zsh'
[3.576s] Level 1:colcon.colcon_core.environment:create_file_with_runtime_dependencies(/home/luca/topic-highlight/exam_ws/install/pmb2_navigation/share/colcon-core/packages/pmb2_navigation)
[3.577s] Level 1:colcon.colcon_core.environment:create_environment_scripts_only(pmb2_navigation)
[3.577s] Level 1:colcon.colcon_core.environment:checking '/home/luca/topic-highlight/exam_ws/install/pmb2_navigation' for CMake module files
[3.578s] Level 1:colcon.colcon_core.environment:checking '/home/luca/topic-highlight/exam_ws/install/pmb2_navigation' for CMake config files
[3.578s] Level 1:colcon.colcon_core.shell:create_environment_hook('pmb2_navigation', 'cmake_prefix_path')
[3.578s] INFO:colcon.colcon_core.shell:Creating environment hook '/home/luca/topic-highlight/exam_ws/install/pmb2_navigation/share/pmb2_navigation/hook/cmake_prefix_path.ps1'
[3.578s] INFO:colcon.colcon_core.shell:Creating environment descriptor '/home/luca/topic-highlight/exam_ws/install/pmb2_navigation/share/pmb2_navigation/hook/cmake_prefix_path.dsv'
[3.579s] INFO:colcon.colcon_core.shell:Creating environment hook '/home/luca/topic-highlight/exam_ws/install/pmb2_navigation/share/pmb2_navigation/hook/cmake_prefix_path.sh'
[3.579s] Level 1:colcon.colcon_core.environment:checking '/home/luca/topic-highlight/exam_ws/install/pmb2_navigation/bin'
[3.579s] Level 1:colcon.colcon_core.environment:checking '/home/luca/topic-highlight/exam_ws/install/pmb2_navigation/lib/pkgconfig/pmb2_navigation.pc'
[3.579s] Level 1:colcon.colcon_core.environment:checking '/home/luca/topic-highlight/exam_ws/install/pmb2_navigation/lib/python3.10/site-packages'
[3.580s] Level 1:colcon.colcon_core.environment:checking '/home/luca/topic-highlight/exam_ws/install/pmb2_navigation/bin'
[3.580s] INFO:colcon.colcon_core.shell:Creating package script '/home/luca/topic-highlight/exam_ws/install/pmb2_navigation/share/pmb2_navigation/package.ps1'
[3.580s] INFO:colcon.colcon_core.shell:Creating package descriptor '/home/luca/topic-highlight/exam_ws/install/pmb2_navigation/share/pmb2_navigation/package.dsv'
[3.581s] INFO:colcon.colcon_core.shell:Creating package script '/home/luca/topic-highlight/exam_ws/install/pmb2_navigation/share/pmb2_navigation/package.sh'
[3.581s] INFO:colcon.colcon_core.shell:Creating package script '/home/luca/topic-highlight/exam_ws/install/pmb2_navigation/share/pmb2_navigation/package.bash'
[3.581s] INFO:colcon.colcon_core.shell:Creating package script '/home/luca/topic-highlight/exam_ws/install/pmb2_navigation/share/pmb2_navigation/package.zsh'
[3.582s] Level 1:colcon.colcon_core.environment:create_file_with_runtime_dependencies(/home/luca/topic-highlight/exam_ws/install/pmb2_navigation/share/colcon-core/packages/pmb2_navigation)
[3.593s] DEBUG:colcon.colcon_core.event_handler.log_command:Invoked command in '/home/luca/topic-highlight/exam_ws/build/tiago_navigation' returned '0': AMENT_PREFIX_PATH=/home/luca/topic-highlight/exam_ws/install/tiago_laser_sensors:/home/luca/topic-highlight/exam_ws/install/tiago_2dnav:/home/luca/topic-highlight/exam_ws/install/pmb2_maps:/home/luca/topic-highlight/exam_ws/install/pmb2_laser_sensors:/home/luca/topic-highlight/exam_ws/install/launch_pal:${AMENT_PREFIX_PATH} CMAKE_PREFIX_PATH=/home/luca/topic-highlight/exam_ws/install/tiago_laser_sensors:/home/luca/topic-highlight/exam_ws/install/tiago_2dnav:/home/luca/topic-highlight/exam_ws/install/pmb2_maps:/home/luca/topic-highlight/exam_ws/install/pmb2_laser_sensors:/opt/ros/humble PYTHONPATH=/home/luca/topic-highlight/exam_ws/install/launch_pal/lib/python3.10/site-packages:${PYTHONPATH} /usr/bin/cmake /home/luca/topic-highlight/exam_ws/src/tiago_navigation/tiago_navigation -DCMAKE_INSTALL_PREFIX=/home/luca/topic-highlight/exam_ws/install/tiago_navigation
[3.595s] DEBUG:colcon.colcon_core.event_handler.log_command:Invoking command in '/home/luca/topic-highlight/exam_ws/build/tiago_navigation': AMENT_PREFIX_PATH=/home/luca/topic-highlight/exam_ws/install/tiago_laser_sensors:/home/luca/topic-highlight/exam_ws/install/tiago_2dnav:/home/luca/topic-highlight/exam_ws/install/pmb2_maps:/home/luca/topic-highlight/exam_ws/install/pmb2_laser_sensors:/home/luca/topic-highlight/exam_ws/install/launch_pal:${AMENT_PREFIX_PATH} CMAKE_PREFIX_PATH=/home/luca/topic-highlight/exam_ws/install/tiago_laser_sensors:/home/luca/topic-highlight/exam_ws/install/tiago_2dnav:/home/luca/topic-highlight/exam_ws/install/pmb2_maps:/home/luca/topic-highlight/exam_ws/install/pmb2_laser_sensors:/opt/ros/humble PYTHONPATH=/home/luca/topic-highlight/exam_ws/install/launch_pal/lib/python3.10/site-packages:${PYTHONPATH} /usr/bin/cmake --build /home/luca/topic-highlight/exam_ws/build/tiago_navigation -- -j20 -l20
[3.608s] DEBUG:colcon.colcon_core.event_handler.log_command:Invoked command in '/home/luca/topic-highlight/exam_ws/build/pal_navigation_cfg' returned '0': AMENT_PREFIX_PATH=/home/luca/topic-highlight/exam_ws/install/pal_navigation_cfg_bringup:/home/luca/topic-highlight/exam_ws/install/pal_navigation_cfg_params:/home/luca/topic-highlight/exam_ws/install/launch_pal:${AMENT_PREFIX_PATH} CMAKE_PREFIX_PATH=/home/luca/topic-highlight/exam_ws/install/pal_navigation_cfg_bringup:/home/luca/topic-highlight/exam_ws/install/pal_navigation_cfg_params:/opt/ros/humble PYTHONPATH=/home/luca/topic-highlight/exam_ws/install/launch_pal/lib/python3.10/site-packages:${PYTHONPATH} /usr/bin/cmake /home/luca/topic-highlight/exam_ws/src/pal_navigation_cfg_public/pal_navigation_cfg_public -DCMAKE_INSTALL_PREFIX=/home/luca/topic-highlight/exam_ws/install/pal_navigation_cfg
[3.609s] DEBUG:colcon.colcon_core.event_handler.log_command:Invoking command in '/home/luca/topic-highlight/exam_ws/build/pal_navigation_cfg': AMENT_PREFIX_PATH=/home/luca/topic-highlight/exam_ws/install/pal_navigation_cfg_bringup:/home/luca/topic-highlight/exam_ws/install/pal_navigation_cfg_params:/home/luca/topic-highlight/exam_ws/install/launch_pal:${AMENT_PREFIX_PATH} CMAKE_PREFIX_PATH=/home/luca/topic-highlight/exam_ws/install/pal_navigation_cfg_bringup:/home/luca/topic-highlight/exam_ws/install/pal_navigation_cfg_params:/opt/ros/humble PYTHONPATH=/home/luca/topic-highlight/exam_ws/install/launch_pal/lib/python3.10/site-packages:${PYTHONPATH} /usr/bin/cmake --build /home/luca/topic-highlight/exam_ws/build/pal_navigation_cfg -- -j20 -l20
[3.627s] DEBUG:colcon.colcon_core.event_handler.log_command:Invoked command in '/home/luca/topic-highlight/exam_ws/build/tiago_navigation' returned '0': AMENT_PREFIX_PATH=/home/luca/topic-highlight/exam_ws/install/tiago_laser_sensors:/home/luca/topic-highlight/exam_ws/install/tiago_2dnav:/home/luca/topic-highlight/exam_ws/install/pmb2_maps:/home/luca/topic-highlight/exam_ws/install/pmb2_laser_sensors:/home/luca/topic-highlight/exam_ws/install/launch_pal:${AMENT_PREFIX_PATH} CMAKE_PREFIX_PATH=/home/luca/topic-highlight/exam_ws/install/tiago_laser_sensors:/home/luca/topic-highlight/exam_ws/install/tiago_2dnav:/home/luca/topic-highlight/exam_ws/install/pmb2_maps:/home/luca/topic-highlight/exam_ws/install/pmb2_laser_sensors:/opt/ros/humble PYTHONPATH=/home/luca/topic-highlight/exam_ws/install/launch_pal/lib/python3.10/site-packages:${PYTHONPATH} /usr/bin/cmake --build /home/luca/topic-highlight/exam_ws/build/tiago_navigation -- -j20 -l20
[3.629s] DEBUG:colcon.colcon_core.event_handler.log_command:Invoking command in '/home/luca/topic-highlight/exam_ws/build/tiago_navigation': AMENT_PREFIX_PATH=/home/luca/topic-highlight/exam_ws/install/tiago_laser_sensors:/home/luca/topic-highlight/exam_ws/install/tiago_2dnav:/home/luca/topic-highlight/exam_ws/install/pmb2_maps:/home/luca/topic-highlight/exam_ws/install/pmb2_laser_sensors:/home/luca/topic-highlight/exam_ws/install/launch_pal:${AMENT_PREFIX_PATH} CMAKE_PREFIX_PATH=/home/luca/topic-highlight/exam_ws/install/tiago_laser_sensors:/home/luca/topic-highlight/exam_ws/install/tiago_2dnav:/home/luca/topic-highlight/exam_ws/install/pmb2_maps:/home/luca/topic-highlight/exam_ws/install/pmb2_laser_sensors:/opt/ros/humble PYTHONPATH=/home/luca/topic-highlight/exam_ws/install/launch_pal/lib/python3.10/site-packages:${PYTHONPATH} /usr/bin/cmake --install /home/luca/topic-highlight/exam_ws/build/tiago_navigation
[3.641s] Level 1:colcon.colcon_core.environment:create_environment_scripts_only(tiago_navigation)
[3.642s] Level 1:colcon.colcon_core.environment:checking '/home/luca/topic-highlight/exam_ws/install/tiago_navigation' for CMake module files
[3.643s] DEBUG:colcon.colcon_core.event_handler.log_command:Invoked command in '/home/luca/topic-highlight/exam_ws/build/tiago_navigation' returned '0': AMENT_PREFIX_PATH=/home/luca/topic-highlight/exam_ws/install/tiago_laser_sensors:/home/luca/topic-highlight/exam_ws/install/tiago_2dnav:/home/luca/topic-highlight/exam_ws/install/pmb2_maps:/home/luca/topic-highlight/exam_ws/install/pmb2_laser_sensors:/home/luca/topic-highlight/exam_ws/install/launch_pal:${AMENT_PREFIX_PATH} CMAKE_PREFIX_PATH=/home/luca/topic-highlight/exam_ws/install/tiago_laser_sensors:/home/luca/topic-highlight/exam_ws/install/tiago_2dnav:/home/luca/topic-highlight/exam_ws/install/pmb2_maps:/home/luca/topic-highlight/exam_ws/install/pmb2_laser_sensors:/opt/ros/humble PYTHONPATH=/home/luca/topic-highlight/exam_ws/install/launch_pal/lib/python3.10/site-packages:${PYTHONPATH} /usr/bin/cmake --install /home/luca/topic-highlight/exam_ws/build/tiago_navigation
[3.643s] Level 1:colcon.colcon_core.environment:checking '/home/luca/topic-highlight/exam_ws/install/tiago_navigation' for CMake config files
[3.644s] Level 1:colcon.colcon_core.shell:create_environment_hook('tiago_navigation', 'cmake_prefix_path')
[3.644s] INFO:colcon.colcon_core.shell:Creating environment hook '/home/luca/topic-highlight/exam_ws/install/tiago_navigation/share/tiago_navigation/hook/cmake_prefix_path.ps1'
[3.644s] INFO:colcon.colcon_core.shell:Creating environment descriptor '/home/luca/topic-highlight/exam_ws/install/tiago_navigation/share/tiago_navigation/hook/cmake_prefix_path.dsv'
[3.645s] INFO:colcon.colcon_core.shell:Creating environment hook '/home/luca/topic-highlight/exam_ws/install/tiago_navigation/share/tiago_navigation/hook/cmake_prefix_path.sh'
[3.645s] Level 1:colcon.colcon_core.environment:checking '/home/luca/topic-highlight/exam_ws/install/tiago_navigation/bin'
[3.645s] Level 1:colcon.colcon_core.environment:checking '/home/luca/topic-highlight/exam_ws/install/tiago_navigation/lib/pkgconfig/tiago_navigation.pc'
[3.645s] Level 1:colcon.colcon_core.environment:checking '/home/luca/topic-highlight/exam_ws/install/tiago_navigation/lib/python3.10/site-packages'
[3.645s] Level 1:colcon.colcon_core.environment:checking '/home/luca/topic-highlight/exam_ws/install/tiago_navigation/bin'
[3.646s] INFO:colcon.colcon_core.shell:Creating package script '/home/luca/topic-highlight/exam_ws/install/tiago_navigation/share/tiago_navigation/package.ps1'
[3.646s] INFO:colcon.colcon_core.shell:Creating package descriptor '/home/luca/topic-highlight/exam_ws/install/tiago_navigation/share/tiago_navigation/package.dsv'
[3.646s] INFO:colcon.colcon_core.shell:Creating package script '/home/luca/topic-highlight/exam_ws/install/tiago_navigation/share/tiago_navigation/package.sh'
[3.647s] INFO:colcon.colcon_core.shell:Creating package script '/home/luca/topic-highlight/exam_ws/install/tiago_navigation/share/tiago_navigation/package.bash'
[3.647s] INFO:colcon.colcon_core.shell:Creating package script '/home/luca/topic-highlight/exam_ws/install/tiago_navigation/share/tiago_navigation/package.zsh'
[3.647s] Level 1:colcon.colcon_core.environment:create_file_with_runtime_dependencies(/home/luca/topic-highlight/exam_ws/install/tiago_navigation/share/colcon-core/packages/tiago_navigation)
[3.648s] Level 1:colcon.colcon_core.environment:create_environment_scripts_only(tiago_navigation)
[3.648s] Level 1:colcon.colcon_core.environment:checking '/home/luca/topic-highlight/exam_ws/install/tiago_navigation' for CMake module files
[3.648s] Level 1:colcon.colcon_core.environment:checking '/home/luca/topic-highlight/exam_ws/install/tiago_navigation' for CMake config files
[3.648s] Level 1:colcon.colcon_core.shell:create_environment_hook('tiago_navigation', 'cmake_prefix_path')
[3.648s] INFO:colcon.colcon_core.shell:Creating environment hook '/home/luca/topic-highlight/exam_ws/install/tiago_navigation/share/tiago_navigation/hook/cmake_prefix_path.ps1'
[3.649s] INFO:colcon.colcon_core.shell:Creating environment descriptor '/home/luca/topic-highlight/exam_ws/install/tiago_navigation/share/tiago_navigation/hook/cmake_prefix_path.dsv'
[3.649s] INFO:colcon.colcon_core.shell:Creating environment hook '/home/luca/topic-highlight/exam_ws/install/tiago_navigation/share/tiago_navigation/hook/cmake_prefix_path.sh'
[3.650s] Level 1:colcon.colcon_core.environment:checking '/home/luca/topic-highlight/exam_ws/install/tiago_navigation/bin'
[3.650s] Level 1:colcon.colcon_core.environment:checking '/home/luca/topic-highlight/exam_ws/install/tiago_navigation/lib/pkgconfig/tiago_navigation.pc'
[3.650s] Level 1:colcon.colcon_core.environment:checking '/home/luca/topic-highlight/exam_ws/install/tiago_navigation/lib/python3.10/site-packages'
[3.650s] Level 1:colcon.colcon_core.environment:checking '/home/luca/topic-highlight/exam_ws/install/tiago_navigation/bin'
[3.650s] INFO:colcon.colcon_core.shell:Creating package script '/home/luca/topic-highlight/exam_ws/install/tiago_navigation/share/tiago_navigation/package.ps1'
[3.651s] INFO:colcon.colcon_core.shell:Creating package descriptor '/home/luca/topic-highlight/exam_ws/install/tiago_navigation/share/tiago_navigation/package.dsv'
[3.651s] INFO:colcon.colcon_core.shell:Creating package script '/home/luca/topic-highlight/exam_ws/install/tiago_navigation/share/tiago_navigation/package.sh'
[3.651s] INFO:colcon.colcon_core.shell:Creating package script '/home/luca/topic-highlight/exam_ws/install/tiago_navigation/share/tiago_navigation/package.bash'
[3.652s] INFO:colcon.colcon_core.shell:Creating package script '/home/luca/topic-highlight/exam_ws/install/tiago_navigation/share/tiago_navigation/package.zsh'
[3.652s] Level 1:colcon.colcon_core.environment:create_file_with_runtime_dependencies(/home/luca/topic-highlight/exam_ws/install/tiago_navigation/share/colcon-core/packages/tiago_navigation)
[3.654s] DEBUG:colcon.colcon_core.event_handler.log_command:Invoked command in '/home/luca/topic-highlight/exam_ws/build/pal_navigation_cfg' returned '0': AMENT_PREFIX_PATH=/home/luca/topic-highlight/exam_ws/install/pal_navigation_cfg_bringup:/home/luca/topic-highlight/exam_ws/install/pal_navigation_cfg_params:/home/luca/topic-highlight/exam_ws/install/launch_pal:${AMENT_PREFIX_PATH} CMAKE_PREFIX_PATH=/home/luca/topic-highlight/exam_ws/install/pal_navigation_cfg_bringup:/home/luca/topic-highlight/exam_ws/install/pal_navigation_cfg_params:/opt/ros/humble PYTHONPATH=/home/luca/topic-highlight/exam_ws/install/launch_pal/lib/python3.10/site-packages:${PYTHONPATH} /usr/bin/cmake --build /home/luca/topic-highlight/exam_ws/build/pal_navigation_cfg -- -j20 -l20
[3.656s] DEBUG:colcon.colcon_core.event_handler.log_command:Invoking command in '/home/luca/topic-highlight/exam_ws/build/pal_navigation_cfg': AMENT_PREFIX_PATH=/home/luca/topic-highlight/exam_ws/install/pal_navigation_cfg_bringup:/home/luca/topic-highlight/exam_ws/install/pal_navigation_cfg_params:/home/luca/topic-highlight/exam_ws/install/launch_pal:${AMENT_PREFIX_PATH} CMAKE_PREFIX_PATH=/home/luca/topic-highlight/exam_ws/install/pal_navigation_cfg_bringup:/home/luca/topic-highlight/exam_ws/install/pal_navigation_cfg_params:/opt/ros/humble PYTHONPATH=/home/luca/topic-highlight/exam_ws/install/launch_pal/lib/python3.10/site-packages:${PYTHONPATH} /usr/bin/cmake --install /home/luca/topic-highlight/exam_ws/build/pal_navigation_cfg
[3.670s] Level 1:colcon.colcon_core.environment:create_environment_scripts_only(pal_navigation_cfg)
[3.670s] Level 1:colcon.colcon_core.environment:checking '/home/luca/topic-highlight/exam_ws/install/pal_navigation_cfg' for CMake module files
[3.671s] DEBUG:colcon.colcon_core.event_handler.log_command:Invoked command in '/home/luca/topic-highlight/exam_ws/build/pal_navigation_cfg' returned '0': AMENT_PREFIX_PATH=/home/luca/topic-highlight/exam_ws/install/pal_navigation_cfg_bringup:/home/luca/topic-highlight/exam_ws/install/pal_navigation_cfg_params:/home/luca/topic-highlight/exam_ws/install/launch_pal:${AMENT_PREFIX_PATH} CMAKE_PREFIX_PATH=/home/luca/topic-highlight/exam_ws/install/pal_navigation_cfg_bringup:/home/luca/topic-highlight/exam_ws/install/pal_navigation_cfg_params:/opt/ros/humble PYTHONPATH=/home/luca/topic-highlight/exam_ws/install/launch_pal/lib/python3.10/site-packages:${PYTHONPATH} /usr/bin/cmake --install /home/luca/topic-highlight/exam_ws/build/pal_navigation_cfg
[3.672s] Level 1:colcon.colcon_core.environment:checking '/home/luca/topic-highlight/exam_ws/install/pal_navigation_cfg' for CMake config files
[3.672s] Level 1:colcon.colcon_core.shell:create_environment_hook('pal_navigation_cfg', 'cmake_prefix_path')
[3.672s] INFO:colcon.colcon_core.shell:Creating environment hook '/home/luca/topic-highlight/exam_ws/install/pal_navigation_cfg/share/pal_navigation_cfg/hook/cmake_prefix_path.ps1'
[3.673s] INFO:colcon.colcon_core.shell:Creating environment descriptor '/home/luca/topic-highlight/exam_ws/install/pal_navigation_cfg/share/pal_navigation_cfg/hook/cmake_prefix_path.dsv'
[3.673s] INFO:colcon.colcon_core.shell:Creating environment hook '/home/luca/topic-highlight/exam_ws/install/pal_navigation_cfg/share/pal_navigation_cfg/hook/cmake_prefix_path.sh'
[3.674s] Level 1:colcon.colcon_core.environment:checking '/home/luca/topic-highlight/exam_ws/install/pal_navigation_cfg/bin'
[3.674s] Level 1:colcon.colcon_core.environment:checking '/home/luca/topic-highlight/exam_ws/install/pal_navigation_cfg/lib/pkgconfig/pal_navigation_cfg.pc'
[3.674s] Level 1:colcon.colcon_core.environment:checking '/home/luca/topic-highlight/exam_ws/install/pal_navigation_cfg/lib/python3.10/site-packages'
[3.675s] Level 1:colcon.colcon_core.environment:checking '/home/luca/topic-highlight/exam_ws/install/pal_navigation_cfg/bin'
[3.675s] INFO:colcon.colcon_core.shell:Creating package script '/home/luca/topic-highlight/exam_ws/install/pal_navigation_cfg/share/pal_navigation_cfg/package.ps1'
[3.676s] INFO:colcon.colcon_core.shell:Creating package descriptor '/home/luca/topic-highlight/exam_ws/install/pal_navigation_cfg/share/pal_navigation_cfg/package.dsv'
[3.676s] INFO:colcon.colcon_core.shell:Creating package script '/home/luca/topic-highlight/exam_ws/install/pal_navigation_cfg/share/pal_navigation_cfg/package.sh'
[3.677s] INFO:colcon.colcon_core.shell:Creating package script '/home/luca/topic-highlight/exam_ws/install/pal_navigation_cfg/share/pal_navigation_cfg/package.bash'
[3.677s] INFO:colcon.colcon_core.shell:Creating package script '/home/luca/topic-highlight/exam_ws/install/pal_navigation_cfg/share/pal_navigation_cfg/package.zsh'
[3.677s] Level 1:colcon.colcon_core.environment:create_file_with_runtime_dependencies(/home/luca/topic-highlight/exam_ws/install/pal_navigation_cfg/share/colcon-core/packages/pal_navigation_cfg)
[3.678s] Level 1:colcon.colcon_core.environment:create_environment_scripts_only(pal_navigation_cfg)
[3.678s] Level 1:colcon.colcon_core.environment:checking '/home/luca/topic-highlight/exam_ws/install/pal_navigation_cfg' for CMake module files
[3.678s] Level 1:colcon.colcon_core.environment:checking '/home/luca/topic-highlight/exam_ws/install/pal_navigation_cfg' for CMake config files
[3.678s] Level 1:colcon.colcon_core.shell:create_environment_hook('pal_navigation_cfg', 'cmake_prefix_path')
[3.679s] INFO:colcon.colcon_core.shell:Creating environment hook '/home/luca/topic-highlight/exam_ws/install/pal_navigation_cfg/share/pal_navigation_cfg/hook/cmake_prefix_path.ps1'
[3.679s] INFO:colcon.colcon_core.shell:Creating environment descriptor '/home/luca/topic-highlight/exam_ws/install/pal_navigation_cfg/share/pal_navigation_cfg/hook/cmake_prefix_path.dsv'
[3.679s] INFO:colcon.colcon_core.shell:Creating environment hook '/home/luca/topic-highlight/exam_ws/install/pal_navigation_cfg/share/pal_navigation_cfg/hook/cmake_prefix_path.sh'
[3.680s] Level 1:colcon.colcon_core.environment:checking '/home/luca/topic-highlight/exam_ws/install/pal_navigation_cfg/bin'
[3.680s] Level 1:colcon.colcon_core.environment:checking '/home/luca/topic-highlight/exam_ws/install/pal_navigation_cfg/lib/pkgconfig/pal_navigation_cfg.pc'
[3.680s] Level 1:colcon.colcon_core.environment:checking '/home/luca/topic-highlight/exam_ws/install/pal_navigation_cfg/lib/python3.10/site-packages'
[3.680s] Level 1:colcon.colcon_core.environment:checking '/home/luca/topic-highlight/exam_ws/install/pal_navigation_cfg/bin'
[3.680s] INFO:colcon.colcon_core.shell:Creating package script '/home/luca/topic-highlight/exam_ws/install/pal_navigation_cfg/share/pal_navigation_cfg/package.ps1'
[3.681s] INFO:colcon.colcon_core.shell:Creating package descriptor '/home/luca/topic-highlight/exam_ws/install/pal_navigation_cfg/share/pal_navigation_cfg/package.dsv'
[3.681s] INFO:colcon.colcon_core.shell:Creating package script '/home/luca/topic-highlight/exam_ws/install/pal_navigation_cfg/share/pal_navigation_cfg/package.sh'
[3.681s] INFO:colcon.colcon_core.shell:Creating package script '/home/luca/topic-highlight/exam_ws/install/pal_navigation_cfg/share/pal_navigation_cfg/package.bash'
[3.682s] INFO:colcon.colcon_core.shell:Creating package script '/home/luca/topic-highlight/exam_ws/install/pal_navigation_cfg/share/pal_navigation_cfg/package.zsh'
[3.682s] Level 1:colcon.colcon_core.environment:create_file_with_runtime_dependencies(/home/luca/topic-highlight/exam_ws/install/pal_navigation_cfg/share/colcon-core/packages/pal_navigation_cfg)
[3.684s] DEBUG:colcon.colcon_core.event_handler.log_command:Invoked command in '/home/luca/topic-highlight/exam_ws/build/pmb2_description' returned '0': AMENT_PREFIX_PATH=/home/luca/topic-highlight/exam_ws/install/pmb2_controller_configuration:/home/luca/topic-highlight/exam_ws/install/urdf_test:/home/luca/topic-highlight/exam_ws/install/pal_urdf_utils:/home/luca/topic-highlight/exam_ws/install/launch_pal:${AMENT_PREFIX_PATH} CMAKE_PREFIX_PATH=/home/luca/topic-highlight/exam_ws/install/pmb2_controller_configuration:/home/luca/topic-highlight/exam_ws/install/urdf_test:/home/luca/topic-highlight/exam_ws/install/pal_urdf_utils:/opt/ros/humble PYTHONPATH=/home/luca/topic-highlight/exam_ws/install/urdf_test/local/lib/python3.10/dist-packages:/home/luca/topic-highlight/exam_ws/install/launch_pal/lib/python3.10/site-packages:${PYTHONPATH} /usr/bin/cmake /home/luca/topic-highlight/exam_ws/src/pmb2_robot/pmb2_description -DCMAKE_INSTALL_PREFIX=/home/luca/topic-highlight/exam_ws/install/pmb2_description
[3.686s] DEBUG:colcon.colcon_core.event_handler.log_command:Invoking command in '/home/luca/topic-highlight/exam_ws/build/pmb2_description': AMENT_PREFIX_PATH=/home/luca/topic-highlight/exam_ws/install/pmb2_controller_configuration:/home/luca/topic-highlight/exam_ws/install/urdf_test:/home/luca/topic-highlight/exam_ws/install/pal_urdf_utils:/home/luca/topic-highlight/exam_ws/install/launch_pal:${AMENT_PREFIX_PATH} CMAKE_PREFIX_PATH=/home/luca/topic-highlight/exam_ws/install/pmb2_controller_configuration:/home/luca/topic-highlight/exam_ws/install/urdf_test:/home/luca/topic-highlight/exam_ws/install/pal_urdf_utils:/opt/ros/humble PYTHONPATH=/home/luca/topic-highlight/exam_ws/install/urdf_test/local/lib/python3.10/dist-packages:/home/luca/topic-highlight/exam_ws/install/launch_pal/lib/python3.10/site-packages:${PYTHONPATH} /usr/bin/cmake --build /home/luca/topic-highlight/exam_ws/build/pmb2_description -- -j20 -l20
[3.756s] DEBUG:colcon.colcon_core.event_handler.log_command:Invoked command in '/home/luca/topic-highlight/exam_ws/build/pal_gripper' returned '0': AMENT_PREFIX_PATH=/home/luca/topic-highlight/exam_ws/install/pal_gripper_description:/home/luca/topic-highlight/exam_ws/install/urdf_test:/home/luca/topic-highlight/exam_ws/install/pal_urdf_utils:/home/luca/topic-highlight/exam_ws/install/pal_gripper_controller_configuration:${AMENT_PREFIX_PATH} CMAKE_PREFIX_PATH=/home/luca/topic-highlight/exam_ws/install/pal_gripper_description:/home/luca/topic-highlight/exam_ws/install/urdf_test:/home/luca/topic-highlight/exam_ws/install/pal_urdf_utils:/home/luca/topic-highlight/exam_ws/install/pal_gripper_controller_configuration:/opt/ros/humble PYTHONPATH=/home/luca/topic-highlight/exam_ws/install/urdf_test/local/lib/python3.10/dist-packages:${PYTHONPATH} /usr/bin/cmake /home/luca/topic-highlight/exam_ws/src/pal_gripper/pal_gripper -DCMAKE_INSTALL_PREFIX=/home/luca/topic-highlight/exam_ws/install/pal_gripper
[3.758s] DEBUG:colcon.colcon_core.event_handler.log_command:Invoking command in '/home/luca/topic-highlight/exam_ws/build/pal_gripper': AMENT_PREFIX_PATH=/home/luca/topic-highlight/exam_ws/install/pal_gripper_description:/home/luca/topic-highlight/exam_ws/install/urdf_test:/home/luca/topic-highlight/exam_ws/install/pal_urdf_utils:/home/luca/topic-highlight/exam_ws/install/pal_gripper_controller_configuration:${AMENT_PREFIX_PATH} CMAKE_PREFIX_PATH=/home/luca/topic-highlight/exam_ws/install/pal_gripper_description:/home/luca/topic-highlight/exam_ws/install/urdf_test:/home/luca/topic-highlight/exam_ws/install/pal_urdf_utils:/home/luca/topic-highlight/exam_ws/install/pal_gripper_controller_configuration:/opt/ros/humble PYTHONPATH=/home/luca/topic-highlight/exam_ws/install/urdf_test/local/lib/python3.10/dist-packages:${PYTHONPATH} /usr/bin/cmake --build /home/luca/topic-highlight/exam_ws/build/pal_gripper -- -j20 -l20
[3.791s] DEBUG:colcon.colcon_core.event_handler.log_command:Invoked command in '/home/luca/topic-highlight/exam_ws/build/pal_gripper' returned '0': AMENT_PREFIX_PATH=/home/luca/topic-highlight/exam_ws/install/pal_gripper_description:/home/luca/topic-highlight/exam_ws/install/urdf_test:/home/luca/topic-highlight/exam_ws/install/pal_urdf_utils:/home/luca/topic-highlight/exam_ws/install/pal_gripper_controller_configuration:${AMENT_PREFIX_PATH} CMAKE_PREFIX_PATH=/home/luca/topic-highlight/exam_ws/install/pal_gripper_description:/home/luca/topic-highlight/exam_ws/install/urdf_test:/home/luca/topic-highlight/exam_ws/install/pal_urdf_utils:/home/luca/topic-highlight/exam_ws/install/pal_gripper_controller_configuration:/opt/ros/humble PYTHONPATH=/home/luca/topic-highlight/exam_ws/install/urdf_test/local/lib/python3.10/dist-packages:${PYTHONPATH} /usr/bin/cmake --build /home/luca/topic-highlight/exam_ws/build/pal_gripper -- -j20 -l20
[3.793s] DEBUG:colcon.colcon_core.event_handler.log_command:Invoking command in '/home/luca/topic-highlight/exam_ws/build/pal_gripper': AMENT_PREFIX_PATH=/home/luca/topic-highlight/exam_ws/install/pal_gripper_description:/home/luca/topic-highlight/exam_ws/install/urdf_test:/home/luca/topic-highlight/exam_ws/install/pal_urdf_utils:/home/luca/topic-highlight/exam_ws/install/pal_gripper_controller_configuration:${AMENT_PREFIX_PATH} CMAKE_PREFIX_PATH=/home/luca/topic-highlight/exam_ws/install/pal_gripper_description:/home/luca/topic-highlight/exam_ws/install/urdf_test:/home/luca/topic-highlight/exam_ws/install/pal_urdf_utils:/home/luca/topic-highlight/exam_ws/install/pal_gripper_controller_configuration:/opt/ros/humble PYTHONPATH=/home/luca/topic-highlight/exam_ws/install/urdf_test/local/lib/python3.10/dist-packages:${PYTHONPATH} /usr/bin/cmake --install /home/luca/topic-highlight/exam_ws/build/pal_gripper
[3.801s] Level 1:colcon.colcon_core.environment:create_environment_scripts_only(pal_gripper)
[3.801s] Level 1:colcon.colcon_core.environment:checking '/home/luca/topic-highlight/exam_ws/install/pal_gripper' for CMake module files
[3.802s] Level 1:colcon.colcon_core.environment:checking '/home/luca/topic-highlight/exam_ws/install/pal_gripper' for CMake config files
[3.802s] DEBUG:colcon.colcon_core.event_handler.log_command:Invoked command in '/home/luca/topic-highlight/exam_ws/build/pal_gripper' returned '0': AMENT_PREFIX_PATH=/home/luca/topic-highlight/exam_ws/install/pal_gripper_description:/home/luca/topic-highlight/exam_ws/install/urdf_test:/home/luca/topic-highlight/exam_ws/install/pal_urdf_utils:/home/luca/topic-highlight/exam_ws/install/pal_gripper_controller_configuration:${AMENT_PREFIX_PATH} CMAKE_PREFIX_PATH=/home/luca/topic-highlight/exam_ws/install/pal_gripper_description:/home/luca/topic-highlight/exam_ws/install/urdf_test:/home/luca/topic-highlight/exam_ws/install/pal_urdf_utils:/home/luca/topic-highlight/exam_ws/install/pal_gripper_controller_configuration:/opt/ros/humble PYTHONPATH=/home/luca/topic-highlight/exam_ws/install/urdf_test/local/lib/python3.10/dist-packages:${PYTHONPATH} /usr/bin/cmake --install /home/luca/topic-highlight/exam_ws/build/pal_gripper
[3.803s] Level 1:colcon.colcon_core.shell:create_environment_hook('pal_gripper', 'cmake_prefix_path')
[3.803s] INFO:colcon.colcon_core.shell:Creating environment hook '/home/luca/topic-highlight/exam_ws/install/pal_gripper/share/pal_gripper/hook/cmake_prefix_path.ps1'
[3.803s] INFO:colcon.colcon_core.shell:Creating environment descriptor '/home/luca/topic-highlight/exam_ws/install/pal_gripper/share/pal_gripper/hook/cmake_prefix_path.dsv'
[3.804s] INFO:colcon.colcon_core.shell:Creating environment hook '/home/luca/topic-highlight/exam_ws/install/pal_gripper/share/pal_gripper/hook/cmake_prefix_path.sh'
[3.805s] Level 1:colcon.colcon_core.environment:checking '/home/luca/topic-highlight/exam_ws/install/pal_gripper/bin'
[3.805s] Level 1:colcon.colcon_core.environment:checking '/home/luca/topic-highlight/exam_ws/install/pal_gripper/lib/pkgconfig/pal_gripper.pc'
[3.806s] Level 1:colcon.colcon_core.environment:checking '/home/luca/topic-highlight/exam_ws/install/pal_gripper/lib/python3.10/site-packages'
[3.806s] Level 1:colcon.colcon_core.environment:checking '/home/luca/topic-highlight/exam_ws/install/pal_gripper/bin'
[3.807s] INFO:colcon.colcon_core.shell:Creating package script '/home/luca/topic-highlight/exam_ws/install/pal_gripper/share/pal_gripper/package.ps1'
[3.807s] INFO:colcon.colcon_core.shell:Creating package descriptor '/home/luca/topic-highlight/exam_ws/install/pal_gripper/share/pal_gripper/package.dsv'
[3.808s] INFO:colcon.colcon_core.shell:Creating package script '/home/luca/topic-highlight/exam_ws/install/pal_gripper/share/pal_gripper/package.sh'
[3.808s] INFO:colcon.colcon_core.shell:Creating package script '/home/luca/topic-highlight/exam_ws/install/pal_gripper/share/pal_gripper/package.bash'
[3.808s] INFO:colcon.colcon_core.shell:Creating package script '/home/luca/topic-highlight/exam_ws/install/pal_gripper/share/pal_gripper/package.zsh'
[3.809s] Level 1:colcon.colcon_core.environment:create_file_with_runtime_dependencies(/home/luca/topic-highlight/exam_ws/install/pal_gripper/share/colcon-core/packages/pal_gripper)
[3.809s] Level 1:colcon.colcon_core.environment:create_environment_scripts_only(pal_gripper)
[3.809s] Level 1:colcon.colcon_core.environment:checking '/home/luca/topic-highlight/exam_ws/install/pal_gripper' for CMake module files
[3.810s] Level 1:colcon.colcon_core.environment:checking '/home/luca/topic-highlight/exam_ws/install/pal_gripper' for CMake config files
[3.810s] Level 1:colcon.colcon_core.shell:create_environment_hook('pal_gripper', 'cmake_prefix_path')
[3.810s] INFO:colcon.colcon_core.shell:Creating environment hook '/home/luca/topic-highlight/exam_ws/install/pal_gripper/share/pal_gripper/hook/cmake_prefix_path.ps1'
[3.811s] INFO:colcon.colcon_core.shell:Creating environment descriptor '/home/luca/topic-highlight/exam_ws/install/pal_gripper/share/pal_gripper/hook/cmake_prefix_path.dsv'
[3.811s] INFO:colcon.colcon_core.shell:Creating environment hook '/home/luca/topic-highlight/exam_ws/install/pal_gripper/share/pal_gripper/hook/cmake_prefix_path.sh'
[3.812s] Level 1:colcon.colcon_core.environment:checking '/home/luca/topic-highlight/exam_ws/install/pal_gripper/bin'
[3.812s] Level 1:colcon.colcon_core.environment:checking '/home/luca/topic-highlight/exam_ws/install/pal_gripper/lib/pkgconfig/pal_gripper.pc'
[3.812s] Level 1:colcon.colcon_core.environment:checking '/home/luca/topic-highlight/exam_ws/install/pal_gripper/lib/python3.10/site-packages'
[3.813s] Level 1:colcon.colcon_core.environment:checking '/home/luca/topic-highlight/exam_ws/install/pal_gripper/bin'
[3.813s] INFO:colcon.colcon_core.shell:Creating package script '/home/luca/topic-highlight/exam_ws/install/pal_gripper/share/pal_gripper/package.ps1'
[3.814s] INFO:colcon.colcon_core.shell:Creating package descriptor '/home/luca/topic-highlight/exam_ws/install/pal_gripper/share/pal_gripper/package.dsv'
[3.814s] INFO:colcon.colcon_core.shell:Creating package script '/home/luca/topic-highlight/exam_ws/install/pal_gripper/share/pal_gripper/package.sh'
[3.816s] INFO:colcon.colcon_core.shell:Creating package script '/home/luca/topic-highlight/exam_ws/install/pal_gripper/share/pal_gripper/package.bash'
[3.816s] INFO:colcon.colcon_core.shell:Creating package script '/home/luca/topic-highlight/exam_ws/install/pal_gripper/share/pal_gripper/package.zsh'
[3.817s] Level 1:colcon.colcon_core.environment:create_file_with_runtime_dependencies(/home/luca/topic-highlight/exam_ws/install/pal_gripper/share/colcon-core/packages/pal_gripper)
[4.080s] DEBUG:colcon.colcon_core.event_handler.log_command:Invoked command in '/home/luca/topic-highlight/exam_ws/build/pmb2_description' returned '0': AMENT_PREFIX_PATH=/home/luca/topic-highlight/exam_ws/install/pmb2_controller_configuration:/home/luca/topic-highlight/exam_ws/install/urdf_test:/home/luca/topic-highlight/exam_ws/install/pal_urdf_utils:/home/luca/topic-highlight/exam_ws/install/launch_pal:${AMENT_PREFIX_PATH} CMAKE_PREFIX_PATH=/home/luca/topic-highlight/exam_ws/install/pmb2_controller_configuration:/home/luca/topic-highlight/exam_ws/install/urdf_test:/home/luca/topic-highlight/exam_ws/install/pal_urdf_utils:/opt/ros/humble PYTHONPATH=/home/luca/topic-highlight/exam_ws/install/urdf_test/local/lib/python3.10/dist-packages:/home/luca/topic-highlight/exam_ws/install/launch_pal/lib/python3.10/site-packages:${PYTHONPATH} /usr/bin/cmake --build /home/luca/topic-highlight/exam_ws/build/pmb2_description -- -j20 -l20
[4.082s] DEBUG:colcon.colcon_core.event_handler.log_command:Invoking command in '/home/luca/topic-highlight/exam_ws/build/pmb2_description': AMENT_PREFIX_PATH=/home/luca/topic-highlight/exam_ws/install/pmb2_controller_configuration:/home/luca/topic-highlight/exam_ws/install/urdf_test:/home/luca/topic-highlight/exam_ws/install/pal_urdf_utils:/home/luca/topic-highlight/exam_ws/install/launch_pal:${AMENT_PREFIX_PATH} CMAKE_PREFIX_PATH=/home/luca/topic-highlight/exam_ws/install/pmb2_controller_configuration:/home/luca/topic-highlight/exam_ws/install/urdf_test:/home/luca/topic-highlight/exam_ws/install/pal_urdf_utils:/opt/ros/humble PYTHONPATH=/home/luca/topic-highlight/exam_ws/install/urdf_test/local/lib/python3.10/dist-packages:/home/luca/topic-highlight/exam_ws/install/launch_pal/lib/python3.10/site-packages:${PYTHONPATH} /usr/bin/cmake --install /home/luca/topic-highlight/exam_ws/build/pmb2_description
[4.165s] Level 1:colcon.colcon_core.environment:create_environment_scripts_only(pmb2_description)
[4.165s] DEBUG:colcon.colcon_core.event_handler.log_command:Invoked command in '/home/luca/topic-highlight/exam_ws/build/pmb2_description' returned '0': AMENT_PREFIX_PATH=/home/luca/topic-highlight/exam_ws/install/pmb2_controller_configuration:/home/luca/topic-highlight/exam_ws/install/urdf_test:/home/luca/topic-highlight/exam_ws/install/pal_urdf_utils:/home/luca/topic-highlight/exam_ws/install/launch_pal:${AMENT_PREFIX_PATH} CMAKE_PREFIX_PATH=/home/luca/topic-highlight/exam_ws/install/pmb2_controller_configuration:/home/luca/topic-highlight/exam_ws/install/urdf_test:/home/luca/topic-highlight/exam_ws/install/pal_urdf_utils:/opt/ros/humble PYTHONPATH=/home/luca/topic-highlight/exam_ws/install/urdf_test/local/lib/python3.10/dist-packages:/home/luca/topic-highlight/exam_ws/install/launch_pal/lib/python3.10/site-packages:${PYTHONPATH} /usr/bin/cmake --install /home/luca/topic-highlight/exam_ws/build/pmb2_description
[4.165s] Level 1:colcon.colcon_core.environment:checking '/home/luca/topic-highlight/exam_ws/install/pmb2_description' for CMake module files
[4.166s] Level 1:colcon.colcon_core.environment:checking '/home/luca/topic-highlight/exam_ws/install/pmb2_description' for CMake config files
[4.166s] Level 1:colcon.colcon_core.shell:create_environment_hook('pmb2_description', 'cmake_prefix_path')
[4.166s] INFO:colcon.colcon_core.shell:Creating environment hook '/home/luca/topic-highlight/exam_ws/install/pmb2_description/share/pmb2_description/hook/cmake_prefix_path.ps1'
[4.167s] INFO:colcon.colcon_core.shell:Creating environment descriptor '/home/luca/topic-highlight/exam_ws/install/pmb2_description/share/pmb2_description/hook/cmake_prefix_path.dsv'
[4.167s] INFO:colcon.colcon_core.shell:Creating environment hook '/home/luca/topic-highlight/exam_ws/install/pmb2_description/share/pmb2_description/hook/cmake_prefix_path.sh'
[4.167s] Level 1:colcon.colcon_core.environment:checking '/home/luca/topic-highlight/exam_ws/install/pmb2_description/bin'
[4.167s] Level 1:colcon.colcon_core.environment:checking '/home/luca/topic-highlight/exam_ws/install/pmb2_description/lib/pkgconfig/pmb2_description.pc'
[4.167s] Level 1:colcon.colcon_core.environment:checking '/home/luca/topic-highlight/exam_ws/install/pmb2_description/lib/python3.10/site-packages'
[4.167s] Level 1:colcon.colcon_core.environment:checking '/home/luca/topic-highlight/exam_ws/install/pmb2_description/bin'
[4.168s] INFO:colcon.colcon_core.shell:Creating package script '/home/luca/topic-highlight/exam_ws/install/pmb2_description/share/pmb2_description/package.ps1'
[4.168s] INFO:colcon.colcon_core.shell:Creating package descriptor '/home/luca/topic-highlight/exam_ws/install/pmb2_description/share/pmb2_description/package.dsv'
[4.168s] INFO:colcon.colcon_core.shell:Creating package script '/home/luca/topic-highlight/exam_ws/install/pmb2_description/share/pmb2_description/package.sh'
[4.169s] INFO:colcon.colcon_core.shell:Creating package script '/home/luca/topic-highlight/exam_ws/install/pmb2_description/share/pmb2_description/package.bash'
[4.169s] INFO:colcon.colcon_core.shell:Creating package script '/home/luca/topic-highlight/exam_ws/install/pmb2_description/share/pmb2_description/package.zsh'
[4.169s] Level 1:colcon.colcon_core.environment:create_file_with_runtime_dependencies(/home/luca/topic-highlight/exam_ws/install/pmb2_description/share/colcon-core/packages/pmb2_description)
[4.169s] Level 1:colcon.colcon_core.environment:create_environment_scripts_only(pmb2_description)
[4.170s] Level 1:colcon.colcon_core.environment:checking '/home/luca/topic-highlight/exam_ws/install/pmb2_description' for CMake module files
[4.170s] Level 1:colcon.colcon_core.environment:checking '/home/luca/topic-highlight/exam_ws/install/pmb2_description' for CMake config files
[4.170s] Level 1:colcon.colcon_core.shell:create_environment_hook('pmb2_description', 'cmake_prefix_path')
[4.170s] INFO:colcon.colcon_core.shell:Creating environment hook '/home/luca/topic-highlight/exam_ws/install/pmb2_description/share/pmb2_description/hook/cmake_prefix_path.ps1'
[4.171s] INFO:colcon.colcon_core.shell:Creating environment descriptor '/home/luca/topic-highlight/exam_ws/install/pmb2_description/share/pmb2_description/hook/cmake_prefix_path.dsv'
[4.171s] INFO:colcon.colcon_core.shell:Creating environment hook '/home/luca/topic-highlight/exam_ws/install/pmb2_description/share/pmb2_description/hook/cmake_prefix_path.sh'
[4.171s] Level 1:colcon.colcon_core.environment:checking '/home/luca/topic-highlight/exam_ws/install/pmb2_description/bin'
[4.171s] Level 1:colcon.colcon_core.environment:checking '/home/luca/topic-highlight/exam_ws/install/pmb2_description/lib/pkgconfig/pmb2_description.pc'
[4.171s] Level 1:colcon.colcon_core.environment:checking '/home/luca/topic-highlight/exam_ws/install/pmb2_description/lib/python3.10/site-packages'
[4.172s] Level 1:colcon.colcon_core.environment:checking '/home/luca/topic-highlight/exam_ws/install/pmb2_description/bin'
[4.172s] INFO:colcon.colcon_core.shell:Creating package script '/home/luca/topic-highlight/exam_ws/install/pmb2_description/share/pmb2_description/package.ps1'
[4.172s] INFO:colcon.colcon_core.shell:Creating package descriptor '/home/luca/topic-highlight/exam_ws/install/pmb2_description/share/pmb2_description/package.dsv'
[4.172s] INFO:colcon.colcon_core.shell:Creating package script '/home/luca/topic-highlight/exam_ws/install/pmb2_description/share/pmb2_description/package.sh'
[4.173s] INFO:colcon.colcon_core.shell:Creating package script '/home/luca/topic-highlight/exam_ws/install/pmb2_description/share/pmb2_description/package.bash'
[4.173s] INFO:colcon.colcon_core.shell:Creating package script '/home/luca/topic-highlight/exam_ws/install/pmb2_description/share/pmb2_description/package.zsh'
[4.173s] Level 1:colcon.colcon_core.environment:create_file_with_runtime_dependencies(/home/luca/topic-highlight/exam_ws/install/pmb2_description/share/colcon-core/packages/pmb2_description)
[4.174s] INFO:colcon.colcon_ros.task.ament_cmake.build:Building ROS package in '/home/luca/topic-highlight/exam_ws/src/tiago_robot/tiago_description' with build type 'ament_cmake'
[4.174s] INFO:colcon.colcon_cmake.task.cmake.build:Building CMake package in '/home/luca/topic-highlight/exam_ws/src/tiago_robot/tiago_description'
[4.174s] INFO:colcon.colcon_core.shell:Skip shell extension 'powershell' for command environment: Not usable outside of PowerShell
[4.174s] DEBUG:colcon.colcon_core.shell:Skip shell extension 'dsv' for command environment
[4.177s] INFO:colcon.colcon_ros.task.ament_cmake.build:Building ROS package in '/home/luca/topic-highlight/exam_ws/src/pmb2_robot/pmb2_bringup' with build type 'ament_cmake'
[4.177s] INFO:colcon.colcon_cmake.task.cmake.build:Building CMake package in '/home/luca/topic-highlight/exam_ws/src/pmb2_robot/pmb2_bringup'
[4.178s] INFO:colcon.colcon_core.shell:Skip shell extension 'powershell' for command environment: Not usable outside of PowerShell
[4.178s] DEBUG:colcon.colcon_core.shell:Skip shell extension 'dsv' for command environment
[4.190s] DEBUG:colcon.colcon_core.event_handler.log_command:Invoking command in '/home/luca/topic-highlight/exam_ws/build/tiago_description': AMENT_PREFIX_PATH=/home/luca/topic-highlight/exam_ws/install/pmb2_description:/home/luca/topic-highlight/exam_ws/install/tiago_controller_configuration:/home/luca/topic-highlight/exam_ws/install/pmb2_controller_configuration:/home/luca/topic-highlight/exam_ws/install/pal_hey5_description:/home/luca/topic-highlight/exam_ws/install/pal_gripper_description:/home/luca/topic-highlight/exam_ws/install/urdf_test:/home/luca/topic-highlight/exam_ws/install/pal_urdf_utils:/home/luca/topic-highlight/exam_ws/install/pal_robotiq_description:/home/luca/topic-highlight/exam_ws/install/pal_robotiq_controller_configuration:/home/luca/topic-highlight/exam_ws/install/pal_hey5_controller_configuration:/home/luca/topic-highlight/exam_ws/install/pal_gripper_controller_configuration:/home/luca/topic-highlight/exam_ws/install/launch_pal:${AMENT_PREFIX_PATH} CMAKE_PREFIX_PATH=/home/luca/topic-highlight/exam_ws/install/pmb2_description:/home/luca/topic-highlight/exam_ws/install/tiago_controller_configuration:/home/luca/topic-highlight/exam_ws/install/pmb2_controller_configuration:/home/luca/topic-highlight/exam_ws/install/pal_hey5_description:/home/luca/topic-highlight/exam_ws/install/pal_gripper_description:/home/luca/topic-highlight/exam_ws/install/urdf_test:/home/luca/topic-highlight/exam_ws/install/pal_urdf_utils:/home/luca/topic-highlight/exam_ws/install/pal_robotiq_description:/home/luca/topic-highlight/exam_ws/install/pal_robotiq_controller_configuration:/home/luca/topic-highlight/exam_ws/install/pal_hey5_controller_configuration:/home/luca/topic-highlight/exam_ws/install/pal_gripper_controller_configuration:/opt/ros/humble PYTHONPATH=/home/luca/topic-highlight/exam_ws/install/pmb2_description/local/lib/python3.10/dist-packages:/home/luca/topic-highlight/exam_ws/install/urdf_test/local/lib/python3.10/dist-packages:/home/luca/topic-highlight/exam_ws/install/launch_pal/lib/python3.10/site-packages:${PYTHONPATH} /usr/bin/cmake /home/luca/topic-highlight/exam_ws/src/tiago_robot/tiago_description -DCMAKE_INSTALL_PREFIX=/home/luca/topic-highlight/exam_ws/install/tiago_description
[4.191s] DEBUG:colcon.colcon_core.event_handler.log_command:Invoking command in '/home/luca/topic-highlight/exam_ws/build/pmb2_bringup': AMENT_PREFIX_PATH=/home/luca/topic-highlight/exam_ws/install/pmb2_description:/home/luca/topic-highlight/exam_ws/install/pmb2_controller_configuration:/home/luca/topic-highlight/exam_ws/install/urdf_test:/home/luca/topic-highlight/exam_ws/install/pal_urdf_utils:/home/luca/topic-highlight/exam_ws/install/launch_pal:${AMENT_PREFIX_PATH} CMAKE_PREFIX_PATH=/home/luca/topic-highlight/exam_ws/install/pmb2_description:/home/luca/topic-highlight/exam_ws/install/pmb2_controller_configuration:/home/luca/topic-highlight/exam_ws/install/urdf_test:/home/luca/topic-highlight/exam_ws/install/pal_urdf_utils:/opt/ros/humble PYTHONPATH=/home/luca/topic-highlight/exam_ws/install/pmb2_description/local/lib/python3.10/dist-packages:/home/luca/topic-highlight/exam_ws/install/urdf_test/local/lib/python3.10/dist-packages:/home/luca/topic-highlight/exam_ws/install/launch_pal/lib/python3.10/site-packages:${PYTHONPATH} /usr/bin/cmake /home/luca/topic-highlight/exam_ws/src/pmb2_robot/pmb2_bringup -DCMAKE_INSTALL_PREFIX=/home/luca/topic-highlight/exam_ws/install/pmb2_bringup
[4.854s] DEBUG:colcon.colcon_core.event_handler.log_command:Invoked command in '/home/luca/topic-highlight/exam_ws/build/pmb2_bringup' returned '0': AMENT_PREFIX_PATH=/home/luca/topic-highlight/exam_ws/install/pmb2_description:/home/luca/topic-highlight/exam_ws/install/pmb2_controller_configuration:/home/luca/topic-highlight/exam_ws/install/urdf_test:/home/luca/topic-highlight/exam_ws/install/pal_urdf_utils:/home/luca/topic-highlight/exam_ws/install/launch_pal:${AMENT_PREFIX_PATH} CMAKE_PREFIX_PATH=/home/luca/topic-highlight/exam_ws/install/pmb2_description:/home/luca/topic-highlight/exam_ws/install/pmb2_controller_configuration:/home/luca/topic-highlight/exam_ws/install/urdf_test:/home/luca/topic-highlight/exam_ws/install/pal_urdf_utils:/opt/ros/humble PYTHONPATH=/home/luca/topic-highlight/exam_ws/install/pmb2_description/local/lib/python3.10/dist-packages:/home/luca/topic-highlight/exam_ws/install/urdf_test/local/lib/python3.10/dist-packages:/home/luca/topic-highlight/exam_ws/install/launch_pal/lib/python3.10/site-packages:${PYTHONPATH} /usr/bin/cmake /home/luca/topic-highlight/exam_ws/src/pmb2_robot/pmb2_bringup -DCMAKE_INSTALL_PREFIX=/home/luca/topic-highlight/exam_ws/install/pmb2_bringup
[4.855s] DEBUG:colcon.colcon_core.event_handler.log_command:Invoking command in '/home/luca/topic-highlight/exam_ws/build/pmb2_bringup': AMENT_PREFIX_PATH=/home/luca/topic-highlight/exam_ws/install/pmb2_description:/home/luca/topic-highlight/exam_ws/install/pmb2_controller_configuration:/home/luca/topic-highlight/exam_ws/install/urdf_test:/home/luca/topic-highlight/exam_ws/install/pal_urdf_utils:/home/luca/topic-highlight/exam_ws/install/launch_pal:${AMENT_PREFIX_PATH} CMAKE_PREFIX_PATH=/home/luca/topic-highlight/exam_ws/install/pmb2_description:/home/luca/topic-highlight/exam_ws/install/pmb2_controller_configuration:/home/luca/topic-highlight/exam_ws/install/urdf_test:/home/luca/topic-highlight/exam_ws/install/pal_urdf_utils:/opt/ros/humble PYTHONPATH=/home/luca/topic-highlight/exam_ws/install/pmb2_description/local/lib/python3.10/dist-packages:/home/luca/topic-highlight/exam_ws/install/urdf_test/local/lib/python3.10/dist-packages:/home/luca/topic-highlight/exam_ws/install/launch_pal/lib/python3.10/site-packages:${PYTHONPATH} /usr/bin/cmake --build /home/luca/topic-highlight/exam_ws/build/pmb2_bringup -- -j20 -l20
[4.883s] DEBUG:colcon.colcon_core.event_handler.log_command:Invoked command in '/home/luca/topic-highlight/exam_ws/build/pmb2_bringup' returned '0': AMENT_PREFIX_PATH=/home/luca/topic-highlight/exam_ws/install/pmb2_description:/home/luca/topic-highlight/exam_ws/install/pmb2_controller_configuration:/home/luca/topic-highlight/exam_ws/install/urdf_test:/home/luca/topic-highlight/exam_ws/install/pal_urdf_utils:/home/luca/topic-highlight/exam_ws/install/launch_pal:${AMENT_PREFIX_PATH} CMAKE_PREFIX_PATH=/home/luca/topic-highlight/exam_ws/install/pmb2_description:/home/luca/topic-highlight/exam_ws/install/pmb2_controller_configuration:/home/luca/topic-highlight/exam_ws/install/urdf_test:/home/luca/topic-highlight/exam_ws/install/pal_urdf_utils:/opt/ros/humble PYTHONPATH=/home/luca/topic-highlight/exam_ws/install/pmb2_description/local/lib/python3.10/dist-packages:/home/luca/topic-highlight/exam_ws/install/urdf_test/local/lib/python3.10/dist-packages:/home/luca/topic-highlight/exam_ws/install/launch_pal/lib/python3.10/site-packages:${PYTHONPATH} /usr/bin/cmake --build /home/luca/topic-highlight/exam_ws/build/pmb2_bringup -- -j20 -l20
[4.884s] DEBUG:colcon.colcon_core.event_handler.log_command:Invoking command in '/home/luca/topic-highlight/exam_ws/build/pmb2_bringup': AMENT_PREFIX_PATH=/home/luca/topic-highlight/exam_ws/install/pmb2_description:/home/luca/topic-highlight/exam_ws/install/pmb2_controller_configuration:/home/luca/topic-highlight/exam_ws/install/urdf_test:/home/luca/topic-highlight/exam_ws/install/pal_urdf_utils:/home/luca/topic-highlight/exam_ws/install/launch_pal:${AMENT_PREFIX_PATH} CMAKE_PREFIX_PATH=/home/luca/topic-highlight/exam_ws/install/pmb2_description:/home/luca/topic-highlight/exam_ws/install/pmb2_controller_configuration:/home/luca/topic-highlight/exam_ws/install/urdf_test:/home/luca/topic-highlight/exam_ws/install/pal_urdf_utils:/opt/ros/humble PYTHONPATH=/home/luca/topic-highlight/exam_ws/install/pmb2_description/local/lib/python3.10/dist-packages:/home/luca/topic-highlight/exam_ws/install/urdf_test/local/lib/python3.10/dist-packages:/home/luca/topic-highlight/exam_ws/install/launch_pal/lib/python3.10/site-packages:${PYTHONPATH} /usr/bin/cmake --install /home/luca/topic-highlight/exam_ws/build/pmb2_bringup
[4.893s] Level 1:colcon.colcon_core.environment:create_environment_scripts_only(pmb2_bringup)
[4.893s] Level 1:colcon.colcon_core.environment:checking '/home/luca/topic-highlight/exam_ws/install/pmb2_bringup' for CMake module files
[4.893s] DEBUG:colcon.colcon_core.event_handler.log_command:Invoked command in '/home/luca/topic-highlight/exam_ws/build/pmb2_bringup' returned '0': AMENT_PREFIX_PATH=/home/luca/topic-highlight/exam_ws/install/pmb2_description:/home/luca/topic-highlight/exam_ws/install/pmb2_controller_configuration:/home/luca/topic-highlight/exam_ws/install/urdf_test:/home/luca/topic-highlight/exam_ws/install/pal_urdf_utils:/home/luca/topic-highlight/exam_ws/install/launch_pal:${AMENT_PREFIX_PATH} CMAKE_PREFIX_PATH=/home/luca/topic-highlight/exam_ws/install/pmb2_description:/home/luca/topic-highlight/exam_ws/install/pmb2_controller_configuration:/home/luca/topic-highlight/exam_ws/install/urdf_test:/home/luca/topic-highlight/exam_ws/install/pal_urdf_utils:/opt/ros/humble PYTHONPATH=/home/luca/topic-highlight/exam_ws/install/pmb2_description/local/lib/python3.10/dist-packages:/home/luca/topic-highlight/exam_ws/install/urdf_test/local/lib/python3.10/dist-packages:/home/luca/topic-highlight/exam_ws/install/launch_pal/lib/python3.10/site-packages:${PYTHONPATH} /usr/bin/cmake --install /home/luca/topic-highlight/exam_ws/build/pmb2_bringup
[4.894s] Level 1:colcon.colcon_core.environment:checking '/home/luca/topic-highlight/exam_ws/install/pmb2_bringup' for CMake config files
[4.894s] Level 1:colcon.colcon_core.shell:create_environment_hook('pmb2_bringup', 'cmake_prefix_path')
[4.894s] INFO:colcon.colcon_core.shell:Creating environment hook '/home/luca/topic-highlight/exam_ws/install/pmb2_bringup/share/pmb2_bringup/hook/cmake_prefix_path.ps1'
[4.894s] INFO:colcon.colcon_core.shell:Creating environment descriptor '/home/luca/topic-highlight/exam_ws/install/pmb2_bringup/share/pmb2_bringup/hook/cmake_prefix_path.dsv'
[4.895s] INFO:colcon.colcon_core.shell:Creating environment hook '/home/luca/topic-highlight/exam_ws/install/pmb2_bringup/share/pmb2_bringup/hook/cmake_prefix_path.sh'
[4.895s] Level 1:colcon.colcon_core.environment:checking '/home/luca/topic-highlight/exam_ws/install/pmb2_bringup/bin'
[4.895s] Level 1:colcon.colcon_core.environment:checking '/home/luca/topic-highlight/exam_ws/install/pmb2_bringup/lib/pkgconfig/pmb2_bringup.pc'
[4.895s] Level 1:colcon.colcon_core.environment:checking '/home/luca/topic-highlight/exam_ws/install/pmb2_bringup/lib/python3.10/site-packages'
[4.895s] Level 1:colcon.colcon_core.environment:checking '/home/luca/topic-highlight/exam_ws/install/pmb2_bringup/bin'
[4.896s] INFO:colcon.colcon_core.shell:Creating package script '/home/luca/topic-highlight/exam_ws/install/pmb2_bringup/share/pmb2_bringup/package.ps1'
[4.896s] INFO:colcon.colcon_core.shell:Creating package descriptor '/home/luca/topic-highlight/exam_ws/install/pmb2_bringup/share/pmb2_bringup/package.dsv'
[4.896s] INFO:colcon.colcon_core.shell:Creating package script '/home/luca/topic-highlight/exam_ws/install/pmb2_bringup/share/pmb2_bringup/package.sh'
[4.896s] INFO:colcon.colcon_core.shell:Creating package script '/home/luca/topic-highlight/exam_ws/install/pmb2_bringup/share/pmb2_bringup/package.bash'
[4.896s] INFO:colcon.colcon_core.shell:Creating package script '/home/luca/topic-highlight/exam_ws/install/pmb2_bringup/share/pmb2_bringup/package.zsh'
[4.897s] Level 1:colcon.colcon_core.environment:create_file_with_runtime_dependencies(/home/luca/topic-highlight/exam_ws/install/pmb2_bringup/share/colcon-core/packages/pmb2_bringup)
[4.897s] Level 1:colcon.colcon_core.environment:create_environment_scripts_only(pmb2_bringup)
[4.897s] Level 1:colcon.colcon_core.environment:checking '/home/luca/topic-highlight/exam_ws/install/pmb2_bringup' for CMake module files
[4.897s] Level 1:colcon.colcon_core.environment:checking '/home/luca/topic-highlight/exam_ws/install/pmb2_bringup' for CMake config files
[4.898s] Level 1:colcon.colcon_core.shell:create_environment_hook('pmb2_bringup', 'cmake_prefix_path')
[4.898s] INFO:colcon.colcon_core.shell:Creating environment hook '/home/luca/topic-highlight/exam_ws/install/pmb2_bringup/share/pmb2_bringup/hook/cmake_prefix_path.ps1'
[4.898s] INFO:colcon.colcon_core.shell:Creating environment descriptor '/home/luca/topic-highlight/exam_ws/install/pmb2_bringup/share/pmb2_bringup/hook/cmake_prefix_path.dsv'
[4.898s] INFO:colcon.colcon_core.shell:Creating environment hook '/home/luca/topic-highlight/exam_ws/install/pmb2_bringup/share/pmb2_bringup/hook/cmake_prefix_path.sh'
[4.899s] Level 1:colcon.colcon_core.environment:checking '/home/luca/topic-highlight/exam_ws/install/pmb2_bringup/bin'
[4.899s] Level 1:colcon.colcon_core.environment:checking '/home/luca/topic-highlight/exam_ws/install/pmb2_bringup/lib/pkgconfig/pmb2_bringup.pc'
[4.899s] Level 1:colcon.colcon_core.environment:checking '/home/luca/topic-highlight/exam_ws/install/pmb2_bringup/lib/python3.10/site-packages'
[4.899s] Level 1:colcon.colcon_core.environment:checking '/home/luca/topic-highlight/exam_ws/install/pmb2_bringup/bin'
[4.899s] INFO:colcon.colcon_core.shell:Creating package script '/home/luca/topic-highlight/exam_ws/install/pmb2_bringup/share/pmb2_bringup/package.ps1'
[4.899s] INFO:colcon.colcon_core.shell:Creating package descriptor '/home/luca/topic-highlight/exam_ws/install/pmb2_bringup/share/pmb2_bringup/package.dsv'
[4.900s] INFO:colcon.colcon_core.shell:Creating package script '/home/luca/topic-highlight/exam_ws/install/pmb2_bringup/share/pmb2_bringup/package.sh'
[4.900s] INFO:colcon.colcon_core.shell:Creating package script '/home/luca/topic-highlight/exam_ws/install/pmb2_bringup/share/pmb2_bringup/package.bash'
[4.900s] INFO:colcon.colcon_core.shell:Creating package script '/home/luca/topic-highlight/exam_ws/install/pmb2_bringup/share/pmb2_bringup/package.zsh'
[4.900s] Level 1:colcon.colcon_core.environment:create_file_with_runtime_dependencies(/home/luca/topic-highlight/exam_ws/install/pmb2_bringup/share/colcon-core/packages/pmb2_bringup)
[4.901s] INFO:colcon.colcon_ros.task.ament_cmake.build:Building ROS package in '/home/luca/topic-highlight/exam_ws/src/pmb2_robot/pmb2_robot' with build type 'ament_cmake'
[4.901s] INFO:colcon.colcon_cmake.task.cmake.build:Building CMake package in '/home/luca/topic-highlight/exam_ws/src/pmb2_robot/pmb2_robot'
[4.901s] INFO:colcon.colcon_core.shell:Skip shell extension 'powershell' for command environment: Not usable outside of PowerShell
[4.901s] DEBUG:colcon.colcon_core.shell:Skip shell extension 'dsv' for command environment
[4.911s] DEBUG:colcon.colcon_core.event_handler.log_command:Invoking command in '/home/luca/topic-highlight/exam_ws/build/pmb2_robot': AMENT_PREFIX_PATH=/home/luca/topic-highlight/exam_ws/install/pmb2_bringup:/home/luca/topic-highlight/exam_ws/install/pmb2_description:/home/luca/topic-highlight/exam_ws/install/pmb2_controller_configuration:/home/luca/topic-highlight/exam_ws/install/urdf_test:/home/luca/topic-highlight/exam_ws/install/pal_urdf_utils:/home/luca/topic-highlight/exam_ws/install/launch_pal:${AMENT_PREFIX_PATH} CMAKE_PREFIX_PATH=/home/luca/topic-highlight/exam_ws/install/pmb2_bringup:/home/luca/topic-highlight/exam_ws/install/pmb2_description:/home/luca/topic-highlight/exam_ws/install/pmb2_controller_configuration:/home/luca/topic-highlight/exam_ws/install/urdf_test:/home/luca/topic-highlight/exam_ws/install/pal_urdf_utils:/opt/ros/humble PYTHONPATH=/home/luca/topic-highlight/exam_ws/install/pmb2_description/local/lib/python3.10/dist-packages:/home/luca/topic-highlight/exam_ws/install/urdf_test/local/lib/python3.10/dist-packages:/home/luca/topic-highlight/exam_ws/install/launch_pal/lib/python3.10/site-packages:${PYTHONPATH} /usr/bin/cmake /home/luca/topic-highlight/exam_ws/src/pmb2_robot/pmb2_robot -DCMAKE_INSTALL_PREFIX=/home/luca/topic-highlight/exam_ws/install/pmb2_robot
[4.943s] DEBUG:colcon.colcon_core.event_handler.log_command:Invoked command in '/home/luca/topic-highlight/exam_ws/build/tiago_description' returned '0': AMENT_PREFIX_PATH=/home/luca/topic-highlight/exam_ws/install/pmb2_description:/home/luca/topic-highlight/exam_ws/install/tiago_controller_configuration:/home/luca/topic-highlight/exam_ws/install/pmb2_controller_configuration:/home/luca/topic-highlight/exam_ws/install/pal_hey5_description:/home/luca/topic-highlight/exam_ws/install/pal_gripper_description:/home/luca/topic-highlight/exam_ws/install/urdf_test:/home/luca/topic-highlight/exam_ws/install/pal_urdf_utils:/home/luca/topic-highlight/exam_ws/install/pal_robotiq_description:/home/luca/topic-highlight/exam_ws/install/pal_robotiq_controller_configuration:/home/luca/topic-highlight/exam_ws/install/pal_hey5_controller_configuration:/home/luca/topic-highlight/exam_ws/install/pal_gripper_controller_configuration:/home/luca/topic-highlight/exam_ws/install/launch_pal:${AMENT_PREFIX_PATH} CMAKE_PREFIX_PATH=/home/luca/topic-highlight/exam_ws/install/pmb2_description:/home/luca/topic-highlight/exam_ws/install/tiago_controller_configuration:/home/luca/topic-highlight/exam_ws/install/pmb2_controller_configuration:/home/luca/topic-highlight/exam_ws/install/pal_hey5_description:/home/luca/topic-highlight/exam_ws/install/pal_gripper_description:/home/luca/topic-highlight/exam_ws/install/urdf_test:/home/luca/topic-highlight/exam_ws/install/pal_urdf_utils:/home/luca/topic-highlight/exam_ws/install/pal_robotiq_description:/home/luca/topic-highlight/exam_ws/install/pal_robotiq_controller_configuration:/home/luca/topic-highlight/exam_ws/install/pal_hey5_controller_configuration:/home/luca/topic-highlight/exam_ws/install/pal_gripper_controller_configuration:/opt/ros/humble PYTHONPATH=/home/luca/topic-highlight/exam_ws/install/pmb2_description/local/lib/python3.10/dist-packages:/home/luca/topic-highlight/exam_ws/install/urdf_test/local/lib/python3.10/dist-packages:/home/luca/topic-highlight/exam_ws/install/launch_pal/lib/python3.10/site-packages:${PYTHONPATH} /usr/bin/cmake /home/luca/topic-highlight/exam_ws/src/tiago_robot/tiago_description -DCMAKE_INSTALL_PREFIX=/home/luca/topic-highlight/exam_ws/install/tiago_description
[4.945s] DEBUG:colcon.colcon_core.event_handler.log_command:Invoking command in '/home/luca/topic-highlight/exam_ws/build/tiago_description': AMENT_PREFIX_PATH=/home/luca/topic-highlight/exam_ws/install/pmb2_description:/home/luca/topic-highlight/exam_ws/install/tiago_controller_configuration:/home/luca/topic-highlight/exam_ws/install/pmb2_controller_configuration:/home/luca/topic-highlight/exam_ws/install/pal_hey5_description:/home/luca/topic-highlight/exam_ws/install/pal_gripper_description:/home/luca/topic-highlight/exam_ws/install/urdf_test:/home/luca/topic-highlight/exam_ws/install/pal_urdf_utils:/home/luca/topic-highlight/exam_ws/install/pal_robotiq_description:/home/luca/topic-highlight/exam_ws/install/pal_robotiq_controller_configuration:/home/luca/topic-highlight/exam_ws/install/pal_hey5_controller_configuration:/home/luca/topic-highlight/exam_ws/install/pal_gripper_controller_configuration:/home/luca/topic-highlight/exam_ws/install/launch_pal:${AMENT_PREFIX_PATH} CMAKE_PREFIX_PATH=/home/luca/topic-highlight/exam_ws/install/pmb2_description:/home/luca/topic-highlight/exam_ws/install/tiago_controller_configuration:/home/luca/topic-highlight/exam_ws/install/pmb2_controller_configuration:/home/luca/topic-highlight/exam_ws/install/pal_hey5_description:/home/luca/topic-highlight/exam_ws/install/pal_gripper_description:/home/luca/topic-highlight/exam_ws/install/urdf_test:/home/luca/topic-highlight/exam_ws/install/pal_urdf_utils:/home/luca/topic-highlight/exam_ws/install/pal_robotiq_description:/home/luca/topic-highlight/exam_ws/install/pal_robotiq_controller_configuration:/home/luca/topic-highlight/exam_ws/install/pal_hey5_controller_configuration:/home/luca/topic-highlight/exam_ws/install/pal_gripper_controller_configuration:/opt/ros/humble PYTHONPATH=/home/luca/topic-highlight/exam_ws/install/pmb2_description/local/lib/python3.10/dist-packages:/home/luca/topic-highlight/exam_ws/install/urdf_test/local/lib/python3.10/dist-packages:/home/luca/topic-highlight/exam_ws/install/launch_pal/lib/python3.10/site-packages:${PYTHONPATH} /usr/bin/cmake --build /home/luca/topic-highlight/exam_ws/build/tiago_description -- -j20 -l20
[5.234s] DEBUG:colcon.colcon_core.event_handler.log_command:Invoked command in '/home/luca/topic-highlight/exam_ws/build/tiago_description' returned '0': AMENT_PREFIX_PATH=/home/luca/topic-highlight/exam_ws/install/pmb2_description:/home/luca/topic-highlight/exam_ws/install/tiago_controller_configuration:/home/luca/topic-highlight/exam_ws/install/pmb2_controller_configuration:/home/luca/topic-highlight/exam_ws/install/pal_hey5_description:/home/luca/topic-highlight/exam_ws/install/pal_gripper_description:/home/luca/topic-highlight/exam_ws/install/urdf_test:/home/luca/topic-highlight/exam_ws/install/pal_urdf_utils:/home/luca/topic-highlight/exam_ws/install/pal_robotiq_description:/home/luca/topic-highlight/exam_ws/install/pal_robotiq_controller_configuration:/home/luca/topic-highlight/exam_ws/install/pal_hey5_controller_configuration:/home/luca/topic-highlight/exam_ws/install/pal_gripper_controller_configuration:/home/luca/topic-highlight/exam_ws/install/launch_pal:${AMENT_PREFIX_PATH} CMAKE_PREFIX_PATH=/home/luca/topic-highlight/exam_ws/install/pmb2_description:/home/luca/topic-highlight/exam_ws/install/tiago_controller_configuration:/home/luca/topic-highlight/exam_ws/install/pmb2_controller_configuration:/home/luca/topic-highlight/exam_ws/install/pal_hey5_description:/home/luca/topic-highlight/exam_ws/install/pal_gripper_description:/home/luca/topic-highlight/exam_ws/install/urdf_test:/home/luca/topic-highlight/exam_ws/install/pal_urdf_utils:/home/luca/topic-highlight/exam_ws/install/pal_robotiq_description:/home/luca/topic-highlight/exam_ws/install/pal_robotiq_controller_configuration:/home/luca/topic-highlight/exam_ws/install/pal_hey5_controller_configuration:/home/luca/topic-highlight/exam_ws/install/pal_gripper_controller_configuration:/opt/ros/humble PYTHONPATH=/home/luca/topic-highlight/exam_ws/install/pmb2_description/local/lib/python3.10/dist-packages:/home/luca/topic-highlight/exam_ws/install/urdf_test/local/lib/python3.10/dist-packages:/home/luca/topic-highlight/exam_ws/install/launch_pal/lib/python3.10/site-packages:${PYTHONPATH} /usr/bin/cmake --build /home/luca/topic-highlight/exam_ws/build/tiago_description -- -j20 -l20
[5.235s] DEBUG:colcon.colcon_core.event_handler.log_command:Invoking command in '/home/luca/topic-highlight/exam_ws/build/tiago_description': AMENT_PREFIX_PATH=/home/luca/topic-highlight/exam_ws/install/pmb2_description:/home/luca/topic-highlight/exam_ws/install/tiago_controller_configuration:/home/luca/topic-highlight/exam_ws/install/pmb2_controller_configuration:/home/luca/topic-highlight/exam_ws/install/pal_hey5_description:/home/luca/topic-highlight/exam_ws/install/pal_gripper_description:/home/luca/topic-highlight/exam_ws/install/urdf_test:/home/luca/topic-highlight/exam_ws/install/pal_urdf_utils:/home/luca/topic-highlight/exam_ws/install/pal_robotiq_description:/home/luca/topic-highlight/exam_ws/install/pal_robotiq_controller_configuration:/home/luca/topic-highlight/exam_ws/install/pal_hey5_controller_configuration:/home/luca/topic-highlight/exam_ws/install/pal_gripper_controller_configuration:/home/luca/topic-highlight/exam_ws/install/launch_pal:${AMENT_PREFIX_PATH} CMAKE_PREFIX_PATH=/home/luca/topic-highlight/exam_ws/install/pmb2_description:/home/luca/topic-highlight/exam_ws/install/tiago_controller_configuration:/home/luca/topic-highlight/exam_ws/install/pmb2_controller_configuration:/home/luca/topic-highlight/exam_ws/install/pal_hey5_description:/home/luca/topic-highlight/exam_ws/install/pal_gripper_description:/home/luca/topic-highlight/exam_ws/install/urdf_test:/home/luca/topic-highlight/exam_ws/install/pal_urdf_utils:/home/luca/topic-highlight/exam_ws/install/pal_robotiq_description:/home/luca/topic-highlight/exam_ws/install/pal_robotiq_controller_configuration:/home/luca/topic-highlight/exam_ws/install/pal_hey5_controller_configuration:/home/luca/topic-highlight/exam_ws/install/pal_gripper_controller_configuration:/opt/ros/humble PYTHONPATH=/home/luca/topic-highlight/exam_ws/install/pmb2_description/local/lib/python3.10/dist-packages:/home/luca/topic-highlight/exam_ws/install/urdf_test/local/lib/python3.10/dist-packages:/home/luca/topic-highlight/exam_ws/install/launch_pal/lib/python3.10/site-packages:${PYTHONPATH} /usr/bin/cmake --install /home/luca/topic-highlight/exam_ws/build/tiago_description
[5.299s] Level 1:colcon.colcon_core.environment:create_environment_scripts_only(tiago_description)
[5.299s] Level 1:colcon.colcon_core.environment:checking '/home/luca/topic-highlight/exam_ws/install/tiago_description' for CMake module files
[5.300s] DEBUG:colcon.colcon_core.event_handler.log_command:Invoked command in '/home/luca/topic-highlight/exam_ws/build/tiago_description' returned '0': AMENT_PREFIX_PATH=/home/luca/topic-highlight/exam_ws/install/pmb2_description:/home/luca/topic-highlight/exam_ws/install/tiago_controller_configuration:/home/luca/topic-highlight/exam_ws/install/pmb2_controller_configuration:/home/luca/topic-highlight/exam_ws/install/pal_hey5_description:/home/luca/topic-highlight/exam_ws/install/pal_gripper_description:/home/luca/topic-highlight/exam_ws/install/urdf_test:/home/luca/topic-highlight/exam_ws/install/pal_urdf_utils:/home/luca/topic-highlight/exam_ws/install/pal_robotiq_description:/home/luca/topic-highlight/exam_ws/install/pal_robotiq_controller_configuration:/home/luca/topic-highlight/exam_ws/install/pal_hey5_controller_configuration:/home/luca/topic-highlight/exam_ws/install/pal_gripper_controller_configuration:/home/luca/topic-highlight/exam_ws/install/launch_pal:${AMENT_PREFIX_PATH} CMAKE_PREFIX_PATH=/home/luca/topic-highlight/exam_ws/install/pmb2_description:/home/luca/topic-highlight/exam_ws/install/tiago_controller_configuration:/home/luca/topic-highlight/exam_ws/install/pmb2_controller_configuration:/home/luca/topic-highlight/exam_ws/install/pal_hey5_description:/home/luca/topic-highlight/exam_ws/install/pal_gripper_description:/home/luca/topic-highlight/exam_ws/install/urdf_test:/home/luca/topic-highlight/exam_ws/install/pal_urdf_utils:/home/luca/topic-highlight/exam_ws/install/pal_robotiq_description:/home/luca/topic-highlight/exam_ws/install/pal_robotiq_controller_configuration:/home/luca/topic-highlight/exam_ws/install/pal_hey5_controller_configuration:/home/luca/topic-highlight/exam_ws/install/pal_gripper_controller_configuration:/opt/ros/humble PYTHONPATH=/home/luca/topic-highlight/exam_ws/install/pmb2_description/local/lib/python3.10/dist-packages:/home/luca/topic-highlight/exam_ws/install/urdf_test/local/lib/python3.10/dist-packages:/home/luca/topic-highlight/exam_ws/install/launch_pal/lib/python3.10/site-packages:${PYTHONPATH} /usr/bin/cmake --install /home/luca/topic-highlight/exam_ws/build/tiago_description
[5.301s] Level 1:colcon.colcon_core.environment:checking '/home/luca/topic-highlight/exam_ws/install/tiago_description' for CMake config files
[5.301s] Level 1:colcon.colcon_core.shell:create_environment_hook('tiago_description', 'cmake_prefix_path')
[5.301s] INFO:colcon.colcon_core.shell:Creating environment hook '/home/luca/topic-highlight/exam_ws/install/tiago_description/share/tiago_description/hook/cmake_prefix_path.ps1'
[5.302s] INFO:colcon.colcon_core.shell:Creating environment descriptor '/home/luca/topic-highlight/exam_ws/install/tiago_description/share/tiago_description/hook/cmake_prefix_path.dsv'
[5.302s] INFO:colcon.colcon_core.shell:Creating environment hook '/home/luca/topic-highlight/exam_ws/install/tiago_description/share/tiago_description/hook/cmake_prefix_path.sh'
[5.303s] Level 1:colcon.colcon_core.environment:checking '/home/luca/topic-highlight/exam_ws/install/tiago_description/bin'
[5.303s] Level 1:colcon.colcon_core.environment:checking '/home/luca/topic-highlight/exam_ws/install/tiago_description/lib/pkgconfig/tiago_description.pc'
[5.303s] Level 1:colcon.colcon_core.environment:checking '/home/luca/topic-highlight/exam_ws/install/tiago_description/lib/python3.10/site-packages'
[5.303s] Level 1:colcon.colcon_core.environment:checking '/home/luca/topic-highlight/exam_ws/install/tiago_description/bin'
[5.303s] INFO:colcon.colcon_core.shell:Creating package script '/home/luca/topic-highlight/exam_ws/install/tiago_description/share/tiago_description/package.ps1'
[5.304s] INFO:colcon.colcon_core.shell:Creating package descriptor '/home/luca/topic-highlight/exam_ws/install/tiago_description/share/tiago_description/package.dsv'
[5.304s] INFO:colcon.colcon_core.shell:Creating package script '/home/luca/topic-highlight/exam_ws/install/tiago_description/share/tiago_description/package.sh'
[5.304s] INFO:colcon.colcon_core.shell:Creating package script '/home/luca/topic-highlight/exam_ws/install/tiago_description/share/tiago_description/package.bash'
[5.304s] INFO:colcon.colcon_core.shell:Creating package script '/home/luca/topic-highlight/exam_ws/install/tiago_description/share/tiago_description/package.zsh'
[5.305s] Level 1:colcon.colcon_core.environment:create_file_with_runtime_dependencies(/home/luca/topic-highlight/exam_ws/install/tiago_description/share/colcon-core/packages/tiago_description)
[5.305s] Level 1:colcon.colcon_core.environment:create_environment_scripts_only(tiago_description)
[5.305s] Level 1:colcon.colcon_core.environment:checking '/home/luca/topic-highlight/exam_ws/install/tiago_description' for CMake module files
[5.305s] Level 1:colcon.colcon_core.environment:checking '/home/luca/topic-highlight/exam_ws/install/tiago_description' for CMake config files
[5.306s] Level 1:colcon.colcon_core.shell:create_environment_hook('tiago_description', 'cmake_prefix_path')
[5.306s] INFO:colcon.colcon_core.shell:Creating environment hook '/home/luca/topic-highlight/exam_ws/install/tiago_description/share/tiago_description/hook/cmake_prefix_path.ps1'
[5.306s] INFO:colcon.colcon_core.shell:Creating environment descriptor '/home/luca/topic-highlight/exam_ws/install/tiago_description/share/tiago_description/hook/cmake_prefix_path.dsv'
[5.306s] INFO:colcon.colcon_core.shell:Creating environment hook '/home/luca/topic-highlight/exam_ws/install/tiago_description/share/tiago_description/hook/cmake_prefix_path.sh'
[5.307s] Level 1:colcon.colcon_core.environment:checking '/home/luca/topic-highlight/exam_ws/install/tiago_description/bin'
[5.307s] Level 1:colcon.colcon_core.environment:checking '/home/luca/topic-highlight/exam_ws/install/tiago_description/lib/pkgconfig/tiago_description.pc'
[5.307s] Level 1:colcon.colcon_core.environment:checking '/home/luca/topic-highlight/exam_ws/install/tiago_description/lib/python3.10/site-packages'
[5.307s] Level 1:colcon.colcon_core.environment:checking '/home/luca/topic-highlight/exam_ws/install/tiago_description/bin'
[5.307s] INFO:colcon.colcon_core.shell:Creating package script '/home/luca/topic-highlight/exam_ws/install/tiago_description/share/tiago_description/package.ps1'
[5.308s] INFO:colcon.colcon_core.shell:Creating package descriptor '/home/luca/topic-highlight/exam_ws/install/tiago_description/share/tiago_description/package.dsv'
[5.308s] INFO:colcon.colcon_core.shell:Creating package script '/home/luca/topic-highlight/exam_ws/install/tiago_description/share/tiago_description/package.sh'
[5.308s] INFO:colcon.colcon_core.shell:Creating package script '/home/luca/topic-highlight/exam_ws/install/tiago_description/share/tiago_description/package.bash'
[5.309s] INFO:colcon.colcon_core.shell:Creating package script '/home/luca/topic-highlight/exam_ws/install/tiago_description/share/tiago_description/package.zsh'
[5.309s] Level 1:colcon.colcon_core.environment:create_file_with_runtime_dependencies(/home/luca/topic-highlight/exam_ws/install/tiago_description/share/colcon-core/packages/tiago_description)
[5.309s] INFO:colcon.colcon_ros.task.ament_cmake.build:Building ROS package in '/home/luca/topic-highlight/exam_ws/src/tiago_moveit_config' with build type 'ament_cmake'
[5.309s] INFO:colcon.colcon_cmake.task.cmake.build:Building CMake package in '/home/luca/topic-highlight/exam_ws/src/tiago_moveit_config'
[5.309s] INFO:colcon.colcon_core.shell:Skip shell extension 'powershell' for command environment: Not usable outside of PowerShell
[5.309s] DEBUG:colcon.colcon_core.shell:Skip shell extension 'dsv' for command environment
[5.324s] DEBUG:colcon.colcon_core.event_handler.log_command:Invoking command in '/home/luca/topic-highlight/exam_ws/build/tiago_moveit_config': AMENT_PREFIX_PATH=/home/luca/topic-highlight/exam_ws/install/tiago_description:/home/luca/topic-highlight/exam_ws/install/pmb2_description:/home/luca/topic-highlight/exam_ws/install/tiago_controller_configuration:/home/luca/topic-highlight/exam_ws/install/pmb2_controller_configuration:/home/luca/topic-highlight/exam_ws/install/pal_hey5_description:/home/luca/topic-highlight/exam_ws/install/pal_gripper_description:/home/luca/topic-highlight/exam_ws/install/urdf_test:/home/luca/topic-highlight/exam_ws/install/pal_urdf_utils:/home/luca/topic-highlight/exam_ws/install/pal_robotiq_description:/home/luca/topic-highlight/exam_ws/install/pal_robotiq_controller_configuration:/home/luca/topic-highlight/exam_ws/install/pal_hey5_controller_configuration:/home/luca/topic-highlight/exam_ws/install/pal_gripper_controller_configuration:/home/luca/topic-highlight/exam_ws/install/launch_pal:${AMENT_PREFIX_PATH} CMAKE_PREFIX_PATH=/home/luca/topic-highlight/exam_ws/install/tiago_description:/home/luca/topic-highlight/exam_ws/install/pmb2_description:/home/luca/topic-highlight/exam_ws/install/tiago_controller_configuration:/home/luca/topic-highlight/exam_ws/install/pmb2_controller_configuration:/home/luca/topic-highlight/exam_ws/install/pal_hey5_description:/home/luca/topic-highlight/exam_ws/install/pal_gripper_description:/home/luca/topic-highlight/exam_ws/install/urdf_test:/home/luca/topic-highlight/exam_ws/install/pal_urdf_utils:/home/luca/topic-highlight/exam_ws/install/pal_robotiq_description:/home/luca/topic-highlight/exam_ws/install/pal_robotiq_controller_configuration:/home/luca/topic-highlight/exam_ws/install/pal_hey5_controller_configuration:/home/luca/topic-highlight/exam_ws/install/pal_gripper_controller_configuration:/opt/ros/humble PYTHONPATH=/home/luca/topic-highlight/exam_ws/install/tiago_description/local/lib/python3.10/dist-packages:/home/luca/topic-highlight/exam_ws/install/pmb2_description/local/lib/python3.10/dist-packages:/home/luca/topic-highlight/exam_ws/install/urdf_test/local/lib/python3.10/dist-packages:/home/luca/topic-highlight/exam_ws/install/launch_pal/lib/python3.10/site-packages:${PYTHONPATH} /usr/bin/cmake /home/luca/topic-highlight/exam_ws/src/tiago_moveit_config -DCMAKE_INSTALL_PREFIX=/home/luca/topic-highlight/exam_ws/install/tiago_moveit_config
[5.451s] DEBUG:colcon.colcon_core.event_handler.log_command:Invoked command in '/home/luca/topic-highlight/exam_ws/build/play_motion2_msgs' returned '0': CMAKE_PREFIX_PATH=/opt/ros/humble /usr/bin/cmake --build /home/luca/topic-highlight/exam_ws/build/play_motion2_msgs -- -j20 -l20
[5.453s] DEBUG:colcon.colcon_core.event_handler.log_command:Invoking command in '/home/luca/topic-highlight/exam_ws/build/play_motion2_msgs': CMAKE_PREFIX_PATH=/opt/ros/humble /usr/bin/cmake --install /home/luca/topic-highlight/exam_ws/build/play_motion2_msgs
[5.507s] Level 1:colcon.colcon_core.environment:create_environment_scripts_only(play_motion2_msgs)
[5.508s] Level 1:colcon.colcon_core.environment:checking '/home/luca/topic-highlight/exam_ws/install/play_motion2_msgs' for CMake module files
[5.508s] DEBUG:colcon.colcon_core.event_handler.log_command:Invoked command in '/home/luca/topic-highlight/exam_ws/build/play_motion2_msgs' returned '0': CMAKE_PREFIX_PATH=/opt/ros/humble /usr/bin/cmake --install /home/luca/topic-highlight/exam_ws/build/play_motion2_msgs
[5.508s] Level 1:colcon.colcon_core.environment:checking '/home/luca/topic-highlight/exam_ws/install/play_motion2_msgs' for CMake config files
[5.509s] Level 1:colcon.colcon_core.shell:create_environment_hook('play_motion2_msgs', 'cmake_prefix_path')
[5.509s] INFO:colcon.colcon_core.shell:Creating environment hook '/home/luca/topic-highlight/exam_ws/install/play_motion2_msgs/share/play_motion2_msgs/hook/cmake_prefix_path.ps1'
[5.510s] INFO:colcon.colcon_core.shell:Creating environment descriptor '/home/luca/topic-highlight/exam_ws/install/play_motion2_msgs/share/play_motion2_msgs/hook/cmake_prefix_path.dsv'
[5.510s] INFO:colcon.colcon_core.shell:Creating environment hook '/home/luca/topic-highlight/exam_ws/install/play_motion2_msgs/share/play_motion2_msgs/hook/cmake_prefix_path.sh'
[5.510s] Level 1:colcon.colcon_core.environment:checking '/home/luca/topic-highlight/exam_ws/install/play_motion2_msgs/lib'
[5.510s] Level 1:colcon.colcon_core.shell:create_environment_hook('play_motion2_msgs', 'ld_library_path_lib')
[5.511s] INFO:colcon.colcon_core.shell:Creating environment hook '/home/luca/topic-highlight/exam_ws/install/play_motion2_msgs/share/play_motion2_msgs/hook/ld_library_path_lib.ps1'
[5.511s] INFO:colcon.colcon_core.shell:Creating environment descriptor '/home/luca/topic-highlight/exam_ws/install/play_motion2_msgs/share/play_motion2_msgs/hook/ld_library_path_lib.dsv'
[5.511s] INFO:colcon.colcon_core.shell:Creating environment hook '/home/luca/topic-highlight/exam_ws/install/play_motion2_msgs/share/play_motion2_msgs/hook/ld_library_path_lib.sh'
[5.511s] Level 1:colcon.colcon_core.environment:checking '/home/luca/topic-highlight/exam_ws/install/play_motion2_msgs/bin'
[5.511s] Level 1:colcon.colcon_core.environment:checking '/home/luca/topic-highlight/exam_ws/install/play_motion2_msgs/lib/pkgconfig/play_motion2_msgs.pc'
[5.511s] Level 1:colcon.colcon_core.environment:checking '/home/luca/topic-highlight/exam_ws/install/play_motion2_msgs/lib/python3.10/site-packages'
[5.512s] Level 1:colcon.colcon_core.environment:checking '/home/luca/topic-highlight/exam_ws/install/play_motion2_msgs/bin'
[5.512s] INFO:colcon.colcon_core.shell:Creating package script '/home/luca/topic-highlight/exam_ws/install/play_motion2_msgs/share/play_motion2_msgs/package.ps1'
[5.513s] INFO:colcon.colcon_core.shell:Creating package descriptor '/home/luca/topic-highlight/exam_ws/install/play_motion2_msgs/share/play_motion2_msgs/package.dsv'
[5.513s] INFO:colcon.colcon_core.shell:Creating package script '/home/luca/topic-highlight/exam_ws/install/play_motion2_msgs/share/play_motion2_msgs/package.sh'
[5.514s] INFO:colcon.colcon_core.shell:Creating package script '/home/luca/topic-highlight/exam_ws/install/play_motion2_msgs/share/play_motion2_msgs/package.bash'
[5.514s] INFO:colcon.colcon_core.shell:Creating package script '/home/luca/topic-highlight/exam_ws/install/play_motion2_msgs/share/play_motion2_msgs/package.zsh'
[5.514s] Level 1:colcon.colcon_core.environment:create_file_with_runtime_dependencies(/home/luca/topic-highlight/exam_ws/install/play_motion2_msgs/share/colcon-core/packages/play_motion2_msgs)
[5.515s] Level 1:colcon.colcon_core.environment:create_environment_scripts_only(play_motion2_msgs)
[5.515s] Level 1:colcon.colcon_core.environment:checking '/home/luca/topic-highlight/exam_ws/install/play_motion2_msgs' for CMake module files
[5.515s] Level 1:colcon.colcon_core.environment:checking '/home/luca/topic-highlight/exam_ws/install/play_motion2_msgs' for CMake config files
[5.516s] Level 1:colcon.colcon_core.shell:create_environment_hook('play_motion2_msgs', 'cmake_prefix_path')
[5.516s] INFO:colcon.colcon_core.shell:Creating environment hook '/home/luca/topic-highlight/exam_ws/install/play_motion2_msgs/share/play_motion2_msgs/hook/cmake_prefix_path.ps1'
[5.516s] INFO:colcon.colcon_core.shell:Creating environment descriptor '/home/luca/topic-highlight/exam_ws/install/play_motion2_msgs/share/play_motion2_msgs/hook/cmake_prefix_path.dsv'
[5.516s] INFO:colcon.colcon_core.shell:Creating environment hook '/home/luca/topic-highlight/exam_ws/install/play_motion2_msgs/share/play_motion2_msgs/hook/cmake_prefix_path.sh'
[5.517s] Level 1:colcon.colcon_core.environment:checking '/home/luca/topic-highlight/exam_ws/install/play_motion2_msgs/lib'
[5.517s] Level 1:colcon.colcon_core.shell:create_environment_hook('play_motion2_msgs', 'ld_library_path_lib')
[5.517s] INFO:colcon.colcon_core.shell:Creating environment hook '/home/luca/topic-highlight/exam_ws/install/play_motion2_msgs/share/play_motion2_msgs/hook/ld_library_path_lib.ps1'
[5.517s] INFO:colcon.colcon_core.shell:Creating environment descriptor '/home/luca/topic-highlight/exam_ws/install/play_motion2_msgs/share/play_motion2_msgs/hook/ld_library_path_lib.dsv'
[5.517s] INFO:colcon.colcon_core.shell:Creating environment hook '/home/luca/topic-highlight/exam_ws/install/play_motion2_msgs/share/play_motion2_msgs/hook/ld_library_path_lib.sh'
[5.518s] Level 1:colcon.colcon_core.environment:checking '/home/luca/topic-highlight/exam_ws/install/play_motion2_msgs/bin'
[5.518s] Level 1:colcon.colcon_core.environment:checking '/home/luca/topic-highlight/exam_ws/install/play_motion2_msgs/lib/pkgconfig/play_motion2_msgs.pc'
[5.518s] Level 1:colcon.colcon_core.environment:checking '/home/luca/topic-highlight/exam_ws/install/play_motion2_msgs/lib/python3.10/site-packages'
[5.518s] Level 1:colcon.colcon_core.environment:checking '/home/luca/topic-highlight/exam_ws/install/play_motion2_msgs/bin'
[5.518s] INFO:colcon.colcon_core.shell:Creating package script '/home/luca/topic-highlight/exam_ws/install/play_motion2_msgs/share/play_motion2_msgs/package.ps1'
[5.519s] INFO:colcon.colcon_core.shell:Creating package descriptor '/home/luca/topic-highlight/exam_ws/install/play_motion2_msgs/share/play_motion2_msgs/package.dsv'
[5.519s] INFO:colcon.colcon_core.shell:Creating package script '/home/luca/topic-highlight/exam_ws/install/play_motion2_msgs/share/play_motion2_msgs/package.sh'
[5.519s] INFO:colcon.colcon_core.shell:Creating package script '/home/luca/topic-highlight/exam_ws/install/play_motion2_msgs/share/play_motion2_msgs/package.bash'
[5.520s] INFO:colcon.colcon_core.shell:Creating package script '/home/luca/topic-highlight/exam_ws/install/play_motion2_msgs/share/play_motion2_msgs/package.zsh'
[5.520s] Level 1:colcon.colcon_core.environment:create_file_with_runtime_dependencies(/home/luca/topic-highlight/exam_ws/install/play_motion2_msgs/share/colcon-core/packages/play_motion2_msgs)
[5.520s] INFO:colcon.colcon_ros.task.ament_cmake.build:Building ROS package in '/home/luca/topic-highlight/exam_ws/src/play_motion2/play_motion2' with build type 'ament_cmake'
[5.520s] INFO:colcon.colcon_cmake.task.cmake.build:Building CMake package in '/home/luca/topic-highlight/exam_ws/src/play_motion2/play_motion2'
[5.521s] INFO:colcon.colcon_core.shell:Skip shell extension 'powershell' for command environment: Not usable outside of PowerShell
[5.521s] DEBUG:colcon.colcon_core.shell:Skip shell extension 'dsv' for command environment
[5.529s] DEBUG:colcon.colcon_core.event_handler.log_command:Invoking command in '/home/luca/topic-highlight/exam_ws/build/play_motion2': AMENT_PREFIX_PATH=/home/luca/topic-highlight/exam_ws/install/play_motion2_msgs:/home/luca/topic-highlight/exam_ws/install/launch_pal:${AMENT_PREFIX_PATH} CMAKE_PREFIX_PATH=/home/luca/topic-highlight/exam_ws/install/play_motion2_msgs:/opt/ros/humble LD_LIBRARY_PATH=/home/luca/topic-highlight/exam_ws/install/play_motion2_msgs/lib:${LD_LIBRARY_PATH} PYTHONPATH=/home/luca/topic-highlight/exam_ws/install/play_motion2_msgs/local/lib/python3.10/dist-packages:/home/luca/topic-highlight/exam_ws/install/launch_pal/lib/python3.10/site-packages:${PYTHONPATH} /usr/bin/cmake /home/luca/topic-highlight/exam_ws/src/play_motion2/play_motion2 -DCMAKE_INSTALL_PREFIX=/home/luca/topic-highlight/exam_ws/install/play_motion2
[5.567s] DEBUG:colcon.colcon_core.event_handler.log_command:Invoked command in '/home/luca/topic-highlight/exam_ws/build/pmb2_robot' returned '0': AMENT_PREFIX_PATH=/home/luca/topic-highlight/exam_ws/install/pmb2_bringup:/home/luca/topic-highlight/exam_ws/install/pmb2_description:/home/luca/topic-highlight/exam_ws/install/pmb2_controller_configuration:/home/luca/topic-highlight/exam_ws/install/urdf_test:/home/luca/topic-highlight/exam_ws/install/pal_urdf_utils:/home/luca/topic-highlight/exam_ws/install/launch_pal:${AMENT_PREFIX_PATH} CMAKE_PREFIX_PATH=/home/luca/topic-highlight/exam_ws/install/pmb2_bringup:/home/luca/topic-highlight/exam_ws/install/pmb2_description:/home/luca/topic-highlight/exam_ws/install/pmb2_controller_configuration:/home/luca/topic-highlight/exam_ws/install/urdf_test:/home/luca/topic-highlight/exam_ws/install/pal_urdf_utils:/opt/ros/humble PYTHONPATH=/home/luca/topic-highlight/exam_ws/install/pmb2_description/local/lib/python3.10/dist-packages:/home/luca/topic-highlight/exam_ws/install/urdf_test/local/lib/python3.10/dist-packages:/home/luca/topic-highlight/exam_ws/install/launch_pal/lib/python3.10/site-packages:${PYTHONPATH} /usr/bin/cmake /home/luca/topic-highlight/exam_ws/src/pmb2_robot/pmb2_robot -DCMAKE_INSTALL_PREFIX=/home/luca/topic-highlight/exam_ws/install/pmb2_robot
[5.568s] DEBUG:colcon.colcon_core.event_handler.log_command:Invoking command in '/home/luca/topic-highlight/exam_ws/build/pmb2_robot': AMENT_PREFIX_PATH=/home/luca/topic-highlight/exam_ws/install/pmb2_bringup:/home/luca/topic-highlight/exam_ws/install/pmb2_description:/home/luca/topic-highlight/exam_ws/install/pmb2_controller_configuration:/home/luca/topic-highlight/exam_ws/install/urdf_test:/home/luca/topic-highlight/exam_ws/install/pal_urdf_utils:/home/luca/topic-highlight/exam_ws/install/launch_pal:${AMENT_PREFIX_PATH} CMAKE_PREFIX_PATH=/home/luca/topic-highlight/exam_ws/install/pmb2_bringup:/home/luca/topic-highlight/exam_ws/install/pmb2_description:/home/luca/topic-highlight/exam_ws/install/pmb2_controller_configuration:/home/luca/topic-highlight/exam_ws/install/urdf_test:/home/luca/topic-highlight/exam_ws/install/pal_urdf_utils:/opt/ros/humble PYTHONPATH=/home/luca/topic-highlight/exam_ws/install/pmb2_description/local/lib/python3.10/dist-packages:/home/luca/topic-highlight/exam_ws/install/urdf_test/local/lib/python3.10/dist-packages:/home/luca/topic-highlight/exam_ws/install/launch_pal/lib/python3.10/site-packages:${PYTHONPATH} /usr/bin/cmake --build /home/luca/topic-highlight/exam_ws/build/pmb2_robot -- -j20 -l20
[5.595s] DEBUG:colcon.colcon_core.event_handler.log_command:Invoked command in '/home/luca/topic-highlight/exam_ws/build/pmb2_robot' returned '0': AMENT_PREFIX_PATH=/home/luca/topic-highlight/exam_ws/install/pmb2_bringup:/home/luca/topic-highlight/exam_ws/install/pmb2_description:/home/luca/topic-highlight/exam_ws/install/pmb2_controller_configuration:/home/luca/topic-highlight/exam_ws/install/urdf_test:/home/luca/topic-highlight/exam_ws/install/pal_urdf_utils:/home/luca/topic-highlight/exam_ws/install/launch_pal:${AMENT_PREFIX_PATH} CMAKE_PREFIX_PATH=/home/luca/topic-highlight/exam_ws/install/pmb2_bringup:/home/luca/topic-highlight/exam_ws/install/pmb2_description:/home/luca/topic-highlight/exam_ws/install/pmb2_controller_configuration:/home/luca/topic-highlight/exam_ws/install/urdf_test:/home/luca/topic-highlight/exam_ws/install/pal_urdf_utils:/opt/ros/humble PYTHONPATH=/home/luca/topic-highlight/exam_ws/install/pmb2_description/local/lib/python3.10/dist-packages:/home/luca/topic-highlight/exam_ws/install/urdf_test/local/lib/python3.10/dist-packages:/home/luca/topic-highlight/exam_ws/install/launch_pal/lib/python3.10/site-packages:${PYTHONPATH} /usr/bin/cmake --build /home/luca/topic-highlight/exam_ws/build/pmb2_robot -- -j20 -l20
[5.597s] DEBUG:colcon.colcon_core.event_handler.log_command:Invoking command in '/home/luca/topic-highlight/exam_ws/build/pmb2_robot': AMENT_PREFIX_PATH=/home/luca/topic-highlight/exam_ws/install/pmb2_bringup:/home/luca/topic-highlight/exam_ws/install/pmb2_description:/home/luca/topic-highlight/exam_ws/install/pmb2_controller_configuration:/home/luca/topic-highlight/exam_ws/install/urdf_test:/home/luca/topic-highlight/exam_ws/install/pal_urdf_utils:/home/luca/topic-highlight/exam_ws/install/launch_pal:${AMENT_PREFIX_PATH} CMAKE_PREFIX_PATH=/home/luca/topic-highlight/exam_ws/install/pmb2_bringup:/home/luca/topic-highlight/exam_ws/install/pmb2_description:/home/luca/topic-highlight/exam_ws/install/pmb2_controller_configuration:/home/luca/topic-highlight/exam_ws/install/urdf_test:/home/luca/topic-highlight/exam_ws/install/pal_urdf_utils:/opt/ros/humble PYTHONPATH=/home/luca/topic-highlight/exam_ws/install/pmb2_description/local/lib/python3.10/dist-packages:/home/luca/topic-highlight/exam_ws/install/urdf_test/local/lib/python3.10/dist-packages:/home/luca/topic-highlight/exam_ws/install/launch_pal/lib/python3.10/site-packages:${PYTHONPATH} /usr/bin/cmake --install /home/luca/topic-highlight/exam_ws/build/pmb2_robot
[5.604s] Level 1:colcon.colcon_core.environment:create_environment_scripts_only(pmb2_robot)
[5.605s] Level 1:colcon.colcon_core.environment:checking '/home/luca/topic-highlight/exam_ws/install/pmb2_robot' for CMake module files
[5.605s] DEBUG:colcon.colcon_core.event_handler.log_command:Invoked command in '/home/luca/topic-highlight/exam_ws/build/pmb2_robot' returned '0': AMENT_PREFIX_PATH=/home/luca/topic-highlight/exam_ws/install/pmb2_bringup:/home/luca/topic-highlight/exam_ws/install/pmb2_description:/home/luca/topic-highlight/exam_ws/install/pmb2_controller_configuration:/home/luca/topic-highlight/exam_ws/install/urdf_test:/home/luca/topic-highlight/exam_ws/install/pal_urdf_utils:/home/luca/topic-highlight/exam_ws/install/launch_pal:${AMENT_PREFIX_PATH} CMAKE_PREFIX_PATH=/home/luca/topic-highlight/exam_ws/install/pmb2_bringup:/home/luca/topic-highlight/exam_ws/install/pmb2_description:/home/luca/topic-highlight/exam_ws/install/pmb2_controller_configuration:/home/luca/topic-highlight/exam_ws/install/urdf_test:/home/luca/topic-highlight/exam_ws/install/pal_urdf_utils:/opt/ros/humble PYTHONPATH=/home/luca/topic-highlight/exam_ws/install/pmb2_description/local/lib/python3.10/dist-packages:/home/luca/topic-highlight/exam_ws/install/urdf_test/local/lib/python3.10/dist-packages:/home/luca/topic-highlight/exam_ws/install/launch_pal/lib/python3.10/site-packages:${PYTHONPATH} /usr/bin/cmake --install /home/luca/topic-highlight/exam_ws/build/pmb2_robot
[5.606s] Level 1:colcon.colcon_core.environment:checking '/home/luca/topic-highlight/exam_ws/install/pmb2_robot' for CMake config files
[5.606s] Level 1:colcon.colcon_core.shell:create_environment_hook('pmb2_robot', 'cmake_prefix_path')
[5.606s] INFO:colcon.colcon_core.shell:Creating environment hook '/home/luca/topic-highlight/exam_ws/install/pmb2_robot/share/pmb2_robot/hook/cmake_prefix_path.ps1'
[5.606s] INFO:colcon.colcon_core.shell:Creating environment descriptor '/home/luca/topic-highlight/exam_ws/install/pmb2_robot/share/pmb2_robot/hook/cmake_prefix_path.dsv'
[5.607s] INFO:colcon.colcon_core.shell:Creating environment hook '/home/luca/topic-highlight/exam_ws/install/pmb2_robot/share/pmb2_robot/hook/cmake_prefix_path.sh'
[5.607s] Level 1:colcon.colcon_core.environment:checking '/home/luca/topic-highlight/exam_ws/install/pmb2_robot/bin'
[5.607s] Level 1:colcon.colcon_core.environment:checking '/home/luca/topic-highlight/exam_ws/install/pmb2_robot/lib/pkgconfig/pmb2_robot.pc'
[5.607s] Level 1:colcon.colcon_core.environment:checking '/home/luca/topic-highlight/exam_ws/install/pmb2_robot/lib/python3.10/site-packages'
[5.607s] Level 1:colcon.colcon_core.environment:checking '/home/luca/topic-highlight/exam_ws/install/pmb2_robot/bin'
[5.607s] INFO:colcon.colcon_core.shell:Creating package script '/home/luca/topic-highlight/exam_ws/install/pmb2_robot/share/pmb2_robot/package.ps1'
[5.608s] INFO:colcon.colcon_core.shell:Creating package descriptor '/home/luca/topic-highlight/exam_ws/install/pmb2_robot/share/pmb2_robot/package.dsv'
[5.608s] INFO:colcon.colcon_core.shell:Creating package script '/home/luca/topic-highlight/exam_ws/install/pmb2_robot/share/pmb2_robot/package.sh'
[5.608s] INFO:colcon.colcon_core.shell:Creating package script '/home/luca/topic-highlight/exam_ws/install/pmb2_robot/share/pmb2_robot/package.bash'
[5.608s] INFO:colcon.colcon_core.shell:Creating package script '/home/luca/topic-highlight/exam_ws/install/pmb2_robot/share/pmb2_robot/package.zsh'
[5.609s] Level 1:colcon.colcon_core.environment:create_file_with_runtime_dependencies(/home/luca/topic-highlight/exam_ws/install/pmb2_robot/share/colcon-core/packages/pmb2_robot)
[5.609s] Level 1:colcon.colcon_core.environment:create_environment_scripts_only(pmb2_robot)
[5.609s] Level 1:colcon.colcon_core.environment:checking '/home/luca/topic-highlight/exam_ws/install/pmb2_robot' for CMake module files
[5.610s] Level 1:colcon.colcon_core.environment:checking '/home/luca/topic-highlight/exam_ws/install/pmb2_robot' for CMake config files
[5.610s] Level 1:colcon.colcon_core.shell:create_environment_hook('pmb2_robot', 'cmake_prefix_path')
[5.610s] INFO:colcon.colcon_core.shell:Creating environment hook '/home/luca/topic-highlight/exam_ws/install/pmb2_robot/share/pmb2_robot/hook/cmake_prefix_path.ps1'
[5.610s] INFO:colcon.colcon_core.shell:Creating environment descriptor '/home/luca/topic-highlight/exam_ws/install/pmb2_robot/share/pmb2_robot/hook/cmake_prefix_path.dsv'
[5.610s] INFO:colcon.colcon_core.shell:Creating environment hook '/home/luca/topic-highlight/exam_ws/install/pmb2_robot/share/pmb2_robot/hook/cmake_prefix_path.sh'
[5.611s] Level 1:colcon.colcon_core.environment:checking '/home/luca/topic-highlight/exam_ws/install/pmb2_robot/bin'
[5.611s] Level 1:colcon.colcon_core.environment:checking '/home/luca/topic-highlight/exam_ws/install/pmb2_robot/lib/pkgconfig/pmb2_robot.pc'
[5.611s] Level 1:colcon.colcon_core.environment:checking '/home/luca/topic-highlight/exam_ws/install/pmb2_robot/lib/python3.10/site-packages'
[5.612s] Level 1:colcon.colcon_core.environment:checking '/home/luca/topic-highlight/exam_ws/install/pmb2_robot/bin'
[5.612s] INFO:colcon.colcon_core.shell:Creating package script '/home/luca/topic-highlight/exam_ws/install/pmb2_robot/share/pmb2_robot/package.ps1'
[5.612s] INFO:colcon.colcon_core.shell:Creating package descriptor '/home/luca/topic-highlight/exam_ws/install/pmb2_robot/share/pmb2_robot/package.dsv'
[5.613s] INFO:colcon.colcon_core.shell:Creating package script '/home/luca/topic-highlight/exam_ws/install/pmb2_robot/share/pmb2_robot/package.sh'
[5.613s] INFO:colcon.colcon_core.shell:Creating package script '/home/luca/topic-highlight/exam_ws/install/pmb2_robot/share/pmb2_robot/package.bash'
[5.613s] INFO:colcon.colcon_core.shell:Creating package script '/home/luca/topic-highlight/exam_ws/install/pmb2_robot/share/pmb2_robot/package.zsh'
[5.614s] Level 1:colcon.colcon_core.environment:create_file_with_runtime_dependencies(/home/luca/topic-highlight/exam_ws/install/pmb2_robot/share/colcon-core/packages/pmb2_robot)
[6.003s] DEBUG:colcon.colcon_core.event_handler.log_command:Invoked command in '/home/luca/topic-highlight/exam_ws/build/tiago_moveit_config' returned '0': AMENT_PREFIX_PATH=/home/luca/topic-highlight/exam_ws/install/tiago_description:/home/luca/topic-highlight/exam_ws/install/pmb2_description:/home/luca/topic-highlight/exam_ws/install/tiago_controller_configuration:/home/luca/topic-highlight/exam_ws/install/pmb2_controller_configuration:/home/luca/topic-highlight/exam_ws/install/pal_hey5_description:/home/luca/topic-highlight/exam_ws/install/pal_gripper_description:/home/luca/topic-highlight/exam_ws/install/urdf_test:/home/luca/topic-highlight/exam_ws/install/pal_urdf_utils:/home/luca/topic-highlight/exam_ws/install/pal_robotiq_description:/home/luca/topic-highlight/exam_ws/install/pal_robotiq_controller_configuration:/home/luca/topic-highlight/exam_ws/install/pal_hey5_controller_configuration:/home/luca/topic-highlight/exam_ws/install/pal_gripper_controller_configuration:/home/luca/topic-highlight/exam_ws/install/launch_pal:${AMENT_PREFIX_PATH} CMAKE_PREFIX_PATH=/home/luca/topic-highlight/exam_ws/install/tiago_description:/home/luca/topic-highlight/exam_ws/install/pmb2_description:/home/luca/topic-highlight/exam_ws/install/tiago_controller_configuration:/home/luca/topic-highlight/exam_ws/install/pmb2_controller_configuration:/home/luca/topic-highlight/exam_ws/install/pal_hey5_description:/home/luca/topic-highlight/exam_ws/install/pal_gripper_description:/home/luca/topic-highlight/exam_ws/install/urdf_test:/home/luca/topic-highlight/exam_ws/install/pal_urdf_utils:/home/luca/topic-highlight/exam_ws/install/pal_robotiq_description:/home/luca/topic-highlight/exam_ws/install/pal_robotiq_controller_configuration:/home/luca/topic-highlight/exam_ws/install/pal_hey5_controller_configuration:/home/luca/topic-highlight/exam_ws/install/pal_gripper_controller_configuration:/opt/ros/humble PYTHONPATH=/home/luca/topic-highlight/exam_ws/install/tiago_description/local/lib/python3.10/dist-packages:/home/luca/topic-highlight/exam_ws/install/pmb2_description/local/lib/python3.10/dist-packages:/home/luca/topic-highlight/exam_ws/install/urdf_test/local/lib/python3.10/dist-packages:/home/luca/topic-highlight/exam_ws/install/launch_pal/lib/python3.10/site-packages:${PYTHONPATH} /usr/bin/cmake /home/luca/topic-highlight/exam_ws/src/tiago_moveit_config -DCMAKE_INSTALL_PREFIX=/home/luca/topic-highlight/exam_ws/install/tiago_moveit_config
[6.004s] DEBUG:colcon.colcon_core.event_handler.log_command:Invoking command in '/home/luca/topic-highlight/exam_ws/build/tiago_moveit_config': AMENT_PREFIX_PATH=/home/luca/topic-highlight/exam_ws/install/tiago_description:/home/luca/topic-highlight/exam_ws/install/pmb2_description:/home/luca/topic-highlight/exam_ws/install/tiago_controller_configuration:/home/luca/topic-highlight/exam_ws/install/pmb2_controller_configuration:/home/luca/topic-highlight/exam_ws/install/pal_hey5_description:/home/luca/topic-highlight/exam_ws/install/pal_gripper_description:/home/luca/topic-highlight/exam_ws/install/urdf_test:/home/luca/topic-highlight/exam_ws/install/pal_urdf_utils:/home/luca/topic-highlight/exam_ws/install/pal_robotiq_description:/home/luca/topic-highlight/exam_ws/install/pal_robotiq_controller_configuration:/home/luca/topic-highlight/exam_ws/install/pal_hey5_controller_configuration:/home/luca/topic-highlight/exam_ws/install/pal_gripper_controller_configuration:/home/luca/topic-highlight/exam_ws/install/launch_pal:${AMENT_PREFIX_PATH} CMAKE_PREFIX_PATH=/home/luca/topic-highlight/exam_ws/install/tiago_description:/home/luca/topic-highlight/exam_ws/install/pmb2_description:/home/luca/topic-highlight/exam_ws/install/tiago_controller_configuration:/home/luca/topic-highlight/exam_ws/install/pmb2_controller_configuration:/home/luca/topic-highlight/exam_ws/install/pal_hey5_description:/home/luca/topic-highlight/exam_ws/install/pal_gripper_description:/home/luca/topic-highlight/exam_ws/install/urdf_test:/home/luca/topic-highlight/exam_ws/install/pal_urdf_utils:/home/luca/topic-highlight/exam_ws/install/pal_robotiq_description:/home/luca/topic-highlight/exam_ws/install/pal_robotiq_controller_configuration:/home/luca/topic-highlight/exam_ws/install/pal_hey5_controller_configuration:/home/luca/topic-highlight/exam_ws/install/pal_gripper_controller_configuration:/opt/ros/humble PYTHONPATH=/home/luca/topic-highlight/exam_ws/install/tiago_description/local/lib/python3.10/dist-packages:/home/luca/topic-highlight/exam_ws/install/pmb2_description/local/lib/python3.10/dist-packages:/home/luca/topic-highlight/exam_ws/install/urdf_test/local/lib/python3.10/dist-packages:/home/luca/topic-highlight/exam_ws/install/launch_pal/lib/python3.10/site-packages:${PYTHONPATH} /usr/bin/cmake --build /home/luca/topic-highlight/exam_ws/build/tiago_moveit_config -- -j20 -l20
[6.031s] DEBUG:colcon.colcon_core.event_handler.log_command:Invoked command in '/home/luca/topic-highlight/exam_ws/build/tiago_moveit_config' returned '0': AMENT_PREFIX_PATH=/home/luca/topic-highlight/exam_ws/install/tiago_description:/home/luca/topic-highlight/exam_ws/install/pmb2_description:/home/luca/topic-highlight/exam_ws/install/tiago_controller_configuration:/home/luca/topic-highlight/exam_ws/install/pmb2_controller_configuration:/home/luca/topic-highlight/exam_ws/install/pal_hey5_description:/home/luca/topic-highlight/exam_ws/install/pal_gripper_description:/home/luca/topic-highlight/exam_ws/install/urdf_test:/home/luca/topic-highlight/exam_ws/install/pal_urdf_utils:/home/luca/topic-highlight/exam_ws/install/pal_robotiq_description:/home/luca/topic-highlight/exam_ws/install/pal_robotiq_controller_configuration:/home/luca/topic-highlight/exam_ws/install/pal_hey5_controller_configuration:/home/luca/topic-highlight/exam_ws/install/pal_gripper_controller_configuration:/home/luca/topic-highlight/exam_ws/install/launch_pal:${AMENT_PREFIX_PATH} CMAKE_PREFIX_PATH=/home/luca/topic-highlight/exam_ws/install/tiago_description:/home/luca/topic-highlight/exam_ws/install/pmb2_description:/home/luca/topic-highlight/exam_ws/install/tiago_controller_configuration:/home/luca/topic-highlight/exam_ws/install/pmb2_controller_configuration:/home/luca/topic-highlight/exam_ws/install/pal_hey5_description:/home/luca/topic-highlight/exam_ws/install/pal_gripper_description:/home/luca/topic-highlight/exam_ws/install/urdf_test:/home/luca/topic-highlight/exam_ws/install/pal_urdf_utils:/home/luca/topic-highlight/exam_ws/install/pal_robotiq_description:/home/luca/topic-highlight/exam_ws/install/pal_robotiq_controller_configuration:/home/luca/topic-highlight/exam_ws/install/pal_hey5_controller_configuration:/home/luca/topic-highlight/exam_ws/install/pal_gripper_controller_configuration:/opt/ros/humble PYTHONPATH=/home/luca/topic-highlight/exam_ws/install/tiago_description/local/lib/python3.10/dist-packages:/home/luca/topic-highlight/exam_ws/install/pmb2_description/local/lib/python3.10/dist-packages:/home/luca/topic-highlight/exam_ws/install/urdf_test/local/lib/python3.10/dist-packages:/home/luca/topic-highlight/exam_ws/install/launch_pal/lib/python3.10/site-packages:${PYTHONPATH} /usr/bin/cmake --build /home/luca/topic-highlight/exam_ws/build/tiago_moveit_config -- -j20 -l20
[6.033s] DEBUG:colcon.colcon_core.event_handler.log_command:Invoking command in '/home/luca/topic-highlight/exam_ws/build/tiago_moveit_config': AMENT_PREFIX_PATH=/home/luca/topic-highlight/exam_ws/install/tiago_description:/home/luca/topic-highlight/exam_ws/install/pmb2_description:/home/luca/topic-highlight/exam_ws/install/tiago_controller_configuration:/home/luca/topic-highlight/exam_ws/install/pmb2_controller_configuration:/home/luca/topic-highlight/exam_ws/install/pal_hey5_description:/home/luca/topic-highlight/exam_ws/install/pal_gripper_description:/home/luca/topic-highlight/exam_ws/install/urdf_test:/home/luca/topic-highlight/exam_ws/install/pal_urdf_utils:/home/luca/topic-highlight/exam_ws/install/pal_robotiq_description:/home/luca/topic-highlight/exam_ws/install/pal_robotiq_controller_configuration:/home/luca/topic-highlight/exam_ws/install/pal_hey5_controller_configuration:/home/luca/topic-highlight/exam_ws/install/pal_gripper_controller_configuration:/home/luca/topic-highlight/exam_ws/install/launch_pal:${AMENT_PREFIX_PATH} CMAKE_PREFIX_PATH=/home/luca/topic-highlight/exam_ws/install/tiago_description:/home/luca/topic-highlight/exam_ws/install/pmb2_description:/home/luca/topic-highlight/exam_ws/install/tiago_controller_configuration:/home/luca/topic-highlight/exam_ws/install/pmb2_controller_configuration:/home/luca/topic-highlight/exam_ws/install/pal_hey5_description:/home/luca/topic-highlight/exam_ws/install/pal_gripper_description:/home/luca/topic-highlight/exam_ws/install/urdf_test:/home/luca/topic-highlight/exam_ws/install/pal_urdf_utils:/home/luca/topic-highlight/exam_ws/install/pal_robotiq_description:/home/luca/topic-highlight/exam_ws/install/pal_robotiq_controller_configuration:/home/luca/topic-highlight/exam_ws/install/pal_hey5_controller_configuration:/home/luca/topic-highlight/exam_ws/install/pal_gripper_controller_configuration:/opt/ros/humble PYTHONPATH=/home/luca/topic-highlight/exam_ws/install/tiago_description/local/lib/python3.10/dist-packages:/home/luca/topic-highlight/exam_ws/install/pmb2_description/local/lib/python3.10/dist-packages:/home/luca/topic-highlight/exam_ws/install/urdf_test/local/lib/python3.10/dist-packages:/home/luca/topic-highlight/exam_ws/install/launch_pal/lib/python3.10/site-packages:${PYTHONPATH} /usr/bin/cmake --install /home/luca/topic-highlight/exam_ws/build/tiago_moveit_config
[6.049s] Level 1:colcon.colcon_core.environment:create_environment_scripts_only(tiago_moveit_config)
[6.050s] Level 1:colcon.colcon_core.environment:checking '/home/luca/topic-highlight/exam_ws/install/tiago_moveit_config' for CMake module files
[6.050s] DEBUG:colcon.colcon_core.event_handler.log_command:Invoked command in '/home/luca/topic-highlight/exam_ws/build/tiago_moveit_config' returned '0': AMENT_PREFIX_PATH=/home/luca/topic-highlight/exam_ws/install/tiago_description:/home/luca/topic-highlight/exam_ws/install/pmb2_description:/home/luca/topic-highlight/exam_ws/install/tiago_controller_configuration:/home/luca/topic-highlight/exam_ws/install/pmb2_controller_configuration:/home/luca/topic-highlight/exam_ws/install/pal_hey5_description:/home/luca/topic-highlight/exam_ws/install/pal_gripper_description:/home/luca/topic-highlight/exam_ws/install/urdf_test:/home/luca/topic-highlight/exam_ws/install/pal_urdf_utils:/home/luca/topic-highlight/exam_ws/install/pal_robotiq_description:/home/luca/topic-highlight/exam_ws/install/pal_robotiq_controller_configuration:/home/luca/topic-highlight/exam_ws/install/pal_hey5_controller_configuration:/home/luca/topic-highlight/exam_ws/install/pal_gripper_controller_configuration:/home/luca/topic-highlight/exam_ws/install/launch_pal:${AMENT_PREFIX_PATH} CMAKE_PREFIX_PATH=/home/luca/topic-highlight/exam_ws/install/tiago_description:/home/luca/topic-highlight/exam_ws/install/pmb2_description:/home/luca/topic-highlight/exam_ws/install/tiago_controller_configuration:/home/luca/topic-highlight/exam_ws/install/pmb2_controller_configuration:/home/luca/topic-highlight/exam_ws/install/pal_hey5_description:/home/luca/topic-highlight/exam_ws/install/pal_gripper_description:/home/luca/topic-highlight/exam_ws/install/urdf_test:/home/luca/topic-highlight/exam_ws/install/pal_urdf_utils:/home/luca/topic-highlight/exam_ws/install/pal_robotiq_description:/home/luca/topic-highlight/exam_ws/install/pal_robotiq_controller_configuration:/home/luca/topic-highlight/exam_ws/install/pal_hey5_controller_configuration:/home/luca/topic-highlight/exam_ws/install/pal_gripper_controller_configuration:/opt/ros/humble PYTHONPATH=/home/luca/topic-highlight/exam_ws/install/tiago_description/local/lib/python3.10/dist-packages:/home/luca/topic-highlight/exam_ws/install/pmb2_description/local/lib/python3.10/dist-packages:/home/luca/topic-highlight/exam_ws/install/urdf_test/local/lib/python3.10/dist-packages:/home/luca/topic-highlight/exam_ws/install/launch_pal/lib/python3.10/site-packages:${PYTHONPATH} /usr/bin/cmake --install /home/luca/topic-highlight/exam_ws/build/tiago_moveit_config
[6.050s] Level 1:colcon.colcon_core.environment:checking '/home/luca/topic-highlight/exam_ws/install/tiago_moveit_config' for CMake config files
[6.051s] Level 1:colcon.colcon_core.shell:create_environment_hook('tiago_moveit_config', 'cmake_prefix_path')
[6.051s] INFO:colcon.colcon_core.shell:Creating environment hook '/home/luca/topic-highlight/exam_ws/install/tiago_moveit_config/share/tiago_moveit_config/hook/cmake_prefix_path.ps1'
[6.051s] INFO:colcon.colcon_core.shell:Creating environment descriptor '/home/luca/topic-highlight/exam_ws/install/tiago_moveit_config/share/tiago_moveit_config/hook/cmake_prefix_path.dsv'
[6.051s] INFO:colcon.colcon_core.shell:Creating environment hook '/home/luca/topic-highlight/exam_ws/install/tiago_moveit_config/share/tiago_moveit_config/hook/cmake_prefix_path.sh'
[6.052s] Level 1:colcon.colcon_core.environment:checking '/home/luca/topic-highlight/exam_ws/install/tiago_moveit_config/bin'
[6.052s] Level 1:colcon.colcon_core.environment:checking '/home/luca/topic-highlight/exam_ws/install/tiago_moveit_config/lib/pkgconfig/tiago_moveit_config.pc'
[6.052s] Level 1:colcon.colcon_core.environment:checking '/home/luca/topic-highlight/exam_ws/install/tiago_moveit_config/lib/python3.10/site-packages'
[6.052s] Level 1:colcon.colcon_core.environment:checking '/home/luca/topic-highlight/exam_ws/install/tiago_moveit_config/bin'
[6.052s] INFO:colcon.colcon_core.shell:Creating package script '/home/luca/topic-highlight/exam_ws/install/tiago_moveit_config/share/tiago_moveit_config/package.ps1'
[6.053s] INFO:colcon.colcon_core.shell:Creating package descriptor '/home/luca/topic-highlight/exam_ws/install/tiago_moveit_config/share/tiago_moveit_config/package.dsv'
[6.053s] INFO:colcon.colcon_core.shell:Creating package script '/home/luca/topic-highlight/exam_ws/install/tiago_moveit_config/share/tiago_moveit_config/package.sh'
[6.053s] INFO:colcon.colcon_core.shell:Creating package script '/home/luca/topic-highlight/exam_ws/install/tiago_moveit_config/share/tiago_moveit_config/package.bash'
[6.054s] INFO:colcon.colcon_core.shell:Creating package script '/home/luca/topic-highlight/exam_ws/install/tiago_moveit_config/share/tiago_moveit_config/package.zsh'
[6.054s] Level 1:colcon.colcon_core.environment:create_file_with_runtime_dependencies(/home/luca/topic-highlight/exam_ws/install/tiago_moveit_config/share/colcon-core/packages/tiago_moveit_config)
[6.054s] Level 1:colcon.colcon_core.environment:create_environment_scripts_only(tiago_moveit_config)
[6.054s] Level 1:colcon.colcon_core.environment:checking '/home/luca/topic-highlight/exam_ws/install/tiago_moveit_config' for CMake module files
[6.055s] Level 1:colcon.colcon_core.environment:checking '/home/luca/topic-highlight/exam_ws/install/tiago_moveit_config' for CMake config files
[6.055s] Level 1:colcon.colcon_core.shell:create_environment_hook('tiago_moveit_config', 'cmake_prefix_path')
[6.055s] INFO:colcon.colcon_core.shell:Creating environment hook '/home/luca/topic-highlight/exam_ws/install/tiago_moveit_config/share/tiago_moveit_config/hook/cmake_prefix_path.ps1'
[6.055s] INFO:colcon.colcon_core.shell:Creating environment descriptor '/home/luca/topic-highlight/exam_ws/install/tiago_moveit_config/share/tiago_moveit_config/hook/cmake_prefix_path.dsv'
[6.055s] INFO:colcon.colcon_core.shell:Creating environment hook '/home/luca/topic-highlight/exam_ws/install/tiago_moveit_config/share/tiago_moveit_config/hook/cmake_prefix_path.sh'
[6.056s] Level 1:colcon.colcon_core.environment:checking '/home/luca/topic-highlight/exam_ws/install/tiago_moveit_config/bin'
[6.056s] Level 1:colcon.colcon_core.environment:checking '/home/luca/topic-highlight/exam_ws/install/tiago_moveit_config/lib/pkgconfig/tiago_moveit_config.pc'
[6.056s] Level 1:colcon.colcon_core.environment:checking '/home/luca/topic-highlight/exam_ws/install/tiago_moveit_config/lib/python3.10/site-packages'
[6.056s] Level 1:colcon.colcon_core.environment:checking '/home/luca/topic-highlight/exam_ws/install/tiago_moveit_config/bin'
[6.057s] INFO:colcon.colcon_core.shell:Creating package script '/home/luca/topic-highlight/exam_ws/install/tiago_moveit_config/share/tiago_moveit_config/package.ps1'
[6.057s] INFO:colcon.colcon_core.shell:Creating package descriptor '/home/luca/topic-highlight/exam_ws/install/tiago_moveit_config/share/tiago_moveit_config/package.dsv'
[6.057s] INFO:colcon.colcon_core.shell:Creating package script '/home/luca/topic-highlight/exam_ws/install/tiago_moveit_config/share/tiago_moveit_config/package.sh'
[6.058s] INFO:colcon.colcon_core.shell:Creating package script '/home/luca/topic-highlight/exam_ws/install/tiago_moveit_config/share/tiago_moveit_config/package.bash'
[6.058s] INFO:colcon.colcon_core.shell:Creating package script '/home/luca/topic-highlight/exam_ws/install/tiago_moveit_config/share/tiago_moveit_config/package.zsh'
[6.058s] Level 1:colcon.colcon_core.environment:create_file_with_runtime_dependencies(/home/luca/topic-highlight/exam_ws/install/tiago_moveit_config/share/colcon-core/packages/tiago_moveit_config)
[7.477s] DEBUG:colcon.colcon_core.event_handler.log_command:Invoked command in '/home/luca/topic-highlight/exam_ws/build/play_motion2' returned '0': AMENT_PREFIX_PATH=/home/luca/topic-highlight/exam_ws/install/play_motion2_msgs:/home/luca/topic-highlight/exam_ws/install/launch_pal:${AMENT_PREFIX_PATH} CMAKE_PREFIX_PATH=/home/luca/topic-highlight/exam_ws/install/play_motion2_msgs:/opt/ros/humble LD_LIBRARY_PATH=/home/luca/topic-highlight/exam_ws/install/play_motion2_msgs/lib:${LD_LIBRARY_PATH} PYTHONPATH=/home/luca/topic-highlight/exam_ws/install/play_motion2_msgs/local/lib/python3.10/dist-packages:/home/luca/topic-highlight/exam_ws/install/launch_pal/lib/python3.10/site-packages:${PYTHONPATH} /usr/bin/cmake /home/luca/topic-highlight/exam_ws/src/play_motion2/play_motion2 -DCMAKE_INSTALL_PREFIX=/home/luca/topic-highlight/exam_ws/install/play_motion2
[7.478s] DEBUG:colcon.colcon_core.event_handler.log_command:Invoking command in '/home/luca/topic-highlight/exam_ws/build/play_motion2': AMENT_PREFIX_PATH=/home/luca/topic-highlight/exam_ws/install/play_motion2_msgs:/home/luca/topic-highlight/exam_ws/install/launch_pal:${AMENT_PREFIX_PATH} CMAKE_PREFIX_PATH=/home/luca/topic-highlight/exam_ws/install/play_motion2_msgs:/opt/ros/humble LD_LIBRARY_PATH=/home/luca/topic-highlight/exam_ws/install/play_motion2_msgs/lib:${LD_LIBRARY_PATH} PYTHONPATH=/home/luca/topic-highlight/exam_ws/install/play_motion2_msgs/local/lib/python3.10/dist-packages:/home/luca/topic-highlight/exam_ws/install/launch_pal/lib/python3.10/site-packages:${PYTHONPATH} /usr/bin/cmake --build /home/luca/topic-highlight/exam_ws/build/play_motion2 -- -j20 -l20
[27.186s] DEBUG:colcon.colcon_core.event_handler.log_command:Invoked command in '/home/luca/topic-highlight/exam_ws/build/play_motion2' returned '0': AMENT_PREFIX_PATH=/home/luca/topic-highlight/exam_ws/install/play_motion2_msgs:/home/luca/topic-highlight/exam_ws/install/launch_pal:${AMENT_PREFIX_PATH} CMAKE_PREFIX_PATH=/home/luca/topic-highlight/exam_ws/install/play_motion2_msgs:/opt/ros/humble LD_LIBRARY_PATH=/home/luca/topic-highlight/exam_ws/install/play_motion2_msgs/lib:${LD_LIBRARY_PATH} PYTHONPATH=/home/luca/topic-highlight/exam_ws/install/play_motion2_msgs/local/lib/python3.10/dist-packages:/home/luca/topic-highlight/exam_ws/install/launch_pal/lib/python3.10/site-packages:${PYTHONPATH} /usr/bin/cmake --build /home/luca/topic-highlight/exam_ws/build/play_motion2 -- -j20 -l20
[27.187s] DEBUG:colcon.colcon_core.event_handler.log_command:Invoking command in '/home/luca/topic-highlight/exam_ws/build/play_motion2': AMENT_PREFIX_PATH=/home/luca/topic-highlight/exam_ws/install/play_motion2_msgs:/home/luca/topic-highlight/exam_ws/install/launch_pal:${AMENT_PREFIX_PATH} CMAKE_PREFIX_PATH=/home/luca/topic-highlight/exam_ws/install/play_motion2_msgs:/opt/ros/humble LD_LIBRARY_PATH=/home/luca/topic-highlight/exam_ws/install/play_motion2_msgs/lib:${LD_LIBRARY_PATH} PYTHONPATH=/home/luca/topic-highlight/exam_ws/install/play_motion2_msgs/local/lib/python3.10/dist-packages:/home/luca/topic-highlight/exam_ws/install/launch_pal/lib/python3.10/site-packages:${PYTHONPATH} /usr/bin/cmake --install /home/luca/topic-highlight/exam_ws/build/play_motion2
[27.205s] Level 1:colcon.colcon_core.environment:create_environment_scripts_only(play_motion2)
[27.205s] Level 1:colcon.colcon_core.environment:checking '/home/luca/topic-highlight/exam_ws/install/play_motion2' for CMake module files
[27.205s] DEBUG:colcon.colcon_core.event_handler.log_command:Invoked command in '/home/luca/topic-highlight/exam_ws/build/play_motion2' returned '0': AMENT_PREFIX_PATH=/home/luca/topic-highlight/exam_ws/install/play_motion2_msgs:/home/luca/topic-highlight/exam_ws/install/launch_pal:${AMENT_PREFIX_PATH} CMAKE_PREFIX_PATH=/home/luca/topic-highlight/exam_ws/install/play_motion2_msgs:/opt/ros/humble LD_LIBRARY_PATH=/home/luca/topic-highlight/exam_ws/install/play_motion2_msgs/lib:${LD_LIBRARY_PATH} PYTHONPATH=/home/luca/topic-highlight/exam_ws/install/play_motion2_msgs/local/lib/python3.10/dist-packages:/home/luca/topic-highlight/exam_ws/install/launch_pal/lib/python3.10/site-packages:${PYTHONPATH} /usr/bin/cmake --install /home/luca/topic-highlight/exam_ws/build/play_motion2
[27.206s] Level 1:colcon.colcon_core.environment:checking '/home/luca/topic-highlight/exam_ws/install/play_motion2' for CMake config files
[27.206s] Level 1:colcon.colcon_core.shell:create_environment_hook('play_motion2', 'cmake_prefix_path')
[27.206s] INFO:colcon.colcon_core.shell:Creating environment hook '/home/luca/topic-highlight/exam_ws/install/play_motion2/share/play_motion2/hook/cmake_prefix_path.ps1'
[27.206s] INFO:colcon.colcon_core.shell:Creating environment descriptor '/home/luca/topic-highlight/exam_ws/install/play_motion2/share/play_motion2/hook/cmake_prefix_path.dsv'
[27.207s] INFO:colcon.colcon_core.shell:Creating environment hook '/home/luca/topic-highlight/exam_ws/install/play_motion2/share/play_motion2/hook/cmake_prefix_path.sh'
[27.207s] Level 1:colcon.colcon_core.environment:checking '/home/luca/topic-highlight/exam_ws/install/play_motion2/lib'
[27.207s] Level 1:colcon.colcon_core.shell:create_environment_hook('play_motion2', 'ld_library_path_lib')
[27.207s] INFO:colcon.colcon_core.shell:Creating environment hook '/home/luca/topic-highlight/exam_ws/install/play_motion2/share/play_motion2/hook/ld_library_path_lib.ps1'
[27.207s] INFO:colcon.colcon_core.shell:Creating environment descriptor '/home/luca/topic-highlight/exam_ws/install/play_motion2/share/play_motion2/hook/ld_library_path_lib.dsv'
[27.208s] INFO:colcon.colcon_core.shell:Creating environment hook '/home/luca/topic-highlight/exam_ws/install/play_motion2/share/play_motion2/hook/ld_library_path_lib.sh'
[27.208s] Level 1:colcon.colcon_core.environment:checking '/home/luca/topic-highlight/exam_ws/install/play_motion2/bin'
[27.208s] Level 1:colcon.colcon_core.environment:checking '/home/luca/topic-highlight/exam_ws/install/play_motion2/lib/pkgconfig/play_motion2.pc'
[27.208s] Level 1:colcon.colcon_core.environment:checking '/home/luca/topic-highlight/exam_ws/install/play_motion2/lib/python3.10/site-packages'
[27.208s] Level 1:colcon.colcon_core.environment:checking '/home/luca/topic-highlight/exam_ws/install/play_motion2/bin'
[27.208s] INFO:colcon.colcon_core.shell:Creating package script '/home/luca/topic-highlight/exam_ws/install/play_motion2/share/play_motion2/package.ps1'
[27.209s] INFO:colcon.colcon_core.shell:Creating package descriptor '/home/luca/topic-highlight/exam_ws/install/play_motion2/share/play_motion2/package.dsv'
[27.209s] INFO:colcon.colcon_core.shell:Creating package script '/home/luca/topic-highlight/exam_ws/install/play_motion2/share/play_motion2/package.sh'
[27.209s] INFO:colcon.colcon_core.shell:Creating package script '/home/luca/topic-highlight/exam_ws/install/play_motion2/share/play_motion2/package.bash'
[27.209s] INFO:colcon.colcon_core.shell:Creating package script '/home/luca/topic-highlight/exam_ws/install/play_motion2/share/play_motion2/package.zsh'
[27.210s] Level 1:colcon.colcon_core.environment:create_file_with_runtime_dependencies(/home/luca/topic-highlight/exam_ws/install/play_motion2/share/colcon-core/packages/play_motion2)
[27.210s] Level 1:colcon.colcon_core.environment:create_environment_scripts_only(play_motion2)
[27.210s] Level 1:colcon.colcon_core.environment:checking '/home/luca/topic-highlight/exam_ws/install/play_motion2' for CMake module files
[27.210s] Level 1:colcon.colcon_core.environment:checking '/home/luca/topic-highlight/exam_ws/install/play_motion2' for CMake config files
[27.210s] Level 1:colcon.colcon_core.shell:create_environment_hook('play_motion2', 'cmake_prefix_path')
[27.211s] INFO:colcon.colcon_core.shell:Creating environment hook '/home/luca/topic-highlight/exam_ws/install/play_motion2/share/play_motion2/hook/cmake_prefix_path.ps1'
[27.211s] INFO:colcon.colcon_core.shell:Creating environment descriptor '/home/luca/topic-highlight/exam_ws/install/play_motion2/share/play_motion2/hook/cmake_prefix_path.dsv'
[27.211s] INFO:colcon.colcon_core.shell:Creating environment hook '/home/luca/topic-highlight/exam_ws/install/play_motion2/share/play_motion2/hook/cmake_prefix_path.sh'
[27.211s] Level 1:colcon.colcon_core.environment:checking '/home/luca/topic-highlight/exam_ws/install/play_motion2/lib'
[27.211s] Level 1:colcon.colcon_core.shell:create_environment_hook('play_motion2', 'ld_library_path_lib')
[27.212s] INFO:colcon.colcon_core.shell:Creating environment hook '/home/luca/topic-highlight/exam_ws/install/play_motion2/share/play_motion2/hook/ld_library_path_lib.ps1'
[27.212s] INFO:colcon.colcon_core.shell:Creating environment descriptor '/home/luca/topic-highlight/exam_ws/install/play_motion2/share/play_motion2/hook/ld_library_path_lib.dsv'
[27.212s] INFO:colcon.colcon_core.shell:Creating environment hook '/home/luca/topic-highlight/exam_ws/install/play_motion2/share/play_motion2/hook/ld_library_path_lib.sh'
[27.212s] Level 1:colcon.colcon_core.environment:checking '/home/luca/topic-highlight/exam_ws/install/play_motion2/bin'
[27.212s] Level 1:colcon.colcon_core.environment:checking '/home/luca/topic-highlight/exam_ws/install/play_motion2/lib/pkgconfig/play_motion2.pc'
[27.212s] Level 1:colcon.colcon_core.environment:checking '/home/luca/topic-highlight/exam_ws/install/play_motion2/lib/python3.10/site-packages'
[27.213s] Level 1:colcon.colcon_core.environment:checking '/home/luca/topic-highlight/exam_ws/install/play_motion2/bin'
[27.213s] INFO:colcon.colcon_core.shell:Creating package script '/home/luca/topic-highlight/exam_ws/install/play_motion2/share/play_motion2/package.ps1'
[27.213s] INFO:colcon.colcon_core.shell:Creating package descriptor '/home/luca/topic-highlight/exam_ws/install/play_motion2/share/play_motion2/package.dsv'
[27.213s] INFO:colcon.colcon_core.shell:Creating package script '/home/luca/topic-highlight/exam_ws/install/play_motion2/share/play_motion2/package.sh'
[27.214s] INFO:colcon.colcon_core.shell:Creating package script '/home/luca/topic-highlight/exam_ws/install/play_motion2/share/play_motion2/package.bash'
[27.214s] INFO:colcon.colcon_core.shell:Creating package script '/home/luca/topic-highlight/exam_ws/install/play_motion2/share/play_motion2/package.zsh'
[27.214s] Level 1:colcon.colcon_core.environment:create_file_with_runtime_dependencies(/home/luca/topic-highlight/exam_ws/install/play_motion2/share/colcon-core/packages/play_motion2)
[27.214s] INFO:colcon.colcon_ros.task.ament_cmake.build:Building ROS package in '/home/luca/topic-highlight/exam_ws/src/tiago_robot/tiago_bringup' with build type 'ament_cmake'
[27.214s] INFO:colcon.colcon_cmake.task.cmake.build:Building CMake package in '/home/luca/topic-highlight/exam_ws/src/tiago_robot/tiago_bringup'
[27.215s] INFO:colcon.colcon_core.shell:Skip shell extension 'powershell' for command environment: Not usable outside of PowerShell
[27.215s] DEBUG:colcon.colcon_core.shell:Skip shell extension 'dsv' for command environment
[27.231s] DEBUG:colcon.colcon_core.event_handler.log_command:Invoking command in '/home/luca/topic-highlight/exam_ws/build/tiago_bringup': AMENT_PREFIX_PATH=/home/luca/topic-highlight/exam_ws/install/tiago_description:/home/luca/topic-highlight/exam_ws/install/pmb2_description:/home/luca/topic-highlight/exam_ws/install/tiago_controller_configuration:/home/luca/topic-highlight/exam_ws/install/pmb2_controller_configuration:/home/luca/topic-highlight/exam_ws/install/play_motion2:/home/luca/topic-highlight/exam_ws/install/pal_hey5_description:/home/luca/topic-highlight/exam_ws/install/pal_gripper_description:/home/luca/topic-highlight/exam_ws/install/urdf_test:/home/luca/topic-highlight/exam_ws/install/play_motion2_msgs:/home/luca/topic-highlight/exam_ws/install/pal_urdf_utils:/home/luca/topic-highlight/exam_ws/install/pal_robotiq_description:/home/luca/topic-highlight/exam_ws/install/pal_robotiq_controller_configuration:/home/luca/topic-highlight/exam_ws/install/pal_hey5_controller_configuration:/home/luca/topic-highlight/exam_ws/install/pal_gripper_controller_configuration:/home/luca/topic-highlight/exam_ws/install/launch_pal:${AMENT_PREFIX_PATH} CMAKE_PREFIX_PATH=/home/luca/topic-highlight/exam_ws/install/tiago_description:/home/luca/topic-highlight/exam_ws/install/pmb2_description:/home/luca/topic-highlight/exam_ws/install/tiago_controller_configuration:/home/luca/topic-highlight/exam_ws/install/pmb2_controller_configuration:/home/luca/topic-highlight/exam_ws/install/play_motion2:/home/luca/topic-highlight/exam_ws/install/pal_hey5_description:/home/luca/topic-highlight/exam_ws/install/pal_gripper_description:/home/luca/topic-highlight/exam_ws/install/urdf_test:/home/luca/topic-highlight/exam_ws/install/play_motion2_msgs:/home/luca/topic-highlight/exam_ws/install/pal_urdf_utils:/home/luca/topic-highlight/exam_ws/install/pal_robotiq_description:/home/luca/topic-highlight/exam_ws/install/pal_robotiq_controller_configuration:/home/luca/topic-highlight/exam_ws/install/pal_hey5_controller_configuration:/home/luca/topic-highlight/exam_ws/install/pal_gripper_controller_configuration:/opt/ros/humble LD_LIBRARY_PATH=/home/luca/topic-highlight/exam_ws/install/play_motion2/lib:/home/luca/topic-highlight/exam_ws/install/play_motion2_msgs/lib:${LD_LIBRARY_PATH} PYTHONPATH=/home/luca/topic-highlight/exam_ws/install/tiago_description/local/lib/python3.10/dist-packages:/home/luca/topic-highlight/exam_ws/install/pmb2_description/local/lib/python3.10/dist-packages:/home/luca/topic-highlight/exam_ws/install/urdf_test/local/lib/python3.10/dist-packages:/home/luca/topic-highlight/exam_ws/install/play_motion2_msgs/local/lib/python3.10/dist-packages:/home/luca/topic-highlight/exam_ws/install/launch_pal/lib/python3.10/site-packages:${PYTHONPATH} /usr/bin/cmake /home/luca/topic-highlight/exam_ws/src/tiago_robot/tiago_bringup -DCMAKE_INSTALL_PREFIX=/home/luca/topic-highlight/exam_ws/install/tiago_bringup
[27.871s] DEBUG:colcon.colcon_core.event_handler.log_command:Invoked command in '/home/luca/topic-highlight/exam_ws/build/tiago_bringup' returned '0': AMENT_PREFIX_PATH=/home/luca/topic-highlight/exam_ws/install/tiago_description:/home/luca/topic-highlight/exam_ws/install/pmb2_description:/home/luca/topic-highlight/exam_ws/install/tiago_controller_configuration:/home/luca/topic-highlight/exam_ws/install/pmb2_controller_configuration:/home/luca/topic-highlight/exam_ws/install/play_motion2:/home/luca/topic-highlight/exam_ws/install/pal_hey5_description:/home/luca/topic-highlight/exam_ws/install/pal_gripper_description:/home/luca/topic-highlight/exam_ws/install/urdf_test:/home/luca/topic-highlight/exam_ws/install/play_motion2_msgs:/home/luca/topic-highlight/exam_ws/install/pal_urdf_utils:/home/luca/topic-highlight/exam_ws/install/pal_robotiq_description:/home/luca/topic-highlight/exam_ws/install/pal_robotiq_controller_configuration:/home/luca/topic-highlight/exam_ws/install/pal_hey5_controller_configuration:/home/luca/topic-highlight/exam_ws/install/pal_gripper_controller_configuration:/home/luca/topic-highlight/exam_ws/install/launch_pal:${AMENT_PREFIX_PATH} CMAKE_PREFIX_PATH=/home/luca/topic-highlight/exam_ws/install/tiago_description:/home/luca/topic-highlight/exam_ws/install/pmb2_description:/home/luca/topic-highlight/exam_ws/install/tiago_controller_configuration:/home/luca/topic-highlight/exam_ws/install/pmb2_controller_configuration:/home/luca/topic-highlight/exam_ws/install/play_motion2:/home/luca/topic-highlight/exam_ws/install/pal_hey5_description:/home/luca/topic-highlight/exam_ws/install/pal_gripper_description:/home/luca/topic-highlight/exam_ws/install/urdf_test:/home/luca/topic-highlight/exam_ws/install/play_motion2_msgs:/home/luca/topic-highlight/exam_ws/install/pal_urdf_utils:/home/luca/topic-highlight/exam_ws/install/pal_robotiq_description:/home/luca/topic-highlight/exam_ws/install/pal_robotiq_controller_configuration:/home/luca/topic-highlight/exam_ws/install/pal_hey5_controller_configuration:/home/luca/topic-highlight/exam_ws/install/pal_gripper_controller_configuration:/opt/ros/humble LD_LIBRARY_PATH=/home/luca/topic-highlight/exam_ws/install/play_motion2/lib:/home/luca/topic-highlight/exam_ws/install/play_motion2_msgs/lib:${LD_LIBRARY_PATH} PYTHONPATH=/home/luca/topic-highlight/exam_ws/install/tiago_description/local/lib/python3.10/dist-packages:/home/luca/topic-highlight/exam_ws/install/pmb2_description/local/lib/python3.10/dist-packages:/home/luca/topic-highlight/exam_ws/install/urdf_test/local/lib/python3.10/dist-packages:/home/luca/topic-highlight/exam_ws/install/play_motion2_msgs/local/lib/python3.10/dist-packages:/home/luca/topic-highlight/exam_ws/install/launch_pal/lib/python3.10/site-packages:${PYTHONPATH} /usr/bin/cmake /home/luca/topic-highlight/exam_ws/src/tiago_robot/tiago_bringup -DCMAKE_INSTALL_PREFIX=/home/luca/topic-highlight/exam_ws/install/tiago_bringup
[27.872s] DEBUG:colcon.colcon_core.event_handler.log_command:Invoking command in '/home/luca/topic-highlight/exam_ws/build/tiago_bringup': AMENT_PREFIX_PATH=/home/luca/topic-highlight/exam_ws/install/tiago_description:/home/luca/topic-highlight/exam_ws/install/pmb2_description:/home/luca/topic-highlight/exam_ws/install/tiago_controller_configuration:/home/luca/topic-highlight/exam_ws/install/pmb2_controller_configuration:/home/luca/topic-highlight/exam_ws/install/play_motion2:/home/luca/topic-highlight/exam_ws/install/pal_hey5_description:/home/luca/topic-highlight/exam_ws/install/pal_gripper_description:/home/luca/topic-highlight/exam_ws/install/urdf_test:/home/luca/topic-highlight/exam_ws/install/play_motion2_msgs:/home/luca/topic-highlight/exam_ws/install/pal_urdf_utils:/home/luca/topic-highlight/exam_ws/install/pal_robotiq_description:/home/luca/topic-highlight/exam_ws/install/pal_robotiq_controller_configuration:/home/luca/topic-highlight/exam_ws/install/pal_hey5_controller_configuration:/home/luca/topic-highlight/exam_ws/install/pal_gripper_controller_configuration:/home/luca/topic-highlight/exam_ws/install/launch_pal:${AMENT_PREFIX_PATH} CMAKE_PREFIX_PATH=/home/luca/topic-highlight/exam_ws/install/tiago_description:/home/luca/topic-highlight/exam_ws/install/pmb2_description:/home/luca/topic-highlight/exam_ws/install/tiago_controller_configuration:/home/luca/topic-highlight/exam_ws/install/pmb2_controller_configuration:/home/luca/topic-highlight/exam_ws/install/play_motion2:/home/luca/topic-highlight/exam_ws/install/pal_hey5_description:/home/luca/topic-highlight/exam_ws/install/pal_gripper_description:/home/luca/topic-highlight/exam_ws/install/urdf_test:/home/luca/topic-highlight/exam_ws/install/play_motion2_msgs:/home/luca/topic-highlight/exam_ws/install/pal_urdf_utils:/home/luca/topic-highlight/exam_ws/install/pal_robotiq_description:/home/luca/topic-highlight/exam_ws/install/pal_robotiq_controller_configuration:/home/luca/topic-highlight/exam_ws/install/pal_hey5_controller_configuration:/home/luca/topic-highlight/exam_ws/install/pal_gripper_controller_configuration:/opt/ros/humble LD_LIBRARY_PATH=/home/luca/topic-highlight/exam_ws/install/play_motion2/lib:/home/luca/topic-highlight/exam_ws/install/play_motion2_msgs/lib:${LD_LIBRARY_PATH} PYTHONPATH=/home/luca/topic-highlight/exam_ws/install/tiago_description/local/lib/python3.10/dist-packages:/home/luca/topic-highlight/exam_ws/install/pmb2_description/local/lib/python3.10/dist-packages:/home/luca/topic-highlight/exam_ws/install/urdf_test/local/lib/python3.10/dist-packages:/home/luca/topic-highlight/exam_ws/install/play_motion2_msgs/local/lib/python3.10/dist-packages:/home/luca/topic-highlight/exam_ws/install/launch_pal/lib/python3.10/site-packages:${PYTHONPATH} /usr/bin/cmake --build /home/luca/topic-highlight/exam_ws/build/tiago_bringup -- -j20 -l20
[27.896s] DEBUG:colcon.colcon_core.event_handler.log_command:Invoked command in '/home/luca/topic-highlight/exam_ws/build/tiago_bringup' returned '0': AMENT_PREFIX_PATH=/home/luca/topic-highlight/exam_ws/install/tiago_description:/home/luca/topic-highlight/exam_ws/install/pmb2_description:/home/luca/topic-highlight/exam_ws/install/tiago_controller_configuration:/home/luca/topic-highlight/exam_ws/install/pmb2_controller_configuration:/home/luca/topic-highlight/exam_ws/install/play_motion2:/home/luca/topic-highlight/exam_ws/install/pal_hey5_description:/home/luca/topic-highlight/exam_ws/install/pal_gripper_description:/home/luca/topic-highlight/exam_ws/install/urdf_test:/home/luca/topic-highlight/exam_ws/install/play_motion2_msgs:/home/luca/topic-highlight/exam_ws/install/pal_urdf_utils:/home/luca/topic-highlight/exam_ws/install/pal_robotiq_description:/home/luca/topic-highlight/exam_ws/install/pal_robotiq_controller_configuration:/home/luca/topic-highlight/exam_ws/install/pal_hey5_controller_configuration:/home/luca/topic-highlight/exam_ws/install/pal_gripper_controller_configuration:/home/luca/topic-highlight/exam_ws/install/launch_pal:${AMENT_PREFIX_PATH} CMAKE_PREFIX_PATH=/home/luca/topic-highlight/exam_ws/install/tiago_description:/home/luca/topic-highlight/exam_ws/install/pmb2_description:/home/luca/topic-highlight/exam_ws/install/tiago_controller_configuration:/home/luca/topic-highlight/exam_ws/install/pmb2_controller_configuration:/home/luca/topic-highlight/exam_ws/install/play_motion2:/home/luca/topic-highlight/exam_ws/install/pal_hey5_description:/home/luca/topic-highlight/exam_ws/install/pal_gripper_description:/home/luca/topic-highlight/exam_ws/install/urdf_test:/home/luca/topic-highlight/exam_ws/install/play_motion2_msgs:/home/luca/topic-highlight/exam_ws/install/pal_urdf_utils:/home/luca/topic-highlight/exam_ws/install/pal_robotiq_description:/home/luca/topic-highlight/exam_ws/install/pal_robotiq_controller_configuration:/home/luca/topic-highlight/exam_ws/install/pal_hey5_controller_configuration:/home/luca/topic-highlight/exam_ws/install/pal_gripper_controller_configuration:/opt/ros/humble LD_LIBRARY_PATH=/home/luca/topic-highlight/exam_ws/install/play_motion2/lib:/home/luca/topic-highlight/exam_ws/install/play_motion2_msgs/lib:${LD_LIBRARY_PATH} PYTHONPATH=/home/luca/topic-highlight/exam_ws/install/tiago_description/local/lib/python3.10/dist-packages:/home/luca/topic-highlight/exam_ws/install/pmb2_description/local/lib/python3.10/dist-packages:/home/luca/topic-highlight/exam_ws/install/urdf_test/local/lib/python3.10/dist-packages:/home/luca/topic-highlight/exam_ws/install/play_motion2_msgs/local/lib/python3.10/dist-packages:/home/luca/topic-highlight/exam_ws/install/launch_pal/lib/python3.10/site-packages:${PYTHONPATH} /usr/bin/cmake --build /home/luca/topic-highlight/exam_ws/build/tiago_bringup -- -j20 -l20
[27.898s] DEBUG:colcon.colcon_core.event_handler.log_command:Invoking command in '/home/luca/topic-highlight/exam_ws/build/tiago_bringup': AMENT_PREFIX_PATH=/home/luca/topic-highlight/exam_ws/install/tiago_description:/home/luca/topic-highlight/exam_ws/install/pmb2_description:/home/luca/topic-highlight/exam_ws/install/tiago_controller_configuration:/home/luca/topic-highlight/exam_ws/install/pmb2_controller_configuration:/home/luca/topic-highlight/exam_ws/install/play_motion2:/home/luca/topic-highlight/exam_ws/install/pal_hey5_description:/home/luca/topic-highlight/exam_ws/install/pal_gripper_description:/home/luca/topic-highlight/exam_ws/install/urdf_test:/home/luca/topic-highlight/exam_ws/install/play_motion2_msgs:/home/luca/topic-highlight/exam_ws/install/pal_urdf_utils:/home/luca/topic-highlight/exam_ws/install/pal_robotiq_description:/home/luca/topic-highlight/exam_ws/install/pal_robotiq_controller_configuration:/home/luca/topic-highlight/exam_ws/install/pal_hey5_controller_configuration:/home/luca/topic-highlight/exam_ws/install/pal_gripper_controller_configuration:/home/luca/topic-highlight/exam_ws/install/launch_pal:${AMENT_PREFIX_PATH} CMAKE_PREFIX_PATH=/home/luca/topic-highlight/exam_ws/install/tiago_description:/home/luca/topic-highlight/exam_ws/install/pmb2_description:/home/luca/topic-highlight/exam_ws/install/tiago_controller_configuration:/home/luca/topic-highlight/exam_ws/install/pmb2_controller_configuration:/home/luca/topic-highlight/exam_ws/install/play_motion2:/home/luca/topic-highlight/exam_ws/install/pal_hey5_description:/home/luca/topic-highlight/exam_ws/install/pal_gripper_description:/home/luca/topic-highlight/exam_ws/install/urdf_test:/home/luca/topic-highlight/exam_ws/install/play_motion2_msgs:/home/luca/topic-highlight/exam_ws/install/pal_urdf_utils:/home/luca/topic-highlight/exam_ws/install/pal_robotiq_description:/home/luca/topic-highlight/exam_ws/install/pal_robotiq_controller_configuration:/home/luca/topic-highlight/exam_ws/install/pal_hey5_controller_configuration:/home/luca/topic-highlight/exam_ws/install/pal_gripper_controller_configuration:/opt/ros/humble LD_LIBRARY_PATH=/home/luca/topic-highlight/exam_ws/install/play_motion2/lib:/home/luca/topic-highlight/exam_ws/install/play_motion2_msgs/lib:${LD_LIBRARY_PATH} PYTHONPATH=/home/luca/topic-highlight/exam_ws/install/tiago_description/local/lib/python3.10/dist-packages:/home/luca/topic-highlight/exam_ws/install/pmb2_description/local/lib/python3.10/dist-packages:/home/luca/topic-highlight/exam_ws/install/urdf_test/local/lib/python3.10/dist-packages:/home/luca/topic-highlight/exam_ws/install/play_motion2_msgs/local/lib/python3.10/dist-packages:/home/luca/topic-highlight/exam_ws/install/launch_pal/lib/python3.10/site-packages:${PYTHONPATH} /usr/bin/cmake --install /home/luca/topic-highlight/exam_ws/build/tiago_bringup
[27.911s] Level 1:colcon.colcon_core.environment:create_environment_scripts_only(tiago_bringup)
[27.911s] Level 1:colcon.colcon_core.environment:checking '/home/luca/topic-highlight/exam_ws/install/tiago_bringup' for CMake module files
[27.911s] DEBUG:colcon.colcon_core.event_handler.log_command:Invoked command in '/home/luca/topic-highlight/exam_ws/build/tiago_bringup' returned '0': AMENT_PREFIX_PATH=/home/luca/topic-highlight/exam_ws/install/tiago_description:/home/luca/topic-highlight/exam_ws/install/pmb2_description:/home/luca/topic-highlight/exam_ws/install/tiago_controller_configuration:/home/luca/topic-highlight/exam_ws/install/pmb2_controller_configuration:/home/luca/topic-highlight/exam_ws/install/play_motion2:/home/luca/topic-highlight/exam_ws/install/pal_hey5_description:/home/luca/topic-highlight/exam_ws/install/pal_gripper_description:/home/luca/topic-highlight/exam_ws/install/urdf_test:/home/luca/topic-highlight/exam_ws/install/play_motion2_msgs:/home/luca/topic-highlight/exam_ws/install/pal_urdf_utils:/home/luca/topic-highlight/exam_ws/install/pal_robotiq_description:/home/luca/topic-highlight/exam_ws/install/pal_robotiq_controller_configuration:/home/luca/topic-highlight/exam_ws/install/pal_hey5_controller_configuration:/home/luca/topic-highlight/exam_ws/install/pal_gripper_controller_configuration:/home/luca/topic-highlight/exam_ws/install/launch_pal:${AMENT_PREFIX_PATH} CMAKE_PREFIX_PATH=/home/luca/topic-highlight/exam_ws/install/tiago_description:/home/luca/topic-highlight/exam_ws/install/pmb2_description:/home/luca/topic-highlight/exam_ws/install/tiago_controller_configuration:/home/luca/topic-highlight/exam_ws/install/pmb2_controller_configuration:/home/luca/topic-highlight/exam_ws/install/play_motion2:/home/luca/topic-highlight/exam_ws/install/pal_hey5_description:/home/luca/topic-highlight/exam_ws/install/pal_gripper_description:/home/luca/topic-highlight/exam_ws/install/urdf_test:/home/luca/topic-highlight/exam_ws/install/play_motion2_msgs:/home/luca/topic-highlight/exam_ws/install/pal_urdf_utils:/home/luca/topic-highlight/exam_ws/install/pal_robotiq_description:/home/luca/topic-highlight/exam_ws/install/pal_robotiq_controller_configuration:/home/luca/topic-highlight/exam_ws/install/pal_hey5_controller_configuration:/home/luca/topic-highlight/exam_ws/install/pal_gripper_controller_configuration:/opt/ros/humble LD_LIBRARY_PATH=/home/luca/topic-highlight/exam_ws/install/play_motion2/lib:/home/luca/topic-highlight/exam_ws/install/play_motion2_msgs/lib:${LD_LIBRARY_PATH} PYTHONPATH=/home/luca/topic-highlight/exam_ws/install/tiago_description/local/lib/python3.10/dist-packages:/home/luca/topic-highlight/exam_ws/install/pmb2_description/local/lib/python3.10/dist-packages:/home/luca/topic-highlight/exam_ws/install/urdf_test/local/lib/python3.10/dist-packages:/home/luca/topic-highlight/exam_ws/install/play_motion2_msgs/local/lib/python3.10/dist-packages:/home/luca/topic-highlight/exam_ws/install/launch_pal/lib/python3.10/site-packages:${PYTHONPATH} /usr/bin/cmake --install /home/luca/topic-highlight/exam_ws/build/tiago_bringup
[27.912s] Level 1:colcon.colcon_core.environment:checking '/home/luca/topic-highlight/exam_ws/install/tiago_bringup' for CMake config files
[27.912s] Level 1:colcon.colcon_core.shell:create_environment_hook('tiago_bringup', 'cmake_prefix_path')
[27.912s] INFO:colcon.colcon_core.shell:Creating environment hook '/home/luca/topic-highlight/exam_ws/install/tiago_bringup/share/tiago_bringup/hook/cmake_prefix_path.ps1'
[27.913s] INFO:colcon.colcon_core.shell:Creating environment descriptor '/home/luca/topic-highlight/exam_ws/install/tiago_bringup/share/tiago_bringup/hook/cmake_prefix_path.dsv'
[27.913s] INFO:colcon.colcon_core.shell:Creating environment hook '/home/luca/topic-highlight/exam_ws/install/tiago_bringup/share/tiago_bringup/hook/cmake_prefix_path.sh'
[27.913s] Level 1:colcon.colcon_core.environment:checking '/home/luca/topic-highlight/exam_ws/install/tiago_bringup/lib'
[27.913s] Level 1:colcon.colcon_core.environment:checking '/home/luca/topic-highlight/exam_ws/install/tiago_bringup/bin'
[27.913s] Level 1:colcon.colcon_core.environment:checking '/home/luca/topic-highlight/exam_ws/install/tiago_bringup/lib/pkgconfig/tiago_bringup.pc'
[27.913s] Level 1:colcon.colcon_core.environment:checking '/home/luca/topic-highlight/exam_ws/install/tiago_bringup/lib/python3.10/site-packages'
[27.914s] Level 1:colcon.colcon_core.environment:checking '/home/luca/topic-highlight/exam_ws/install/tiago_bringup/bin'
[27.914s] INFO:colcon.colcon_core.shell:Creating package script '/home/luca/topic-highlight/exam_ws/install/tiago_bringup/share/tiago_bringup/package.ps1'
[27.914s] INFO:colcon.colcon_core.shell:Creating package descriptor '/home/luca/topic-highlight/exam_ws/install/tiago_bringup/share/tiago_bringup/package.dsv'
[27.914s] INFO:colcon.colcon_core.shell:Creating package script '/home/luca/topic-highlight/exam_ws/install/tiago_bringup/share/tiago_bringup/package.sh'
[27.915s] INFO:colcon.colcon_core.shell:Creating package script '/home/luca/topic-highlight/exam_ws/install/tiago_bringup/share/tiago_bringup/package.bash'
[27.915s] INFO:colcon.colcon_core.shell:Creating package script '/home/luca/topic-highlight/exam_ws/install/tiago_bringup/share/tiago_bringup/package.zsh'
[27.915s] Level 1:colcon.colcon_core.environment:create_file_with_runtime_dependencies(/home/luca/topic-highlight/exam_ws/install/tiago_bringup/share/colcon-core/packages/tiago_bringup)
[27.915s] Level 1:colcon.colcon_core.environment:create_environment_scripts_only(tiago_bringup)
[27.915s] Level 1:colcon.colcon_core.environment:checking '/home/luca/topic-highlight/exam_ws/install/tiago_bringup' for CMake module files
[27.916s] Level 1:colcon.colcon_core.environment:checking '/home/luca/topic-highlight/exam_ws/install/tiago_bringup' for CMake config files
[27.916s] Level 1:colcon.colcon_core.shell:create_environment_hook('tiago_bringup', 'cmake_prefix_path')
[27.916s] INFO:colcon.colcon_core.shell:Creating environment hook '/home/luca/topic-highlight/exam_ws/install/tiago_bringup/share/tiago_bringup/hook/cmake_prefix_path.ps1'
[27.916s] INFO:colcon.colcon_core.shell:Creating environment descriptor '/home/luca/topic-highlight/exam_ws/install/tiago_bringup/share/tiago_bringup/hook/cmake_prefix_path.dsv'
[27.916s] INFO:colcon.colcon_core.shell:Creating environment hook '/home/luca/topic-highlight/exam_ws/install/tiago_bringup/share/tiago_bringup/hook/cmake_prefix_path.sh'
[27.917s] Level 1:colcon.colcon_core.environment:checking '/home/luca/topic-highlight/exam_ws/install/tiago_bringup/lib'
[27.917s] Level 1:colcon.colcon_core.environment:checking '/home/luca/topic-highlight/exam_ws/install/tiago_bringup/bin'
[27.917s] Level 1:colcon.colcon_core.environment:checking '/home/luca/topic-highlight/exam_ws/install/tiago_bringup/lib/pkgconfig/tiago_bringup.pc'
[27.917s] Level 1:colcon.colcon_core.environment:checking '/home/luca/topic-highlight/exam_ws/install/tiago_bringup/lib/python3.10/site-packages'
[27.917s] Level 1:colcon.colcon_core.environment:checking '/home/luca/topic-highlight/exam_ws/install/tiago_bringup/bin'
[27.917s] INFO:colcon.colcon_core.shell:Creating package script '/home/luca/topic-highlight/exam_ws/install/tiago_bringup/share/tiago_bringup/package.ps1'
[27.917s] INFO:colcon.colcon_core.shell:Creating package descriptor '/home/luca/topic-highlight/exam_ws/install/tiago_bringup/share/tiago_bringup/package.dsv'
[27.918s] INFO:colcon.colcon_core.shell:Creating package script '/home/luca/topic-highlight/exam_ws/install/tiago_bringup/share/tiago_bringup/package.sh'
[27.918s] INFO:colcon.colcon_core.shell:Creating package script '/home/luca/topic-highlight/exam_ws/install/tiago_bringup/share/tiago_bringup/package.bash'
[27.918s] INFO:colcon.colcon_core.shell:Creating package script '/home/luca/topic-highlight/exam_ws/install/tiago_bringup/share/tiago_bringup/package.zsh'
[27.919s] Level 1:colcon.colcon_core.environment:create_file_with_runtime_dependencies(/home/luca/topic-highlight/exam_ws/install/tiago_bringup/share/colcon-core/packages/tiago_bringup)
[27.919s] INFO:colcon.colcon_ros.task.ament_cmake.build:Building ROS package in '/home/luca/topic-highlight/exam_ws/src/tiago_simulation/tiago_gazebo' with build type 'ament_cmake'
[27.919s] INFO:colcon.colcon_cmake.task.cmake.build:Building CMake package in '/home/luca/topic-highlight/exam_ws/src/tiago_simulation/tiago_gazebo'
[27.919s] INFO:colcon.colcon_core.shell:Skip shell extension 'powershell' for command environment: Not usable outside of PowerShell
[27.919s] DEBUG:colcon.colcon_core.shell:Skip shell extension 'dsv' for command environment
[27.922s] INFO:colcon.colcon_ros.task.ament_cmake.build:Building ROS package in '/home/luca/topic-highlight/exam_ws/src/tiago_robot/tiago_robot' with build type 'ament_cmake'
[27.922s] INFO:colcon.colcon_cmake.task.cmake.build:Building CMake package in '/home/luca/topic-highlight/exam_ws/src/tiago_robot/tiago_robot'
[27.923s] INFO:colcon.colcon_core.shell:Skip shell extension 'powershell' for command environment: Not usable outside of PowerShell
[27.923s] DEBUG:colcon.colcon_core.shell:Skip shell extension 'dsv' for command environment
[27.938s] DEBUG:colcon.colcon_core.event_handler.log_command:Invoking command in '/home/luca/topic-highlight/exam_ws/build/tiago_gazebo': AMENT_PREFIX_PATH=/home/luca/topic-highlight/exam_ws/install/tiago_moveit_config:/home/luca/topic-highlight/exam_ws/install/tiago_bringup:/home/luca/topic-highlight/exam_ws/install/tiago_description:/home/luca/topic-highlight/exam_ws/install/pmb2_description:/home/luca/topic-highlight/exam_ws/install/tiago_controller_configuration:/home/luca/topic-highlight/exam_ws/install/tiago_2dnav:/home/luca/topic-highlight/exam_ws/install/pmb2_controller_configuration:/home/luca/topic-highlight/exam_ws/install/play_motion2:/home/luca/topic-highlight/exam_ws/install/pal_hey5_description:/home/luca/topic-highlight/exam_ws/install/pal_gripper_description:/home/luca/topic-highlight/exam_ws/install/urdf_test:/home/luca/topic-highlight/exam_ws/install/pmb2_maps:/home/luca/topic-highlight/exam_ws/install/play_motion2_msgs:/home/luca/topic-highlight/exam_ws/install/pal_urdf_utils:/home/luca/topic-highlight/exam_ws/install/pal_robotiq_description:/home/luca/topic-highlight/exam_ws/install/pal_robotiq_controller_configuration:/home/luca/topic-highlight/exam_ws/install/pal_hey5_controller_configuration:/home/luca/topic-highlight/exam_ws/install/pal_gripper_controller_configuration:/home/luca/topic-highlight/exam_ws/install/pal_gazebo_worlds:/home/luca/topic-highlight/exam_ws/install/launch_pal:${AMENT_PREFIX_PATH} CMAKE_PREFIX_PATH=/home/luca/topic-highlight/exam_ws/install/tiago_moveit_config:/home/luca/topic-highlight/exam_ws/install/tiago_bringup:/home/luca/topic-highlight/exam_ws/install/tiago_description:/home/luca/topic-highlight/exam_ws/install/pmb2_description:/home/luca/topic-highlight/exam_ws/install/tiago_controller_configuration:/home/luca/topic-highlight/exam_ws/install/tiago_2dnav:/home/luca/topic-highlight/exam_ws/install/pmb2_controller_configuration:/home/luca/topic-highlight/exam_ws/install/play_motion2:/home/luca/topic-highlight/exam_ws/install/pal_hey5_description:/home/luca/topic-highlight/exam_ws/install/pal_gripper_description:/home/luca/topic-highlight/exam_ws/install/urdf_test:/home/luca/topic-highlight/exam_ws/install/pmb2_maps:/home/luca/topic-highlight/exam_ws/install/play_motion2_msgs:/home/luca/topic-highlight/exam_ws/install/pal_urdf_utils:/home/luca/topic-highlight/exam_ws/install/pal_robotiq_description:/home/luca/topic-highlight/exam_ws/install/pal_robotiq_controller_configuration:/home/luca/topic-highlight/exam_ws/install/pal_hey5_controller_configuration:/home/luca/topic-highlight/exam_ws/install/pal_gripper_controller_configuration:/home/luca/topic-highlight/exam_ws/install/pal_gazebo_worlds:/opt/ros/humble LD_LIBRARY_PATH=/home/luca/topic-highlight/exam_ws/install/play_motion2/lib:/home/luca/topic-highlight/exam_ws/install/play_motion2_msgs/lib:${LD_LIBRARY_PATH} PYTHONPATH=/home/luca/topic-highlight/exam_ws/install/tiago_description/local/lib/python3.10/dist-packages:/home/luca/topic-highlight/exam_ws/install/pmb2_description/local/lib/python3.10/dist-packages:/home/luca/topic-highlight/exam_ws/install/urdf_test/local/lib/python3.10/dist-packages:/home/luca/topic-highlight/exam_ws/install/play_motion2_msgs/local/lib/python3.10/dist-packages:/home/luca/topic-highlight/exam_ws/install/launch_pal/lib/python3.10/site-packages:${PYTHONPATH} /usr/bin/cmake /home/luca/topic-highlight/exam_ws/src/tiago_simulation/tiago_gazebo -DCMAKE_INSTALL_PREFIX=/home/luca/topic-highlight/exam_ws/install/tiago_gazebo
[27.940s] DEBUG:colcon.colcon_core.event_handler.log_command:Invoking command in '/home/luca/topic-highlight/exam_ws/build/tiago_robot': AMENT_PREFIX_PATH=/home/luca/topic-highlight/exam_ws/install/tiago_bringup:/home/luca/topic-highlight/exam_ws/install/tiago_description:/home/luca/topic-highlight/exam_ws/install/pmb2_description:/home/luca/topic-highlight/exam_ws/install/tiago_controller_configuration:/home/luca/topic-highlight/exam_ws/install/pmb2_controller_configuration:/home/luca/topic-highlight/exam_ws/install/play_motion2:/home/luca/topic-highlight/exam_ws/install/pal_hey5_description:/home/luca/topic-highlight/exam_ws/install/pal_gripper_description:/home/luca/topic-highlight/exam_ws/install/urdf_test:/home/luca/topic-highlight/exam_ws/install/play_motion2_msgs:/home/luca/topic-highlight/exam_ws/install/pal_urdf_utils:/home/luca/topic-highlight/exam_ws/install/pal_robotiq_description:/home/luca/topic-highlight/exam_ws/install/pal_robotiq_controller_configuration:/home/luca/topic-highlight/exam_ws/install/pal_hey5_controller_configuration:/home/luca/topic-highlight/exam_ws/install/pal_gripper_controller_configuration:/home/luca/topic-highlight/exam_ws/install/launch_pal:${AMENT_PREFIX_PATH} CMAKE_PREFIX_PATH=/home/luca/topic-highlight/exam_ws/install/tiago_bringup:/home/luca/topic-highlight/exam_ws/install/tiago_description:/home/luca/topic-highlight/exam_ws/install/pmb2_description:/home/luca/topic-highlight/exam_ws/install/tiago_controller_configuration:/home/luca/topic-highlight/exam_ws/install/pmb2_controller_configuration:/home/luca/topic-highlight/exam_ws/install/play_motion2:/home/luca/topic-highlight/exam_ws/install/pal_hey5_description:/home/luca/topic-highlight/exam_ws/install/pal_gripper_description:/home/luca/topic-highlight/exam_ws/install/urdf_test:/home/luca/topic-highlight/exam_ws/install/play_motion2_msgs:/home/luca/topic-highlight/exam_ws/install/pal_urdf_utils:/home/luca/topic-highlight/exam_ws/install/pal_robotiq_description:/home/luca/topic-highlight/exam_ws/install/pal_robotiq_controller_configuration:/home/luca/topic-highlight/exam_ws/install/pal_hey5_controller_configuration:/home/luca/topic-highlight/exam_ws/install/pal_gripper_controller_configuration:/opt/ros/humble LD_LIBRARY_PATH=/home/luca/topic-highlight/exam_ws/install/play_motion2/lib:/home/luca/topic-highlight/exam_ws/install/play_motion2_msgs/lib:${LD_LIBRARY_PATH} PYTHONPATH=/home/luca/topic-highlight/exam_ws/install/tiago_description/local/lib/python3.10/dist-packages:/home/luca/topic-highlight/exam_ws/install/pmb2_description/local/lib/python3.10/dist-packages:/home/luca/topic-highlight/exam_ws/install/urdf_test/local/lib/python3.10/dist-packages:/home/luca/topic-highlight/exam_ws/install/play_motion2_msgs/local/lib/python3.10/dist-packages:/home/luca/topic-highlight/exam_ws/install/launch_pal/lib/python3.10/site-packages:${PYTHONPATH} /usr/bin/cmake /home/luca/topic-highlight/exam_ws/src/tiago_robot/tiago_robot -DCMAKE_INSTALL_PREFIX=/home/luca/topic-highlight/exam_ws/install/tiago_robot
[28.561s] DEBUG:colcon.colcon_core.event_handler.log_command:Invoked command in '/home/luca/topic-highlight/exam_ws/build/tiago_robot' returned '0': AMENT_PREFIX_PATH=/home/luca/topic-highlight/exam_ws/install/tiago_bringup:/home/luca/topic-highlight/exam_ws/install/tiago_description:/home/luca/topic-highlight/exam_ws/install/pmb2_description:/home/luca/topic-highlight/exam_ws/install/tiago_controller_configuration:/home/luca/topic-highlight/exam_ws/install/pmb2_controller_configuration:/home/luca/topic-highlight/exam_ws/install/play_motion2:/home/luca/topic-highlight/exam_ws/install/pal_hey5_description:/home/luca/topic-highlight/exam_ws/install/pal_gripper_description:/home/luca/topic-highlight/exam_ws/install/urdf_test:/home/luca/topic-highlight/exam_ws/install/play_motion2_msgs:/home/luca/topic-highlight/exam_ws/install/pal_urdf_utils:/home/luca/topic-highlight/exam_ws/install/pal_robotiq_description:/home/luca/topic-highlight/exam_ws/install/pal_robotiq_controller_configuration:/home/luca/topic-highlight/exam_ws/install/pal_hey5_controller_configuration:/home/luca/topic-highlight/exam_ws/install/pal_gripper_controller_configuration:/home/luca/topic-highlight/exam_ws/install/launch_pal:${AMENT_PREFIX_PATH} CMAKE_PREFIX_PATH=/home/luca/topic-highlight/exam_ws/install/tiago_bringup:/home/luca/topic-highlight/exam_ws/install/tiago_description:/home/luca/topic-highlight/exam_ws/install/pmb2_description:/home/luca/topic-highlight/exam_ws/install/tiago_controller_configuration:/home/luca/topic-highlight/exam_ws/install/pmb2_controller_configuration:/home/luca/topic-highlight/exam_ws/install/play_motion2:/home/luca/topic-highlight/exam_ws/install/pal_hey5_description:/home/luca/topic-highlight/exam_ws/install/pal_gripper_description:/home/luca/topic-highlight/exam_ws/install/urdf_test:/home/luca/topic-highlight/exam_ws/install/play_motion2_msgs:/home/luca/topic-highlight/exam_ws/install/pal_urdf_utils:/home/luca/topic-highlight/exam_ws/install/pal_robotiq_description:/home/luca/topic-highlight/exam_ws/install/pal_robotiq_controller_configuration:/home/luca/topic-highlight/exam_ws/install/pal_hey5_controller_configuration:/home/luca/topic-highlight/exam_ws/install/pal_gripper_controller_configuration:/opt/ros/humble LD_LIBRARY_PATH=/home/luca/topic-highlight/exam_ws/install/play_motion2/lib:/home/luca/topic-highlight/exam_ws/install/play_motion2_msgs/lib:${LD_LIBRARY_PATH} PYTHONPATH=/home/luca/topic-highlight/exam_ws/install/tiago_description/local/lib/python3.10/dist-packages:/home/luca/topic-highlight/exam_ws/install/pmb2_description/local/lib/python3.10/dist-packages:/home/luca/topic-highlight/exam_ws/install/urdf_test/local/lib/python3.10/dist-packages:/home/luca/topic-highlight/exam_ws/install/play_motion2_msgs/local/lib/python3.10/dist-packages:/home/luca/topic-highlight/exam_ws/install/launch_pal/lib/python3.10/site-packages:${PYTHONPATH} /usr/bin/cmake /home/luca/topic-highlight/exam_ws/src/tiago_robot/tiago_robot -DCMAKE_INSTALL_PREFIX=/home/luca/topic-highlight/exam_ws/install/tiago_robot
[28.562s] DEBUG:colcon.colcon_core.event_handler.log_command:Invoking command in '/home/luca/topic-highlight/exam_ws/build/tiago_robot': AMENT_PREFIX_PATH=/home/luca/topic-highlight/exam_ws/install/tiago_bringup:/home/luca/topic-highlight/exam_ws/install/tiago_description:/home/luca/topic-highlight/exam_ws/install/pmb2_description:/home/luca/topic-highlight/exam_ws/install/tiago_controller_configuration:/home/luca/topic-highlight/exam_ws/install/pmb2_controller_configuration:/home/luca/topic-highlight/exam_ws/install/play_motion2:/home/luca/topic-highlight/exam_ws/install/pal_hey5_description:/home/luca/topic-highlight/exam_ws/install/pal_gripper_description:/home/luca/topic-highlight/exam_ws/install/urdf_test:/home/luca/topic-highlight/exam_ws/install/play_motion2_msgs:/home/luca/topic-highlight/exam_ws/install/pal_urdf_utils:/home/luca/topic-highlight/exam_ws/install/pal_robotiq_description:/home/luca/topic-highlight/exam_ws/install/pal_robotiq_controller_configuration:/home/luca/topic-highlight/exam_ws/install/pal_hey5_controller_configuration:/home/luca/topic-highlight/exam_ws/install/pal_gripper_controller_configuration:/home/luca/topic-highlight/exam_ws/install/launch_pal:${AMENT_PREFIX_PATH} CMAKE_PREFIX_PATH=/home/luca/topic-highlight/exam_ws/install/tiago_bringup:/home/luca/topic-highlight/exam_ws/install/tiago_description:/home/luca/topic-highlight/exam_ws/install/pmb2_description:/home/luca/topic-highlight/exam_ws/install/tiago_controller_configuration:/home/luca/topic-highlight/exam_ws/install/pmb2_controller_configuration:/home/luca/topic-highlight/exam_ws/install/play_motion2:/home/luca/topic-highlight/exam_ws/install/pal_hey5_description:/home/luca/topic-highlight/exam_ws/install/pal_gripper_description:/home/luca/topic-highlight/exam_ws/install/urdf_test:/home/luca/topic-highlight/exam_ws/install/play_motion2_msgs:/home/luca/topic-highlight/exam_ws/install/pal_urdf_utils:/home/luca/topic-highlight/exam_ws/install/pal_robotiq_description:/home/luca/topic-highlight/exam_ws/install/pal_robotiq_controller_configuration:/home/luca/topic-highlight/exam_ws/install/pal_hey5_controller_configuration:/home/luca/topic-highlight/exam_ws/install/pal_gripper_controller_configuration:/opt/ros/humble LD_LIBRARY_PATH=/home/luca/topic-highlight/exam_ws/install/play_motion2/lib:/home/luca/topic-highlight/exam_ws/install/play_motion2_msgs/lib:${LD_LIBRARY_PATH} PYTHONPATH=/home/luca/topic-highlight/exam_ws/install/tiago_description/local/lib/python3.10/dist-packages:/home/luca/topic-highlight/exam_ws/install/pmb2_description/local/lib/python3.10/dist-packages:/home/luca/topic-highlight/exam_ws/install/urdf_test/local/lib/python3.10/dist-packages:/home/luca/topic-highlight/exam_ws/install/play_motion2_msgs/local/lib/python3.10/dist-packages:/home/luca/topic-highlight/exam_ws/install/launch_pal/lib/python3.10/site-packages:${PYTHONPATH} /usr/bin/cmake --build /home/luca/topic-highlight/exam_ws/build/tiago_robot -- -j20 -l20
[28.588s] DEBUG:colcon.colcon_core.event_handler.log_command:Invoked command in '/home/luca/topic-highlight/exam_ws/build/tiago_robot' returned '0': AMENT_PREFIX_PATH=/home/luca/topic-highlight/exam_ws/install/tiago_bringup:/home/luca/topic-highlight/exam_ws/install/tiago_description:/home/luca/topic-highlight/exam_ws/install/pmb2_description:/home/luca/topic-highlight/exam_ws/install/tiago_controller_configuration:/home/luca/topic-highlight/exam_ws/install/pmb2_controller_configuration:/home/luca/topic-highlight/exam_ws/install/play_motion2:/home/luca/topic-highlight/exam_ws/install/pal_hey5_description:/home/luca/topic-highlight/exam_ws/install/pal_gripper_description:/home/luca/topic-highlight/exam_ws/install/urdf_test:/home/luca/topic-highlight/exam_ws/install/play_motion2_msgs:/home/luca/topic-highlight/exam_ws/install/pal_urdf_utils:/home/luca/topic-highlight/exam_ws/install/pal_robotiq_description:/home/luca/topic-highlight/exam_ws/install/pal_robotiq_controller_configuration:/home/luca/topic-highlight/exam_ws/install/pal_hey5_controller_configuration:/home/luca/topic-highlight/exam_ws/install/pal_gripper_controller_configuration:/home/luca/topic-highlight/exam_ws/install/launch_pal:${AMENT_PREFIX_PATH} CMAKE_PREFIX_PATH=/home/luca/topic-highlight/exam_ws/install/tiago_bringup:/home/luca/topic-highlight/exam_ws/install/tiago_description:/home/luca/topic-highlight/exam_ws/install/pmb2_description:/home/luca/topic-highlight/exam_ws/install/tiago_controller_configuration:/home/luca/topic-highlight/exam_ws/install/pmb2_controller_configuration:/home/luca/topic-highlight/exam_ws/install/play_motion2:/home/luca/topic-highlight/exam_ws/install/pal_hey5_description:/home/luca/topic-highlight/exam_ws/install/pal_gripper_description:/home/luca/topic-highlight/exam_ws/install/urdf_test:/home/luca/topic-highlight/exam_ws/install/play_motion2_msgs:/home/luca/topic-highlight/exam_ws/install/pal_urdf_utils:/home/luca/topic-highlight/exam_ws/install/pal_robotiq_description:/home/luca/topic-highlight/exam_ws/install/pal_robotiq_controller_configuration:/home/luca/topic-highlight/exam_ws/install/pal_hey5_controller_configuration:/home/luca/topic-highlight/exam_ws/install/pal_gripper_controller_configuration:/opt/ros/humble LD_LIBRARY_PATH=/home/luca/topic-highlight/exam_ws/install/play_motion2/lib:/home/luca/topic-highlight/exam_ws/install/play_motion2_msgs/lib:${LD_LIBRARY_PATH} PYTHONPATH=/home/luca/topic-highlight/exam_ws/install/tiago_description/local/lib/python3.10/dist-packages:/home/luca/topic-highlight/exam_ws/install/pmb2_description/local/lib/python3.10/dist-packages:/home/luca/topic-highlight/exam_ws/install/urdf_test/local/lib/python3.10/dist-packages:/home/luca/topic-highlight/exam_ws/install/play_motion2_msgs/local/lib/python3.10/dist-packages:/home/luca/topic-highlight/exam_ws/install/launch_pal/lib/python3.10/site-packages:${PYTHONPATH} /usr/bin/cmake --build /home/luca/topic-highlight/exam_ws/build/tiago_robot -- -j20 -l20
[28.589s] DEBUG:colcon.colcon_core.event_handler.log_command:Invoking command in '/home/luca/topic-highlight/exam_ws/build/tiago_robot': AMENT_PREFIX_PATH=/home/luca/topic-highlight/exam_ws/install/tiago_bringup:/home/luca/topic-highlight/exam_ws/install/tiago_description:/home/luca/topic-highlight/exam_ws/install/pmb2_description:/home/luca/topic-highlight/exam_ws/install/tiago_controller_configuration:/home/luca/topic-highlight/exam_ws/install/pmb2_controller_configuration:/home/luca/topic-highlight/exam_ws/install/play_motion2:/home/luca/topic-highlight/exam_ws/install/pal_hey5_description:/home/luca/topic-highlight/exam_ws/install/pal_gripper_description:/home/luca/topic-highlight/exam_ws/install/urdf_test:/home/luca/topic-highlight/exam_ws/install/play_motion2_msgs:/home/luca/topic-highlight/exam_ws/install/pal_urdf_utils:/home/luca/topic-highlight/exam_ws/install/pal_robotiq_description:/home/luca/topic-highlight/exam_ws/install/pal_robotiq_controller_configuration:/home/luca/topic-highlight/exam_ws/install/pal_hey5_controller_configuration:/home/luca/topic-highlight/exam_ws/install/pal_gripper_controller_configuration:/home/luca/topic-highlight/exam_ws/install/launch_pal:${AMENT_PREFIX_PATH} CMAKE_PREFIX_PATH=/home/luca/topic-highlight/exam_ws/install/tiago_bringup:/home/luca/topic-highlight/exam_ws/install/tiago_description:/home/luca/topic-highlight/exam_ws/install/pmb2_description:/home/luca/topic-highlight/exam_ws/install/tiago_controller_configuration:/home/luca/topic-highlight/exam_ws/install/pmb2_controller_configuration:/home/luca/topic-highlight/exam_ws/install/play_motion2:/home/luca/topic-highlight/exam_ws/install/pal_hey5_description:/home/luca/topic-highlight/exam_ws/install/pal_gripper_description:/home/luca/topic-highlight/exam_ws/install/urdf_test:/home/luca/topic-highlight/exam_ws/install/play_motion2_msgs:/home/luca/topic-highlight/exam_ws/install/pal_urdf_utils:/home/luca/topic-highlight/exam_ws/install/pal_robotiq_description:/home/luca/topic-highlight/exam_ws/install/pal_robotiq_controller_configuration:/home/luca/topic-highlight/exam_ws/install/pal_hey5_controller_configuration:/home/luca/topic-highlight/exam_ws/install/pal_gripper_controller_configuration:/opt/ros/humble LD_LIBRARY_PATH=/home/luca/topic-highlight/exam_ws/install/play_motion2/lib:/home/luca/topic-highlight/exam_ws/install/play_motion2_msgs/lib:${LD_LIBRARY_PATH} PYTHONPATH=/home/luca/topic-highlight/exam_ws/install/tiago_description/local/lib/python3.10/dist-packages:/home/luca/topic-highlight/exam_ws/install/pmb2_description/local/lib/python3.10/dist-packages:/home/luca/topic-highlight/exam_ws/install/urdf_test/local/lib/python3.10/dist-packages:/home/luca/topic-highlight/exam_ws/install/play_motion2_msgs/local/lib/python3.10/dist-packages:/home/luca/topic-highlight/exam_ws/install/launch_pal/lib/python3.10/site-packages:${PYTHONPATH} /usr/bin/cmake --install /home/luca/topic-highlight/exam_ws/build/tiago_robot
[28.596s] Level 1:colcon.colcon_core.environment:create_environment_scripts_only(tiago_robot)
[28.596s] Level 1:colcon.colcon_core.environment:checking '/home/luca/topic-highlight/exam_ws/install/tiago_robot' for CMake module files
[28.597s] DEBUG:colcon.colcon_core.event_handler.log_command:Invoked command in '/home/luca/topic-highlight/exam_ws/build/tiago_robot' returned '0': AMENT_PREFIX_PATH=/home/luca/topic-highlight/exam_ws/install/tiago_bringup:/home/luca/topic-highlight/exam_ws/install/tiago_description:/home/luca/topic-highlight/exam_ws/install/pmb2_description:/home/luca/topic-highlight/exam_ws/install/tiago_controller_configuration:/home/luca/topic-highlight/exam_ws/install/pmb2_controller_configuration:/home/luca/topic-highlight/exam_ws/install/play_motion2:/home/luca/topic-highlight/exam_ws/install/pal_hey5_description:/home/luca/topic-highlight/exam_ws/install/pal_gripper_description:/home/luca/topic-highlight/exam_ws/install/urdf_test:/home/luca/topic-highlight/exam_ws/install/play_motion2_msgs:/home/luca/topic-highlight/exam_ws/install/pal_urdf_utils:/home/luca/topic-highlight/exam_ws/install/pal_robotiq_description:/home/luca/topic-highlight/exam_ws/install/pal_robotiq_controller_configuration:/home/luca/topic-highlight/exam_ws/install/pal_hey5_controller_configuration:/home/luca/topic-highlight/exam_ws/install/pal_gripper_controller_configuration:/home/luca/topic-highlight/exam_ws/install/launch_pal:${AMENT_PREFIX_PATH} CMAKE_PREFIX_PATH=/home/luca/topic-highlight/exam_ws/install/tiago_bringup:/home/luca/topic-highlight/exam_ws/install/tiago_description:/home/luca/topic-highlight/exam_ws/install/pmb2_description:/home/luca/topic-highlight/exam_ws/install/tiago_controller_configuration:/home/luca/topic-highlight/exam_ws/install/pmb2_controller_configuration:/home/luca/topic-highlight/exam_ws/install/play_motion2:/home/luca/topic-highlight/exam_ws/install/pal_hey5_description:/home/luca/topic-highlight/exam_ws/install/pal_gripper_description:/home/luca/topic-highlight/exam_ws/install/urdf_test:/home/luca/topic-highlight/exam_ws/install/play_motion2_msgs:/home/luca/topic-highlight/exam_ws/install/pal_urdf_utils:/home/luca/topic-highlight/exam_ws/install/pal_robotiq_description:/home/luca/topic-highlight/exam_ws/install/pal_robotiq_controller_configuration:/home/luca/topic-highlight/exam_ws/install/pal_hey5_controller_configuration:/home/luca/topic-highlight/exam_ws/install/pal_gripper_controller_configuration:/opt/ros/humble LD_LIBRARY_PATH=/home/luca/topic-highlight/exam_ws/install/play_motion2/lib:/home/luca/topic-highlight/exam_ws/install/play_motion2_msgs/lib:${LD_LIBRARY_PATH} PYTHONPATH=/home/luca/topic-highlight/exam_ws/install/tiago_description/local/lib/python3.10/dist-packages:/home/luca/topic-highlight/exam_ws/install/pmb2_description/local/lib/python3.10/dist-packages:/home/luca/topic-highlight/exam_ws/install/urdf_test/local/lib/python3.10/dist-packages:/home/luca/topic-highlight/exam_ws/install/play_motion2_msgs/local/lib/python3.10/dist-packages:/home/luca/topic-highlight/exam_ws/install/launch_pal/lib/python3.10/site-packages:${PYTHONPATH} /usr/bin/cmake --install /home/luca/topic-highlight/exam_ws/build/tiago_robot
[28.597s] Level 1:colcon.colcon_core.environment:checking '/home/luca/topic-highlight/exam_ws/install/tiago_robot' for CMake config files
[28.597s] Level 1:colcon.colcon_core.shell:create_environment_hook('tiago_robot', 'cmake_prefix_path')
[28.597s] INFO:colcon.colcon_core.shell:Creating environment hook '/home/luca/topic-highlight/exam_ws/install/tiago_robot/share/tiago_robot/hook/cmake_prefix_path.ps1'
[28.598s] INFO:colcon.colcon_core.shell:Creating environment descriptor '/home/luca/topic-highlight/exam_ws/install/tiago_robot/share/tiago_robot/hook/cmake_prefix_path.dsv'
[28.598s] INFO:colcon.colcon_core.shell:Creating environment hook '/home/luca/topic-highlight/exam_ws/install/tiago_robot/share/tiago_robot/hook/cmake_prefix_path.sh'
[28.598s] Level 1:colcon.colcon_core.environment:checking '/home/luca/topic-highlight/exam_ws/install/tiago_robot/bin'
[28.598s] Level 1:colcon.colcon_core.environment:checking '/home/luca/topic-highlight/exam_ws/install/tiago_robot/lib/pkgconfig/tiago_robot.pc'
[28.599s] Level 1:colcon.colcon_core.environment:checking '/home/luca/topic-highlight/exam_ws/install/tiago_robot/lib/python3.10/site-packages'
[28.599s] Level 1:colcon.colcon_core.environment:checking '/home/luca/topic-highlight/exam_ws/install/tiago_robot/bin'
[28.599s] INFO:colcon.colcon_core.shell:Creating package script '/home/luca/topic-highlight/exam_ws/install/tiago_robot/share/tiago_robot/package.ps1'
[28.599s] INFO:colcon.colcon_core.shell:Creating package descriptor '/home/luca/topic-highlight/exam_ws/install/tiago_robot/share/tiago_robot/package.dsv'
[28.599s] INFO:colcon.colcon_core.shell:Creating package script '/home/luca/topic-highlight/exam_ws/install/tiago_robot/share/tiago_robot/package.sh'
[28.600s] INFO:colcon.colcon_core.shell:Creating package script '/home/luca/topic-highlight/exam_ws/install/tiago_robot/share/tiago_robot/package.bash'
[28.600s] INFO:colcon.colcon_core.shell:Creating package script '/home/luca/topic-highlight/exam_ws/install/tiago_robot/share/tiago_robot/package.zsh'
[28.600s] Level 1:colcon.colcon_core.environment:create_file_with_runtime_dependencies(/home/luca/topic-highlight/exam_ws/install/tiago_robot/share/colcon-core/packages/tiago_robot)
[28.601s] Level 1:colcon.colcon_core.environment:create_environment_scripts_only(tiago_robot)
[28.601s] Level 1:colcon.colcon_core.environment:checking '/home/luca/topic-highlight/exam_ws/install/tiago_robot' for CMake module files
[28.601s] Level 1:colcon.colcon_core.environment:checking '/home/luca/topic-highlight/exam_ws/install/tiago_robot' for CMake config files
[28.601s] Level 1:colcon.colcon_core.shell:create_environment_hook('tiago_robot', 'cmake_prefix_path')
[28.601s] INFO:colcon.colcon_core.shell:Creating environment hook '/home/luca/topic-highlight/exam_ws/install/tiago_robot/share/tiago_robot/hook/cmake_prefix_path.ps1'
[28.602s] INFO:colcon.colcon_core.shell:Creating environment descriptor '/home/luca/topic-highlight/exam_ws/install/tiago_robot/share/tiago_robot/hook/cmake_prefix_path.dsv'
[28.602s] INFO:colcon.colcon_core.shell:Creating environment hook '/home/luca/topic-highlight/exam_ws/install/tiago_robot/share/tiago_robot/hook/cmake_prefix_path.sh'
[28.602s] Level 1:colcon.colcon_core.environment:checking '/home/luca/topic-highlight/exam_ws/install/tiago_robot/bin'
[28.602s] Level 1:colcon.colcon_core.environment:checking '/home/luca/topic-highlight/exam_ws/install/tiago_robot/lib/pkgconfig/tiago_robot.pc'
[28.602s] Level 1:colcon.colcon_core.environment:checking '/home/luca/topic-highlight/exam_ws/install/tiago_robot/lib/python3.10/site-packages'
[28.602s] Level 1:colcon.colcon_core.environment:checking '/home/luca/topic-highlight/exam_ws/install/tiago_robot/bin'
[28.603s] INFO:colcon.colcon_core.shell:Creating package script '/home/luca/topic-highlight/exam_ws/install/tiago_robot/share/tiago_robot/package.ps1'
[28.603s] INFO:colcon.colcon_core.shell:Creating package descriptor '/home/luca/topic-highlight/exam_ws/install/tiago_robot/share/tiago_robot/package.dsv'
[28.603s] INFO:colcon.colcon_core.shell:Creating package script '/home/luca/topic-highlight/exam_ws/install/tiago_robot/share/tiago_robot/package.sh'
[28.603s] INFO:colcon.colcon_core.shell:Creating package script '/home/luca/topic-highlight/exam_ws/install/tiago_robot/share/tiago_robot/package.bash'
[28.604s] INFO:colcon.colcon_core.shell:Creating package script '/home/luca/topic-highlight/exam_ws/install/tiago_robot/share/tiago_robot/package.zsh'
[28.604s] Level 1:colcon.colcon_core.environment:create_file_with_runtime_dependencies(/home/luca/topic-highlight/exam_ws/install/tiago_robot/share/colcon-core/packages/tiago_robot)
[29.122s] DEBUG:colcon.colcon_core.event_handler.log_command:Invoked command in '/home/luca/topic-highlight/exam_ws/build/tiago_gazebo' returned '0': AMENT_PREFIX_PATH=/home/luca/topic-highlight/exam_ws/install/tiago_moveit_config:/home/luca/topic-highlight/exam_ws/install/tiago_bringup:/home/luca/topic-highlight/exam_ws/install/tiago_description:/home/luca/topic-highlight/exam_ws/install/pmb2_description:/home/luca/topic-highlight/exam_ws/install/tiago_controller_configuration:/home/luca/topic-highlight/exam_ws/install/tiago_2dnav:/home/luca/topic-highlight/exam_ws/install/pmb2_controller_configuration:/home/luca/topic-highlight/exam_ws/install/play_motion2:/home/luca/topic-highlight/exam_ws/install/pal_hey5_description:/home/luca/topic-highlight/exam_ws/install/pal_gripper_description:/home/luca/topic-highlight/exam_ws/install/urdf_test:/home/luca/topic-highlight/exam_ws/install/pmb2_maps:/home/luca/topic-highlight/exam_ws/install/play_motion2_msgs:/home/luca/topic-highlight/exam_ws/install/pal_urdf_utils:/home/luca/topic-highlight/exam_ws/install/pal_robotiq_description:/home/luca/topic-highlight/exam_ws/install/pal_robotiq_controller_configuration:/home/luca/topic-highlight/exam_ws/install/pal_hey5_controller_configuration:/home/luca/topic-highlight/exam_ws/install/pal_gripper_controller_configuration:/home/luca/topic-highlight/exam_ws/install/pal_gazebo_worlds:/home/luca/topic-highlight/exam_ws/install/launch_pal:${AMENT_PREFIX_PATH} CMAKE_PREFIX_PATH=/home/luca/topic-highlight/exam_ws/install/tiago_moveit_config:/home/luca/topic-highlight/exam_ws/install/tiago_bringup:/home/luca/topic-highlight/exam_ws/install/tiago_description:/home/luca/topic-highlight/exam_ws/install/pmb2_description:/home/luca/topic-highlight/exam_ws/install/tiago_controller_configuration:/home/luca/topic-highlight/exam_ws/install/tiago_2dnav:/home/luca/topic-highlight/exam_ws/install/pmb2_controller_configuration:/home/luca/topic-highlight/exam_ws/install/play_motion2:/home/luca/topic-highlight/exam_ws/install/pal_hey5_description:/home/luca/topic-highlight/exam_ws/install/pal_gripper_description:/home/luca/topic-highlight/exam_ws/install/urdf_test:/home/luca/topic-highlight/exam_ws/install/pmb2_maps:/home/luca/topic-highlight/exam_ws/install/play_motion2_msgs:/home/luca/topic-highlight/exam_ws/install/pal_urdf_utils:/home/luca/topic-highlight/exam_ws/install/pal_robotiq_description:/home/luca/topic-highlight/exam_ws/install/pal_robotiq_controller_configuration:/home/luca/topic-highlight/exam_ws/install/pal_hey5_controller_configuration:/home/luca/topic-highlight/exam_ws/install/pal_gripper_controller_configuration:/home/luca/topic-highlight/exam_ws/install/pal_gazebo_worlds:/opt/ros/humble LD_LIBRARY_PATH=/home/luca/topic-highlight/exam_ws/install/play_motion2/lib:/home/luca/topic-highlight/exam_ws/install/play_motion2_msgs/lib:${LD_LIBRARY_PATH} PYTHONPATH=/home/luca/topic-highlight/exam_ws/install/tiago_description/local/lib/python3.10/dist-packages:/home/luca/topic-highlight/exam_ws/install/pmb2_description/local/lib/python3.10/dist-packages:/home/luca/topic-highlight/exam_ws/install/urdf_test/local/lib/python3.10/dist-packages:/home/luca/topic-highlight/exam_ws/install/play_motion2_msgs/local/lib/python3.10/dist-packages:/home/luca/topic-highlight/exam_ws/install/launch_pal/lib/python3.10/site-packages:${PYTHONPATH} /usr/bin/cmake /home/luca/topic-highlight/exam_ws/src/tiago_simulation/tiago_gazebo -DCMAKE_INSTALL_PREFIX=/home/luca/topic-highlight/exam_ws/install/tiago_gazebo
[29.122s] DEBUG:colcon.colcon_core.event_handler.log_command:Invoking command in '/home/luca/topic-highlight/exam_ws/build/tiago_gazebo': AMENT_PREFIX_PATH=/home/luca/topic-highlight/exam_ws/install/tiago_moveit_config:/home/luca/topic-highlight/exam_ws/install/tiago_bringup:/home/luca/topic-highlight/exam_ws/install/tiago_description:/home/luca/topic-highlight/exam_ws/install/pmb2_description:/home/luca/topic-highlight/exam_ws/install/tiago_controller_configuration:/home/luca/topic-highlight/exam_ws/install/tiago_2dnav:/home/luca/topic-highlight/exam_ws/install/pmb2_controller_configuration:/home/luca/topic-highlight/exam_ws/install/play_motion2:/home/luca/topic-highlight/exam_ws/install/pal_hey5_description:/home/luca/topic-highlight/exam_ws/install/pal_gripper_description:/home/luca/topic-highlight/exam_ws/install/urdf_test:/home/luca/topic-highlight/exam_ws/install/pmb2_maps:/home/luca/topic-highlight/exam_ws/install/play_motion2_msgs:/home/luca/topic-highlight/exam_ws/install/pal_urdf_utils:/home/luca/topic-highlight/exam_ws/install/pal_robotiq_description:/home/luca/topic-highlight/exam_ws/install/pal_robotiq_controller_configuration:/home/luca/topic-highlight/exam_ws/install/pal_hey5_controller_configuration:/home/luca/topic-highlight/exam_ws/install/pal_gripper_controller_configuration:/home/luca/topic-highlight/exam_ws/install/pal_gazebo_worlds:/home/luca/topic-highlight/exam_ws/install/launch_pal:${AMENT_PREFIX_PATH} CMAKE_PREFIX_PATH=/home/luca/topic-highlight/exam_ws/install/tiago_moveit_config:/home/luca/topic-highlight/exam_ws/install/tiago_bringup:/home/luca/topic-highlight/exam_ws/install/tiago_description:/home/luca/topic-highlight/exam_ws/install/pmb2_description:/home/luca/topic-highlight/exam_ws/install/tiago_controller_configuration:/home/luca/topic-highlight/exam_ws/install/tiago_2dnav:/home/luca/topic-highlight/exam_ws/install/pmb2_controller_configuration:/home/luca/topic-highlight/exam_ws/install/play_motion2:/home/luca/topic-highlight/exam_ws/install/pal_hey5_description:/home/luca/topic-highlight/exam_ws/install/pal_gripper_description:/home/luca/topic-highlight/exam_ws/install/urdf_test:/home/luca/topic-highlight/exam_ws/install/pmb2_maps:/home/luca/topic-highlight/exam_ws/install/play_motion2_msgs:/home/luca/topic-highlight/exam_ws/install/pal_urdf_utils:/home/luca/topic-highlight/exam_ws/install/pal_robotiq_description:/home/luca/topic-highlight/exam_ws/install/pal_robotiq_controller_configuration:/home/luca/topic-highlight/exam_ws/install/pal_hey5_controller_configuration:/home/luca/topic-highlight/exam_ws/install/pal_gripper_controller_configuration:/home/luca/topic-highlight/exam_ws/install/pal_gazebo_worlds:/opt/ros/humble LD_LIBRARY_PATH=/home/luca/topic-highlight/exam_ws/install/play_motion2/lib:/home/luca/topic-highlight/exam_ws/install/play_motion2_msgs/lib:${LD_LIBRARY_PATH} PYTHONPATH=/home/luca/topic-highlight/exam_ws/install/tiago_description/local/lib/python3.10/dist-packages:/home/luca/topic-highlight/exam_ws/install/pmb2_description/local/lib/python3.10/dist-packages:/home/luca/topic-highlight/exam_ws/install/urdf_test/local/lib/python3.10/dist-packages:/home/luca/topic-highlight/exam_ws/install/play_motion2_msgs/local/lib/python3.10/dist-packages:/home/luca/topic-highlight/exam_ws/install/launch_pal/lib/python3.10/site-packages:${PYTHONPATH} /usr/bin/cmake --build /home/luca/topic-highlight/exam_ws/build/tiago_gazebo -- -j20 -l20
[29.149s] DEBUG:colcon.colcon_core.event_handler.log_command:Invoked command in '/home/luca/topic-highlight/exam_ws/build/tiago_gazebo' returned '0': AMENT_PREFIX_PATH=/home/luca/topic-highlight/exam_ws/install/tiago_moveit_config:/home/luca/topic-highlight/exam_ws/install/tiago_bringup:/home/luca/topic-highlight/exam_ws/install/tiago_description:/home/luca/topic-highlight/exam_ws/install/pmb2_description:/home/luca/topic-highlight/exam_ws/install/tiago_controller_configuration:/home/luca/topic-highlight/exam_ws/install/tiago_2dnav:/home/luca/topic-highlight/exam_ws/install/pmb2_controller_configuration:/home/luca/topic-highlight/exam_ws/install/play_motion2:/home/luca/topic-highlight/exam_ws/install/pal_hey5_description:/home/luca/topic-highlight/exam_ws/install/pal_gripper_description:/home/luca/topic-highlight/exam_ws/install/urdf_test:/home/luca/topic-highlight/exam_ws/install/pmb2_maps:/home/luca/topic-highlight/exam_ws/install/play_motion2_msgs:/home/luca/topic-highlight/exam_ws/install/pal_urdf_utils:/home/luca/topic-highlight/exam_ws/install/pal_robotiq_description:/home/luca/topic-highlight/exam_ws/install/pal_robotiq_controller_configuration:/home/luca/topic-highlight/exam_ws/install/pal_hey5_controller_configuration:/home/luca/topic-highlight/exam_ws/install/pal_gripper_controller_configuration:/home/luca/topic-highlight/exam_ws/install/pal_gazebo_worlds:/home/luca/topic-highlight/exam_ws/install/launch_pal:${AMENT_PREFIX_PATH} CMAKE_PREFIX_PATH=/home/luca/topic-highlight/exam_ws/install/tiago_moveit_config:/home/luca/topic-highlight/exam_ws/install/tiago_bringup:/home/luca/topic-highlight/exam_ws/install/tiago_description:/home/luca/topic-highlight/exam_ws/install/pmb2_description:/home/luca/topic-highlight/exam_ws/install/tiago_controller_configuration:/home/luca/topic-highlight/exam_ws/install/tiago_2dnav:/home/luca/topic-highlight/exam_ws/install/pmb2_controller_configuration:/home/luca/topic-highlight/exam_ws/install/play_motion2:/home/luca/topic-highlight/exam_ws/install/pal_hey5_description:/home/luca/topic-highlight/exam_ws/install/pal_gripper_description:/home/luca/topic-highlight/exam_ws/install/urdf_test:/home/luca/topic-highlight/exam_ws/install/pmb2_maps:/home/luca/topic-highlight/exam_ws/install/play_motion2_msgs:/home/luca/topic-highlight/exam_ws/install/pal_urdf_utils:/home/luca/topic-highlight/exam_ws/install/pal_robotiq_description:/home/luca/topic-highlight/exam_ws/install/pal_robotiq_controller_configuration:/home/luca/topic-highlight/exam_ws/install/pal_hey5_controller_configuration:/home/luca/topic-highlight/exam_ws/install/pal_gripper_controller_configuration:/home/luca/topic-highlight/exam_ws/install/pal_gazebo_worlds:/opt/ros/humble LD_LIBRARY_PATH=/home/luca/topic-highlight/exam_ws/install/play_motion2/lib:/home/luca/topic-highlight/exam_ws/install/play_motion2_msgs/lib:${LD_LIBRARY_PATH} PYTHONPATH=/home/luca/topic-highlight/exam_ws/install/tiago_description/local/lib/python3.10/dist-packages:/home/luca/topic-highlight/exam_ws/install/pmb2_description/local/lib/python3.10/dist-packages:/home/luca/topic-highlight/exam_ws/install/urdf_test/local/lib/python3.10/dist-packages:/home/luca/topic-highlight/exam_ws/install/play_motion2_msgs/local/lib/python3.10/dist-packages:/home/luca/topic-highlight/exam_ws/install/launch_pal/lib/python3.10/site-packages:${PYTHONPATH} /usr/bin/cmake --build /home/luca/topic-highlight/exam_ws/build/tiago_gazebo -- -j20 -l20
[29.151s] DEBUG:colcon.colcon_core.event_handler.log_command:Invoking command in '/home/luca/topic-highlight/exam_ws/build/tiago_gazebo': AMENT_PREFIX_PATH=/home/luca/topic-highlight/exam_ws/install/tiago_moveit_config:/home/luca/topic-highlight/exam_ws/install/tiago_bringup:/home/luca/topic-highlight/exam_ws/install/tiago_description:/home/luca/topic-highlight/exam_ws/install/pmb2_description:/home/luca/topic-highlight/exam_ws/install/tiago_controller_configuration:/home/luca/topic-highlight/exam_ws/install/tiago_2dnav:/home/luca/topic-highlight/exam_ws/install/pmb2_controller_configuration:/home/luca/topic-highlight/exam_ws/install/play_motion2:/home/luca/topic-highlight/exam_ws/install/pal_hey5_description:/home/luca/topic-highlight/exam_ws/install/pal_gripper_description:/home/luca/topic-highlight/exam_ws/install/urdf_test:/home/luca/topic-highlight/exam_ws/install/pmb2_maps:/home/luca/topic-highlight/exam_ws/install/play_motion2_msgs:/home/luca/topic-highlight/exam_ws/install/pal_urdf_utils:/home/luca/topic-highlight/exam_ws/install/pal_robotiq_description:/home/luca/topic-highlight/exam_ws/install/pal_robotiq_controller_configuration:/home/luca/topic-highlight/exam_ws/install/pal_hey5_controller_configuration:/home/luca/topic-highlight/exam_ws/install/pal_gripper_controller_configuration:/home/luca/topic-highlight/exam_ws/install/pal_gazebo_worlds:/home/luca/topic-highlight/exam_ws/install/launch_pal:${AMENT_PREFIX_PATH} CMAKE_PREFIX_PATH=/home/luca/topic-highlight/exam_ws/install/tiago_moveit_config:/home/luca/topic-highlight/exam_ws/install/tiago_bringup:/home/luca/topic-highlight/exam_ws/install/tiago_description:/home/luca/topic-highlight/exam_ws/install/pmb2_description:/home/luca/topic-highlight/exam_ws/install/tiago_controller_configuration:/home/luca/topic-highlight/exam_ws/install/tiago_2dnav:/home/luca/topic-highlight/exam_ws/install/pmb2_controller_configuration:/home/luca/topic-highlight/exam_ws/install/play_motion2:/home/luca/topic-highlight/exam_ws/install/pal_hey5_description:/home/luca/topic-highlight/exam_ws/install/pal_gripper_description:/home/luca/topic-highlight/exam_ws/install/urdf_test:/home/luca/topic-highlight/exam_ws/install/pmb2_maps:/home/luca/topic-highlight/exam_ws/install/play_motion2_msgs:/home/luca/topic-highlight/exam_ws/install/pal_urdf_utils:/home/luca/topic-highlight/exam_ws/install/pal_robotiq_description:/home/luca/topic-highlight/exam_ws/install/pal_robotiq_controller_configuration:/home/luca/topic-highlight/exam_ws/install/pal_hey5_controller_configuration:/home/luca/topic-highlight/exam_ws/install/pal_gripper_controller_configuration:/home/luca/topic-highlight/exam_ws/install/pal_gazebo_worlds:/opt/ros/humble LD_LIBRARY_PATH=/home/luca/topic-highlight/exam_ws/install/play_motion2/lib:/home/luca/topic-highlight/exam_ws/install/play_motion2_msgs/lib:${LD_LIBRARY_PATH} PYTHONPATH=/home/luca/topic-highlight/exam_ws/install/tiago_description/local/lib/python3.10/dist-packages:/home/luca/topic-highlight/exam_ws/install/pmb2_description/local/lib/python3.10/dist-packages:/home/luca/topic-highlight/exam_ws/install/urdf_test/local/lib/python3.10/dist-packages:/home/luca/topic-highlight/exam_ws/install/play_motion2_msgs/local/lib/python3.10/dist-packages:/home/luca/topic-highlight/exam_ws/install/launch_pal/lib/python3.10/site-packages:${PYTHONPATH} /usr/bin/cmake --install /home/luca/topic-highlight/exam_ws/build/tiago_gazebo
[29.158s] Level 1:colcon.colcon_core.environment:create_environment_scripts_only(tiago_gazebo)
[29.158s] Level 1:colcon.colcon_core.environment:checking '/home/luca/topic-highlight/exam_ws/install/tiago_gazebo' for CMake module files
[29.159s] Level 1:colcon.colcon_core.environment:checking '/home/luca/topic-highlight/exam_ws/install/tiago_gazebo' for CMake config files
[29.159s] DEBUG:colcon.colcon_core.event_handler.log_command:Invoked command in '/home/luca/topic-highlight/exam_ws/build/tiago_gazebo' returned '0': AMENT_PREFIX_PATH=/home/luca/topic-highlight/exam_ws/install/tiago_moveit_config:/home/luca/topic-highlight/exam_ws/install/tiago_bringup:/home/luca/topic-highlight/exam_ws/install/tiago_description:/home/luca/topic-highlight/exam_ws/install/pmb2_description:/home/luca/topic-highlight/exam_ws/install/tiago_controller_configuration:/home/luca/topic-highlight/exam_ws/install/tiago_2dnav:/home/luca/topic-highlight/exam_ws/install/pmb2_controller_configuration:/home/luca/topic-highlight/exam_ws/install/play_motion2:/home/luca/topic-highlight/exam_ws/install/pal_hey5_description:/home/luca/topic-highlight/exam_ws/install/pal_gripper_description:/home/luca/topic-highlight/exam_ws/install/urdf_test:/home/luca/topic-highlight/exam_ws/install/pmb2_maps:/home/luca/topic-highlight/exam_ws/install/play_motion2_msgs:/home/luca/topic-highlight/exam_ws/install/pal_urdf_utils:/home/luca/topic-highlight/exam_ws/install/pal_robotiq_description:/home/luca/topic-highlight/exam_ws/install/pal_robotiq_controller_configuration:/home/luca/topic-highlight/exam_ws/install/pal_hey5_controller_configuration:/home/luca/topic-highlight/exam_ws/install/pal_gripper_controller_configuration:/home/luca/topic-highlight/exam_ws/install/pal_gazebo_worlds:/home/luca/topic-highlight/exam_ws/install/launch_pal:${AMENT_PREFIX_PATH} CMAKE_PREFIX_PATH=/home/luca/topic-highlight/exam_ws/install/tiago_moveit_config:/home/luca/topic-highlight/exam_ws/install/tiago_bringup:/home/luca/topic-highlight/exam_ws/install/tiago_description:/home/luca/topic-highlight/exam_ws/install/pmb2_description:/home/luca/topic-highlight/exam_ws/install/tiago_controller_configuration:/home/luca/topic-highlight/exam_ws/install/tiago_2dnav:/home/luca/topic-highlight/exam_ws/install/pmb2_controller_configuration:/home/luca/topic-highlight/exam_ws/install/play_motion2:/home/luca/topic-highlight/exam_ws/install/pal_hey5_description:/home/luca/topic-highlight/exam_ws/install/pal_gripper_description:/home/luca/topic-highlight/exam_ws/install/urdf_test:/home/luca/topic-highlight/exam_ws/install/pmb2_maps:/home/luca/topic-highlight/exam_ws/install/play_motion2_msgs:/home/luca/topic-highlight/exam_ws/install/pal_urdf_utils:/home/luca/topic-highlight/exam_ws/install/pal_robotiq_description:/home/luca/topic-highlight/exam_ws/install/pal_robotiq_controller_configuration:/home/luca/topic-highlight/exam_ws/install/pal_hey5_controller_configuration:/home/luca/topic-highlight/exam_ws/install/pal_gripper_controller_configuration:/home/luca/topic-highlight/exam_ws/install/pal_gazebo_worlds:/opt/ros/humble LD_LIBRARY_PATH=/home/luca/topic-highlight/exam_ws/install/play_motion2/lib:/home/luca/topic-highlight/exam_ws/install/play_motion2_msgs/lib:${LD_LIBRARY_PATH} PYTHONPATH=/home/luca/topic-highlight/exam_ws/install/tiago_description/local/lib/python3.10/dist-packages:/home/luca/topic-highlight/exam_ws/install/pmb2_description/local/lib/python3.10/dist-packages:/home/luca/topic-highlight/exam_ws/install/urdf_test/local/lib/python3.10/dist-packages:/home/luca/topic-highlight/exam_ws/install/play_motion2_msgs/local/lib/python3.10/dist-packages:/home/luca/topic-highlight/exam_ws/install/launch_pal/lib/python3.10/site-packages:${PYTHONPATH} /usr/bin/cmake --install /home/luca/topic-highlight/exam_ws/build/tiago_gazebo
[29.159s] Level 1:colcon.colcon_core.shell:create_environment_hook('tiago_gazebo', 'cmake_prefix_path')
[29.160s] INFO:colcon.colcon_core.shell:Creating environment hook '/home/luca/topic-highlight/exam_ws/install/tiago_gazebo/share/tiago_gazebo/hook/cmake_prefix_path.ps1'
[29.160s] INFO:colcon.colcon_core.shell:Creating environment descriptor '/home/luca/topic-highlight/exam_ws/install/tiago_gazebo/share/tiago_gazebo/hook/cmake_prefix_path.dsv'
[29.160s] INFO:colcon.colcon_core.shell:Creating environment hook '/home/luca/topic-highlight/exam_ws/install/tiago_gazebo/share/tiago_gazebo/hook/cmake_prefix_path.sh'
[29.160s] Level 1:colcon.colcon_core.environment:checking '/home/luca/topic-highlight/exam_ws/install/tiago_gazebo/lib'
[29.161s] Level 1:colcon.colcon_core.environment:checking '/home/luca/topic-highlight/exam_ws/install/tiago_gazebo/bin'
[29.161s] Level 1:colcon.colcon_core.environment:checking '/home/luca/topic-highlight/exam_ws/install/tiago_gazebo/lib/pkgconfig/tiago_gazebo.pc'
[29.161s] Level 1:colcon.colcon_core.environment:checking '/home/luca/topic-highlight/exam_ws/install/tiago_gazebo/lib/python3.10/site-packages'
[29.161s] Level 1:colcon.colcon_core.environment:checking '/home/luca/topic-highlight/exam_ws/install/tiago_gazebo/bin'
[29.161s] INFO:colcon.colcon_core.shell:Creating package script '/home/luca/topic-highlight/exam_ws/install/tiago_gazebo/share/tiago_gazebo/package.ps1'
[29.161s] INFO:colcon.colcon_core.shell:Creating package descriptor '/home/luca/topic-highlight/exam_ws/install/tiago_gazebo/share/tiago_gazebo/package.dsv'
[29.162s] INFO:colcon.colcon_core.shell:Creating package script '/home/luca/topic-highlight/exam_ws/install/tiago_gazebo/share/tiago_gazebo/package.sh'
[29.162s] INFO:colcon.colcon_core.shell:Creating package script '/home/luca/topic-highlight/exam_ws/install/tiago_gazebo/share/tiago_gazebo/package.bash'
[29.162s] INFO:colcon.colcon_core.shell:Creating package script '/home/luca/topic-highlight/exam_ws/install/tiago_gazebo/share/tiago_gazebo/package.zsh'
[29.162s] Level 1:colcon.colcon_core.environment:create_file_with_runtime_dependencies(/home/luca/topic-highlight/exam_ws/install/tiago_gazebo/share/colcon-core/packages/tiago_gazebo)
[29.163s] Level 1:colcon.colcon_core.environment:create_environment_scripts_only(tiago_gazebo)
[29.163s] Level 1:colcon.colcon_core.environment:checking '/home/luca/topic-highlight/exam_ws/install/tiago_gazebo' for CMake module files
[29.163s] Level 1:colcon.colcon_core.environment:checking '/home/luca/topic-highlight/exam_ws/install/tiago_gazebo' for CMake config files
[29.163s] Level 1:colcon.colcon_core.shell:create_environment_hook('tiago_gazebo', 'cmake_prefix_path')
[29.163s] INFO:colcon.colcon_core.shell:Creating environment hook '/home/luca/topic-highlight/exam_ws/install/tiago_gazebo/share/tiago_gazebo/hook/cmake_prefix_path.ps1'
[29.163s] INFO:colcon.colcon_core.shell:Creating environment descriptor '/home/luca/topic-highlight/exam_ws/install/tiago_gazebo/share/tiago_gazebo/hook/cmake_prefix_path.dsv'
[29.164s] INFO:colcon.colcon_core.shell:Creating environment hook '/home/luca/topic-highlight/exam_ws/install/tiago_gazebo/share/tiago_gazebo/hook/cmake_prefix_path.sh'
[29.164s] Level 1:colcon.colcon_core.environment:checking '/home/luca/topic-highlight/exam_ws/install/tiago_gazebo/lib'
[29.164s] Level 1:colcon.colcon_core.environment:checking '/home/luca/topic-highlight/exam_ws/install/tiago_gazebo/bin'
[29.164s] Level 1:colcon.colcon_core.environment:checking '/home/luca/topic-highlight/exam_ws/install/tiago_gazebo/lib/pkgconfig/tiago_gazebo.pc'
[29.164s] Level 1:colcon.colcon_core.environment:checking '/home/luca/topic-highlight/exam_ws/install/tiago_gazebo/lib/python3.10/site-packages'
[29.164s] Level 1:colcon.colcon_core.environment:checking '/home/luca/topic-highlight/exam_ws/install/tiago_gazebo/bin'
[29.165s] INFO:colcon.colcon_core.shell:Creating package script '/home/luca/topic-highlight/exam_ws/install/tiago_gazebo/share/tiago_gazebo/package.ps1'
[29.165s] INFO:colcon.colcon_core.shell:Creating package descriptor '/home/luca/topic-highlight/exam_ws/install/tiago_gazebo/share/tiago_gazebo/package.dsv'
[29.165s] INFO:colcon.colcon_core.shell:Creating package script '/home/luca/topic-highlight/exam_ws/install/tiago_gazebo/share/tiago_gazebo/package.sh'
[29.165s] INFO:colcon.colcon_core.shell:Creating package script '/home/luca/topic-highlight/exam_ws/install/tiago_gazebo/share/tiago_gazebo/package.bash'
[29.166s] INFO:colcon.colcon_core.shell:Creating package script '/home/luca/topic-highlight/exam_ws/install/tiago_gazebo/share/tiago_gazebo/package.zsh'
[29.166s] Level 1:colcon.colcon_core.environment:create_file_with_runtime_dependencies(/home/luca/topic-highlight/exam_ws/install/tiago_gazebo/share/colcon-core/packages/tiago_gazebo)
[29.166s] INFO:colcon.colcon_ros.task.ament_cmake.build:Building ROS package in '/home/luca/topic-highlight/exam_ws/src/tiago_simulation/tiago_simulation' with build type 'ament_cmake'
[29.166s] INFO:colcon.colcon_cmake.task.cmake.build:Building CMake package in '/home/luca/topic-highlight/exam_ws/src/tiago_simulation/tiago_simulation'
[29.166s] INFO:colcon.colcon_core.shell:Skip shell extension 'powershell' for command environment: Not usable outside of PowerShell
[29.166s] DEBUG:colcon.colcon_core.shell:Skip shell extension 'dsv' for command environment
[29.186s] DEBUG:colcon.colcon_core.event_handler.log_command:Invoking command in '/home/luca/topic-highlight/exam_ws/build/tiago_simulation': AMENT_PREFIX_PATH=/home/luca/topic-highlight/exam_ws/install/tiago_gazebo:/home/luca/topic-highlight/exam_ws/install/tiago_moveit_config:/home/luca/topic-highlight/exam_ws/install/tiago_bringup:/home/luca/topic-highlight/exam_ws/install/tiago_description:/home/luca/topic-highlight/exam_ws/install/pmb2_description:/home/luca/topic-highlight/exam_ws/install/tiago_controller_configuration:/home/luca/topic-highlight/exam_ws/install/tiago_2dnav:/home/luca/topic-highlight/exam_ws/install/pmb2_controller_configuration:/home/luca/topic-highlight/exam_ws/install/play_motion2:/home/luca/topic-highlight/exam_ws/install/pal_hey5_description:/home/luca/topic-highlight/exam_ws/install/pal_gripper_description:/home/luca/topic-highlight/exam_ws/install/urdf_test:/home/luca/topic-highlight/exam_ws/install/pmb2_maps:/home/luca/topic-highlight/exam_ws/install/play_motion2_msgs:/home/luca/topic-highlight/exam_ws/install/pal_urdf_utils:/home/luca/topic-highlight/exam_ws/install/pal_robotiq_description:/home/luca/topic-highlight/exam_ws/install/pal_robotiq_controller_configuration:/home/luca/topic-highlight/exam_ws/install/pal_hey5_controller_configuration:/home/luca/topic-highlight/exam_ws/install/pal_gripper_controller_configuration:/home/luca/topic-highlight/exam_ws/install/pal_gazebo_worlds:/home/luca/topic-highlight/exam_ws/install/launch_pal:${AMENT_PREFIX_PATH} CMAKE_PREFIX_PATH=/home/luca/topic-highlight/exam_ws/install/tiago_gazebo:/home/luca/topic-highlight/exam_ws/install/tiago_moveit_config:/home/luca/topic-highlight/exam_ws/install/tiago_bringup:/home/luca/topic-highlight/exam_ws/install/tiago_description:/home/luca/topic-highlight/exam_ws/install/pmb2_description:/home/luca/topic-highlight/exam_ws/install/tiago_controller_configuration:/home/luca/topic-highlight/exam_ws/install/tiago_2dnav:/home/luca/topic-highlight/exam_ws/install/pmb2_controller_configuration:/home/luca/topic-highlight/exam_ws/install/play_motion2:/home/luca/topic-highlight/exam_ws/install/pal_hey5_description:/home/luca/topic-highlight/exam_ws/install/pal_gripper_description:/home/luca/topic-highlight/exam_ws/install/urdf_test:/home/luca/topic-highlight/exam_ws/install/pmb2_maps:/home/luca/topic-highlight/exam_ws/install/play_motion2_msgs:/home/luca/topic-highlight/exam_ws/install/pal_urdf_utils:/home/luca/topic-highlight/exam_ws/install/pal_robotiq_description:/home/luca/topic-highlight/exam_ws/install/pal_robotiq_controller_configuration:/home/luca/topic-highlight/exam_ws/install/pal_hey5_controller_configuration:/home/luca/topic-highlight/exam_ws/install/pal_gripper_controller_configuration:/home/luca/topic-highlight/exam_ws/install/pal_gazebo_worlds:/opt/ros/humble LD_LIBRARY_PATH=/home/luca/topic-highlight/exam_ws/install/play_motion2/lib:/home/luca/topic-highlight/exam_ws/install/play_motion2_msgs/lib:${LD_LIBRARY_PATH} PYTHONPATH=/home/luca/topic-highlight/exam_ws/install/tiago_description/local/lib/python3.10/dist-packages:/home/luca/topic-highlight/exam_ws/install/pmb2_description/local/lib/python3.10/dist-packages:/home/luca/topic-highlight/exam_ws/install/urdf_test/local/lib/python3.10/dist-packages:/home/luca/topic-highlight/exam_ws/install/play_motion2_msgs/local/lib/python3.10/dist-packages:/home/luca/topic-highlight/exam_ws/install/launch_pal/lib/python3.10/site-packages:${PYTHONPATH} /usr/bin/cmake /home/luca/topic-highlight/exam_ws/src/tiago_simulation/tiago_simulation -DCMAKE_INSTALL_PREFIX=/home/luca/topic-highlight/exam_ws/install/tiago_simulation
[29.795s] DEBUG:colcon.colcon_core.event_handler.log_command:Invoked command in '/home/luca/topic-highlight/exam_ws/build/tiago_simulation' returned '0': AMENT_PREFIX_PATH=/home/luca/topic-highlight/exam_ws/install/tiago_gazebo:/home/luca/topic-highlight/exam_ws/install/tiago_moveit_config:/home/luca/topic-highlight/exam_ws/install/tiago_bringup:/home/luca/topic-highlight/exam_ws/install/tiago_description:/home/luca/topic-highlight/exam_ws/install/pmb2_description:/home/luca/topic-highlight/exam_ws/install/tiago_controller_configuration:/home/luca/topic-highlight/exam_ws/install/tiago_2dnav:/home/luca/topic-highlight/exam_ws/install/pmb2_controller_configuration:/home/luca/topic-highlight/exam_ws/install/play_motion2:/home/luca/topic-highlight/exam_ws/install/pal_hey5_description:/home/luca/topic-highlight/exam_ws/install/pal_gripper_description:/home/luca/topic-highlight/exam_ws/install/urdf_test:/home/luca/topic-highlight/exam_ws/install/pmb2_maps:/home/luca/topic-highlight/exam_ws/install/play_motion2_msgs:/home/luca/topic-highlight/exam_ws/install/pal_urdf_utils:/home/luca/topic-highlight/exam_ws/install/pal_robotiq_description:/home/luca/topic-highlight/exam_ws/install/pal_robotiq_controller_configuration:/home/luca/topic-highlight/exam_ws/install/pal_hey5_controller_configuration:/home/luca/topic-highlight/exam_ws/install/pal_gripper_controller_configuration:/home/luca/topic-highlight/exam_ws/install/pal_gazebo_worlds:/home/luca/topic-highlight/exam_ws/install/launch_pal:${AMENT_PREFIX_PATH} CMAKE_PREFIX_PATH=/home/luca/topic-highlight/exam_ws/install/tiago_gazebo:/home/luca/topic-highlight/exam_ws/install/tiago_moveit_config:/home/luca/topic-highlight/exam_ws/install/tiago_bringup:/home/luca/topic-highlight/exam_ws/install/tiago_description:/home/luca/topic-highlight/exam_ws/install/pmb2_description:/home/luca/topic-highlight/exam_ws/install/tiago_controller_configuration:/home/luca/topic-highlight/exam_ws/install/tiago_2dnav:/home/luca/topic-highlight/exam_ws/install/pmb2_controller_configuration:/home/luca/topic-highlight/exam_ws/install/play_motion2:/home/luca/topic-highlight/exam_ws/install/pal_hey5_description:/home/luca/topic-highlight/exam_ws/install/pal_gripper_description:/home/luca/topic-highlight/exam_ws/install/urdf_test:/home/luca/topic-highlight/exam_ws/install/pmb2_maps:/home/luca/topic-highlight/exam_ws/install/play_motion2_msgs:/home/luca/topic-highlight/exam_ws/install/pal_urdf_utils:/home/luca/topic-highlight/exam_ws/install/pal_robotiq_description:/home/luca/topic-highlight/exam_ws/install/pal_robotiq_controller_configuration:/home/luca/topic-highlight/exam_ws/install/pal_hey5_controller_configuration:/home/luca/topic-highlight/exam_ws/install/pal_gripper_controller_configuration:/home/luca/topic-highlight/exam_ws/install/pal_gazebo_worlds:/opt/ros/humble LD_LIBRARY_PATH=/home/luca/topic-highlight/exam_ws/install/play_motion2/lib:/home/luca/topic-highlight/exam_ws/install/play_motion2_msgs/lib:${LD_LIBRARY_PATH} PYTHONPATH=/home/luca/topic-highlight/exam_ws/install/tiago_description/local/lib/python3.10/dist-packages:/home/luca/topic-highlight/exam_ws/install/pmb2_description/local/lib/python3.10/dist-packages:/home/luca/topic-highlight/exam_ws/install/urdf_test/local/lib/python3.10/dist-packages:/home/luca/topic-highlight/exam_ws/install/play_motion2_msgs/local/lib/python3.10/dist-packages:/home/luca/topic-highlight/exam_ws/install/launch_pal/lib/python3.10/site-packages:${PYTHONPATH} /usr/bin/cmake /home/luca/topic-highlight/exam_ws/src/tiago_simulation/tiago_simulation -DCMAKE_INSTALL_PREFIX=/home/luca/topic-highlight/exam_ws/install/tiago_simulation
[29.797s] DEBUG:colcon.colcon_core.event_handler.log_command:Invoking command in '/home/luca/topic-highlight/exam_ws/build/tiago_simulation': AMENT_PREFIX_PATH=/home/luca/topic-highlight/exam_ws/install/tiago_gazebo:/home/luca/topic-highlight/exam_ws/install/tiago_moveit_config:/home/luca/topic-highlight/exam_ws/install/tiago_bringup:/home/luca/topic-highlight/exam_ws/install/tiago_description:/home/luca/topic-highlight/exam_ws/install/pmb2_description:/home/luca/topic-highlight/exam_ws/install/tiago_controller_configuration:/home/luca/topic-highlight/exam_ws/install/tiago_2dnav:/home/luca/topic-highlight/exam_ws/install/pmb2_controller_configuration:/home/luca/topic-highlight/exam_ws/install/play_motion2:/home/luca/topic-highlight/exam_ws/install/pal_hey5_description:/home/luca/topic-highlight/exam_ws/install/pal_gripper_description:/home/luca/topic-highlight/exam_ws/install/urdf_test:/home/luca/topic-highlight/exam_ws/install/pmb2_maps:/home/luca/topic-highlight/exam_ws/install/play_motion2_msgs:/home/luca/topic-highlight/exam_ws/install/pal_urdf_utils:/home/luca/topic-highlight/exam_ws/install/pal_robotiq_description:/home/luca/topic-highlight/exam_ws/install/pal_robotiq_controller_configuration:/home/luca/topic-highlight/exam_ws/install/pal_hey5_controller_configuration:/home/luca/topic-highlight/exam_ws/install/pal_gripper_controller_configuration:/home/luca/topic-highlight/exam_ws/install/pal_gazebo_worlds:/home/luca/topic-highlight/exam_ws/install/launch_pal:${AMENT_PREFIX_PATH} CMAKE_PREFIX_PATH=/home/luca/topic-highlight/exam_ws/install/tiago_gazebo:/home/luca/topic-highlight/exam_ws/install/tiago_moveit_config:/home/luca/topic-highlight/exam_ws/install/tiago_bringup:/home/luca/topic-highlight/exam_ws/install/tiago_description:/home/luca/topic-highlight/exam_ws/install/pmb2_description:/home/luca/topic-highlight/exam_ws/install/tiago_controller_configuration:/home/luca/topic-highlight/exam_ws/install/tiago_2dnav:/home/luca/topic-highlight/exam_ws/install/pmb2_controller_configuration:/home/luca/topic-highlight/exam_ws/install/play_motion2:/home/luca/topic-highlight/exam_ws/install/pal_hey5_description:/home/luca/topic-highlight/exam_ws/install/pal_gripper_description:/home/luca/topic-highlight/exam_ws/install/urdf_test:/home/luca/topic-highlight/exam_ws/install/pmb2_maps:/home/luca/topic-highlight/exam_ws/install/play_motion2_msgs:/home/luca/topic-highlight/exam_ws/install/pal_urdf_utils:/home/luca/topic-highlight/exam_ws/install/pal_robotiq_description:/home/luca/topic-highlight/exam_ws/install/pal_robotiq_controller_configuration:/home/luca/topic-highlight/exam_ws/install/pal_hey5_controller_configuration:/home/luca/topic-highlight/exam_ws/install/pal_gripper_controller_configuration:/home/luca/topic-highlight/exam_ws/install/pal_gazebo_worlds:/opt/ros/humble LD_LIBRARY_PATH=/home/luca/topic-highlight/exam_ws/install/play_motion2/lib:/home/luca/topic-highlight/exam_ws/install/play_motion2_msgs/lib:${LD_LIBRARY_PATH} PYTHONPATH=/home/luca/topic-highlight/exam_ws/install/tiago_description/local/lib/python3.10/dist-packages:/home/luca/topic-highlight/exam_ws/install/pmb2_description/local/lib/python3.10/dist-packages:/home/luca/topic-highlight/exam_ws/install/urdf_test/local/lib/python3.10/dist-packages:/home/luca/topic-highlight/exam_ws/install/play_motion2_msgs/local/lib/python3.10/dist-packages:/home/luca/topic-highlight/exam_ws/install/launch_pal/lib/python3.10/site-packages:${PYTHONPATH} /usr/bin/cmake --build /home/luca/topic-highlight/exam_ws/build/tiago_simulation -- -j20 -l20
[29.822s] DEBUG:colcon.colcon_core.event_handler.log_command:Invoked command in '/home/luca/topic-highlight/exam_ws/build/tiago_simulation' returned '0': AMENT_PREFIX_PATH=/home/luca/topic-highlight/exam_ws/install/tiago_gazebo:/home/luca/topic-highlight/exam_ws/install/tiago_moveit_config:/home/luca/topic-highlight/exam_ws/install/tiago_bringup:/home/luca/topic-highlight/exam_ws/install/tiago_description:/home/luca/topic-highlight/exam_ws/install/pmb2_description:/home/luca/topic-highlight/exam_ws/install/tiago_controller_configuration:/home/luca/topic-highlight/exam_ws/install/tiago_2dnav:/home/luca/topic-highlight/exam_ws/install/pmb2_controller_configuration:/home/luca/topic-highlight/exam_ws/install/play_motion2:/home/luca/topic-highlight/exam_ws/install/pal_hey5_description:/home/luca/topic-highlight/exam_ws/install/pal_gripper_description:/home/luca/topic-highlight/exam_ws/install/urdf_test:/home/luca/topic-highlight/exam_ws/install/pmb2_maps:/home/luca/topic-highlight/exam_ws/install/play_motion2_msgs:/home/luca/topic-highlight/exam_ws/install/pal_urdf_utils:/home/luca/topic-highlight/exam_ws/install/pal_robotiq_description:/home/luca/topic-highlight/exam_ws/install/pal_robotiq_controller_configuration:/home/luca/topic-highlight/exam_ws/install/pal_hey5_controller_configuration:/home/luca/topic-highlight/exam_ws/install/pal_gripper_controller_configuration:/home/luca/topic-highlight/exam_ws/install/pal_gazebo_worlds:/home/luca/topic-highlight/exam_ws/install/launch_pal:${AMENT_PREFIX_PATH} CMAKE_PREFIX_PATH=/home/luca/topic-highlight/exam_ws/install/tiago_gazebo:/home/luca/topic-highlight/exam_ws/install/tiago_moveit_config:/home/luca/topic-highlight/exam_ws/install/tiago_bringup:/home/luca/topic-highlight/exam_ws/install/tiago_description:/home/luca/topic-highlight/exam_ws/install/pmb2_description:/home/luca/topic-highlight/exam_ws/install/tiago_controller_configuration:/home/luca/topic-highlight/exam_ws/install/tiago_2dnav:/home/luca/topic-highlight/exam_ws/install/pmb2_controller_configuration:/home/luca/topic-highlight/exam_ws/install/play_motion2:/home/luca/topic-highlight/exam_ws/install/pal_hey5_description:/home/luca/topic-highlight/exam_ws/install/pal_gripper_description:/home/luca/topic-highlight/exam_ws/install/urdf_test:/home/luca/topic-highlight/exam_ws/install/pmb2_maps:/home/luca/topic-highlight/exam_ws/install/play_motion2_msgs:/home/luca/topic-highlight/exam_ws/install/pal_urdf_utils:/home/luca/topic-highlight/exam_ws/install/pal_robotiq_description:/home/luca/topic-highlight/exam_ws/install/pal_robotiq_controller_configuration:/home/luca/topic-highlight/exam_ws/install/pal_hey5_controller_configuration:/home/luca/topic-highlight/exam_ws/install/pal_gripper_controller_configuration:/home/luca/topic-highlight/exam_ws/install/pal_gazebo_worlds:/opt/ros/humble LD_LIBRARY_PATH=/home/luca/topic-highlight/exam_ws/install/play_motion2/lib:/home/luca/topic-highlight/exam_ws/install/play_motion2_msgs/lib:${LD_LIBRARY_PATH} PYTHONPATH=/home/luca/topic-highlight/exam_ws/install/tiago_description/local/lib/python3.10/dist-packages:/home/luca/topic-highlight/exam_ws/install/pmb2_description/local/lib/python3.10/dist-packages:/home/luca/topic-highlight/exam_ws/install/urdf_test/local/lib/python3.10/dist-packages:/home/luca/topic-highlight/exam_ws/install/play_motion2_msgs/local/lib/python3.10/dist-packages:/home/luca/topic-highlight/exam_ws/install/launch_pal/lib/python3.10/site-packages:${PYTHONPATH} /usr/bin/cmake --build /home/luca/topic-highlight/exam_ws/build/tiago_simulation -- -j20 -l20
[29.823s] DEBUG:colcon.colcon_core.event_handler.log_command:Invoking command in '/home/luca/topic-highlight/exam_ws/build/tiago_simulation': AMENT_PREFIX_PATH=/home/luca/topic-highlight/exam_ws/install/tiago_gazebo:/home/luca/topic-highlight/exam_ws/install/tiago_moveit_config:/home/luca/topic-highlight/exam_ws/install/tiago_bringup:/home/luca/topic-highlight/exam_ws/install/tiago_description:/home/luca/topic-highlight/exam_ws/install/pmb2_description:/home/luca/topic-highlight/exam_ws/install/tiago_controller_configuration:/home/luca/topic-highlight/exam_ws/install/tiago_2dnav:/home/luca/topic-highlight/exam_ws/install/pmb2_controller_configuration:/home/luca/topic-highlight/exam_ws/install/play_motion2:/home/luca/topic-highlight/exam_ws/install/pal_hey5_description:/home/luca/topic-highlight/exam_ws/install/pal_gripper_description:/home/luca/topic-highlight/exam_ws/install/urdf_test:/home/luca/topic-highlight/exam_ws/install/pmb2_maps:/home/luca/topic-highlight/exam_ws/install/play_motion2_msgs:/home/luca/topic-highlight/exam_ws/install/pal_urdf_utils:/home/luca/topic-highlight/exam_ws/install/pal_robotiq_description:/home/luca/topic-highlight/exam_ws/install/pal_robotiq_controller_configuration:/home/luca/topic-highlight/exam_ws/install/pal_hey5_controller_configuration:/home/luca/topic-highlight/exam_ws/install/pal_gripper_controller_configuration:/home/luca/topic-highlight/exam_ws/install/pal_gazebo_worlds:/home/luca/topic-highlight/exam_ws/install/launch_pal:${AMENT_PREFIX_PATH} CMAKE_PREFIX_PATH=/home/luca/topic-highlight/exam_ws/install/tiago_gazebo:/home/luca/topic-highlight/exam_ws/install/tiago_moveit_config:/home/luca/topic-highlight/exam_ws/install/tiago_bringup:/home/luca/topic-highlight/exam_ws/install/tiago_description:/home/luca/topic-highlight/exam_ws/install/pmb2_description:/home/luca/topic-highlight/exam_ws/install/tiago_controller_configuration:/home/luca/topic-highlight/exam_ws/install/tiago_2dnav:/home/luca/topic-highlight/exam_ws/install/pmb2_controller_configuration:/home/luca/topic-highlight/exam_ws/install/play_motion2:/home/luca/topic-highlight/exam_ws/install/pal_hey5_description:/home/luca/topic-highlight/exam_ws/install/pal_gripper_description:/home/luca/topic-highlight/exam_ws/install/urdf_test:/home/luca/topic-highlight/exam_ws/install/pmb2_maps:/home/luca/topic-highlight/exam_ws/install/play_motion2_msgs:/home/luca/topic-highlight/exam_ws/install/pal_urdf_utils:/home/luca/topic-highlight/exam_ws/install/pal_robotiq_description:/home/luca/topic-highlight/exam_ws/install/pal_robotiq_controller_configuration:/home/luca/topic-highlight/exam_ws/install/pal_hey5_controller_configuration:/home/luca/topic-highlight/exam_ws/install/pal_gripper_controller_configuration:/home/luca/topic-highlight/exam_ws/install/pal_gazebo_worlds:/opt/ros/humble LD_LIBRARY_PATH=/home/luca/topic-highlight/exam_ws/install/play_motion2/lib:/home/luca/topic-highlight/exam_ws/install/play_motion2_msgs/lib:${LD_LIBRARY_PATH} PYTHONPATH=/home/luca/topic-highlight/exam_ws/install/tiago_description/local/lib/python3.10/dist-packages:/home/luca/topic-highlight/exam_ws/install/pmb2_description/local/lib/python3.10/dist-packages:/home/luca/topic-highlight/exam_ws/install/urdf_test/local/lib/python3.10/dist-packages:/home/luca/topic-highlight/exam_ws/install/play_motion2_msgs/local/lib/python3.10/dist-packages:/home/luca/topic-highlight/exam_ws/install/launch_pal/lib/python3.10/site-packages:${PYTHONPATH} /usr/bin/cmake --install /home/luca/topic-highlight/exam_ws/build/tiago_simulation
[29.829s] Level 1:colcon.colcon_core.environment:create_environment_scripts_only(tiago_simulation)
[29.829s] Level 1:colcon.colcon_core.environment:checking '/home/luca/topic-highlight/exam_ws/install/tiago_simulation' for CMake module files
[29.830s] DEBUG:colcon.colcon_core.event_handler.log_command:Invoked command in '/home/luca/topic-highlight/exam_ws/build/tiago_simulation' returned '0': AMENT_PREFIX_PATH=/home/luca/topic-highlight/exam_ws/install/tiago_gazebo:/home/luca/topic-highlight/exam_ws/install/tiago_moveit_config:/home/luca/topic-highlight/exam_ws/install/tiago_bringup:/home/luca/topic-highlight/exam_ws/install/tiago_description:/home/luca/topic-highlight/exam_ws/install/pmb2_description:/home/luca/topic-highlight/exam_ws/install/tiago_controller_configuration:/home/luca/topic-highlight/exam_ws/install/tiago_2dnav:/home/luca/topic-highlight/exam_ws/install/pmb2_controller_configuration:/home/luca/topic-highlight/exam_ws/install/play_motion2:/home/luca/topic-highlight/exam_ws/install/pal_hey5_description:/home/luca/topic-highlight/exam_ws/install/pal_gripper_description:/home/luca/topic-highlight/exam_ws/install/urdf_test:/home/luca/topic-highlight/exam_ws/install/pmb2_maps:/home/luca/topic-highlight/exam_ws/install/play_motion2_msgs:/home/luca/topic-highlight/exam_ws/install/pal_urdf_utils:/home/luca/topic-highlight/exam_ws/install/pal_robotiq_description:/home/luca/topic-highlight/exam_ws/install/pal_robotiq_controller_configuration:/home/luca/topic-highlight/exam_ws/install/pal_hey5_controller_configuration:/home/luca/topic-highlight/exam_ws/install/pal_gripper_controller_configuration:/home/luca/topic-highlight/exam_ws/install/pal_gazebo_worlds:/home/luca/topic-highlight/exam_ws/install/launch_pal:${AMENT_PREFIX_PATH} CMAKE_PREFIX_PATH=/home/luca/topic-highlight/exam_ws/install/tiago_gazebo:/home/luca/topic-highlight/exam_ws/install/tiago_moveit_config:/home/luca/topic-highlight/exam_ws/install/tiago_bringup:/home/luca/topic-highlight/exam_ws/install/tiago_description:/home/luca/topic-highlight/exam_ws/install/pmb2_description:/home/luca/topic-highlight/exam_ws/install/tiago_controller_configuration:/home/luca/topic-highlight/exam_ws/install/tiago_2dnav:/home/luca/topic-highlight/exam_ws/install/pmb2_controller_configuration:/home/luca/topic-highlight/exam_ws/install/play_motion2:/home/luca/topic-highlight/exam_ws/install/pal_hey5_description:/home/luca/topic-highlight/exam_ws/install/pal_gripper_description:/home/luca/topic-highlight/exam_ws/install/urdf_test:/home/luca/topic-highlight/exam_ws/install/pmb2_maps:/home/luca/topic-highlight/exam_ws/install/play_motion2_msgs:/home/luca/topic-highlight/exam_ws/install/pal_urdf_utils:/home/luca/topic-highlight/exam_ws/install/pal_robotiq_description:/home/luca/topic-highlight/exam_ws/install/pal_robotiq_controller_configuration:/home/luca/topic-highlight/exam_ws/install/pal_hey5_controller_configuration:/home/luca/topic-highlight/exam_ws/install/pal_gripper_controller_configuration:/home/luca/topic-highlight/exam_ws/install/pal_gazebo_worlds:/opt/ros/humble LD_LIBRARY_PATH=/home/luca/topic-highlight/exam_ws/install/play_motion2/lib:/home/luca/topic-highlight/exam_ws/install/play_motion2_msgs/lib:${LD_LIBRARY_PATH} PYTHONPATH=/home/luca/topic-highlight/exam_ws/install/tiago_description/local/lib/python3.10/dist-packages:/home/luca/topic-highlight/exam_ws/install/pmb2_description/local/lib/python3.10/dist-packages:/home/luca/topic-highlight/exam_ws/install/urdf_test/local/lib/python3.10/dist-packages:/home/luca/topic-highlight/exam_ws/install/play_motion2_msgs/local/lib/python3.10/dist-packages:/home/luca/topic-highlight/exam_ws/install/launch_pal/lib/python3.10/site-packages:${PYTHONPATH} /usr/bin/cmake --install /home/luca/topic-highlight/exam_ws/build/tiago_simulation
[29.830s] Level 1:colcon.colcon_core.environment:checking '/home/luca/topic-highlight/exam_ws/install/tiago_simulation' for CMake config files
[29.830s] Level 1:colcon.colcon_core.shell:create_environment_hook('tiago_simulation', 'cmake_prefix_path')
[29.830s] INFO:colcon.colcon_core.shell:Creating environment hook '/home/luca/topic-highlight/exam_ws/install/tiago_simulation/share/tiago_simulation/hook/cmake_prefix_path.ps1'
[29.831s] INFO:colcon.colcon_core.shell:Creating environment descriptor '/home/luca/topic-highlight/exam_ws/install/tiago_simulation/share/tiago_simulation/hook/cmake_prefix_path.dsv'
[29.831s] INFO:colcon.colcon_core.shell:Creating environment hook '/home/luca/topic-highlight/exam_ws/install/tiago_simulation/share/tiago_simulation/hook/cmake_prefix_path.sh'
[29.831s] Level 1:colcon.colcon_core.environment:checking '/home/luca/topic-highlight/exam_ws/install/tiago_simulation/bin'
[29.831s] Level 1:colcon.colcon_core.environment:checking '/home/luca/topic-highlight/exam_ws/install/tiago_simulation/lib/pkgconfig/tiago_simulation.pc'
[29.831s] Level 1:colcon.colcon_core.environment:checking '/home/luca/topic-highlight/exam_ws/install/tiago_simulation/lib/python3.10/site-packages'
[29.831s] Level 1:colcon.colcon_core.environment:checking '/home/luca/topic-highlight/exam_ws/install/tiago_simulation/bin'
[29.832s] INFO:colcon.colcon_core.shell:Creating package script '/home/luca/topic-highlight/exam_ws/install/tiago_simulation/share/tiago_simulation/package.ps1'
[29.832s] INFO:colcon.colcon_core.shell:Creating package descriptor '/home/luca/topic-highlight/exam_ws/install/tiago_simulation/share/tiago_simulation/package.dsv'
[29.832s] INFO:colcon.colcon_core.shell:Creating package script '/home/luca/topic-highlight/exam_ws/install/tiago_simulation/share/tiago_simulation/package.sh'
[29.832s] INFO:colcon.colcon_core.shell:Creating package script '/home/luca/topic-highlight/exam_ws/install/tiago_simulation/share/tiago_simulation/package.bash'
[29.833s] INFO:colcon.colcon_core.shell:Creating package script '/home/luca/topic-highlight/exam_ws/install/tiago_simulation/share/tiago_simulation/package.zsh'
[29.833s] Level 1:colcon.colcon_core.environment:create_file_with_runtime_dependencies(/home/luca/topic-highlight/exam_ws/install/tiago_simulation/share/colcon-core/packages/tiago_simulation)
[29.833s] Level 1:colcon.colcon_core.environment:create_environment_scripts_only(tiago_simulation)
[29.833s] Level 1:colcon.colcon_core.environment:checking '/home/luca/topic-highlight/exam_ws/install/tiago_simulation' for CMake module files
[29.833s] Level 1:colcon.colcon_core.environment:checking '/home/luca/topic-highlight/exam_ws/install/tiago_simulation' for CMake config files
[29.834s] Level 1:colcon.colcon_core.shell:create_environment_hook('tiago_simulation', 'cmake_prefix_path')
[29.834s] INFO:colcon.colcon_core.shell:Creating environment hook '/home/luca/topic-highlight/exam_ws/install/tiago_simulation/share/tiago_simulation/hook/cmake_prefix_path.ps1'
[29.834s] INFO:colcon.colcon_core.shell:Creating environment descriptor '/home/luca/topic-highlight/exam_ws/install/tiago_simulation/share/tiago_simulation/hook/cmake_prefix_path.dsv'
[29.834s] INFO:colcon.colcon_core.shell:Creating environment hook '/home/luca/topic-highlight/exam_ws/install/tiago_simulation/share/tiago_simulation/hook/cmake_prefix_path.sh'
[29.835s] Level 1:colcon.colcon_core.environment:checking '/home/luca/topic-highlight/exam_ws/install/tiago_simulation/bin'
[29.835s] Level 1:colcon.colcon_core.environment:checking '/home/luca/topic-highlight/exam_ws/install/tiago_simulation/lib/pkgconfig/tiago_simulation.pc'
[29.835s] Level 1:colcon.colcon_core.environment:checking '/home/luca/topic-highlight/exam_ws/install/tiago_simulation/lib/python3.10/site-packages'
[29.835s] Level 1:colcon.colcon_core.environment:checking '/home/luca/topic-highlight/exam_ws/install/tiago_simulation/bin'
[29.835s] INFO:colcon.colcon_core.shell:Creating package script '/home/luca/topic-highlight/exam_ws/install/tiago_simulation/share/tiago_simulation/package.ps1'
[29.835s] INFO:colcon.colcon_core.shell:Creating package descriptor '/home/luca/topic-highlight/exam_ws/install/tiago_simulation/share/tiago_simulation/package.dsv'
[29.836s] INFO:colcon.colcon_core.shell:Creating package script '/home/luca/topic-highlight/exam_ws/install/tiago_simulation/share/tiago_simulation/package.sh'
[29.836s] INFO:colcon.colcon_core.shell:Creating package script '/home/luca/topic-highlight/exam_ws/install/tiago_simulation/share/tiago_simulation/package.bash'
[29.836s] INFO:colcon.colcon_core.shell:Creating package script '/home/luca/topic-highlight/exam_ws/install/tiago_simulation/share/tiago_simulation/package.zsh'
[29.836s] Level 1:colcon.colcon_core.environment:create_file_with_runtime_dependencies(/home/luca/topic-highlight/exam_ws/install/tiago_simulation/share/colcon-core/packages/tiago_simulation)
[29.836s] DEBUG:colcon.colcon_parallel_executor.executor.parallel:closing loop
[29.837s] DEBUG:colcon.colcon_parallel_executor.executor.parallel:loop closed
[29.837s] DEBUG:colcon.colcon_parallel_executor.executor.parallel:run_until_complete finished with '0'
[29.837s] DEBUG:colcon.colcon_core.event_reactor:joining thread
[29.841s] INFO:colcon.colcon_core.plugin_system:Skipping extension 'colcon_notification.desktop_notification.terminal_notifier': Not used on non-Darwin systems
[29.841s] INFO:colcon.colcon_core.plugin_system:Skipping extension 'colcon_notification.desktop_notification.win32': Not used on non-Windows systems
[29.841s] INFO:colcon.colcon_notification.desktop_notification:Sending desktop notification using 'notify2'
[29.850s] DEBUG:colcon.colcon_core.event_reactor:joined thread
[29.850s] INFO:colcon.colcon_core.shell:Creating prefix script '/home/luca/topic-highlight/exam_ws/install/local_setup.ps1'
[29.851s] INFO:colcon.colcon_core.shell:Creating prefix util module '/home/luca/topic-highlight/exam_ws/install/_local_setup_util_ps1.py'
[29.852s] INFO:colcon.colcon_core.shell:Creating prefix chain script '/home/luca/topic-highlight/exam_ws/install/setup.ps1'
[29.852s] INFO:colcon.colcon_core.shell:Creating prefix script '/home/luca/topic-highlight/exam_ws/install/local_setup.sh'
[29.853s] INFO:colcon.colcon_core.shell:Creating prefix util module '/home/luca/topic-highlight/exam_ws/install/_local_setup_util_sh.py'
[29.853s] INFO:colcon.colcon_core.shell:Creating prefix chain script '/home/luca/topic-highlight/exam_ws/install/setup.sh'
[29.854s] INFO:colcon.colcon_core.shell:Creating prefix script '/home/luca/topic-highlight/exam_ws/install/local_setup.bash'
[29.854s] INFO:colcon.colcon_core.shell:Creating prefix chain script '/home/luca/topic-highlight/exam_ws/install/setup.bash'
[29.855s] INFO:colcon.colcon_core.shell:Creating prefix script '/home/luca/topic-highlight/exam_ws/install/local_setup.zsh'
[29.855s] INFO:colcon.colcon_core.shell:Creating prefix chain script '/home/luca/topic-highlight/exam_ws/install/setup.zsh'
